clip_id,subset,label
PAMD-00001,train,negative
PAMD-00002,train,negative
PAMD-00003,train,positive
PAMD-00004,train,positive
PAMD-00005,train,positive
PAMD-00006,train,positive
PAMD-00007,train,positive
PAMD-00008,train,positive
PAMD-00009,train,positive
PAMD-00010,train,positive
PAMD-00011,train,positive
PAMD-00012,train,positive
PAMD-00013,train,positive
PAMD-00014,train,positive
PAMD-00015,train,positive
PAMD-00016,test,positive
PAMD-00017,train,positive
PAMD-00018,train,positive
PAMD-00019,train,positive
PAMD-00020,train,positive
PAMD-00021,train,positive
PAMD-00022,train,positive
PAMD-00023,train,positive
PAMD-00024,train,positive
PAMD-00025,train,positive
PAMD-00026,train,positive
PAMD-00027,train,positive
PAMD-00028,train,positive
PAMD-00029,train,positive
PAMD-00030,train,positive
PAMD-00031,train,positive
PAMD-00032,train,positive
PAMD-00033,train,positive
PAMD-00034,train,positive
PAMD-00035,train,positive
PAMD-00036,train,positive
PAMD-00037,train,positive
PAMD-00038,train,positive
PAMD-00039,train,positive
PAMD-00040,train,positive
PAMD-00041,train,positive
PAMD-00042,train,positive
PAMD-00043,train,positive
PAMD-00044,train,positive
PAMD-00045,train,positive
PAMD-00046,train,positive
PAMD-00047,train,positive
PAMD-00048,train,positive
PAMD-00049,train,positive
PAMD-00050,train,positive
PAMD-00051,train,positive
PAMD-00052,test,positive
PAMD-00053,train,positive
PAMD-00054,train,positive
PAMD-00055,train,positive
PAMD-00056,test,positive
PAMD-00057,train,positive
PAMD-00058,train,positive
PAMD-00059,train,positive
PAMD-00060,train,positive
PAMD-00061,train,positive
PAMD-00062,train,positive
PAMD-00063,train,positive
PAMD-00064,train,positive
PAMD-00065,train,positive
PAMD-00066,train,negative
PAMD-00067,test,positive
PAMD-00068,test,positive
PAMD-00069,train,positive
PAMD-00070,train,positive
PAMD-00071,train,positive
PAMD-00072,train,positive
PAMD-00073,train,positive
PAMD-00074,train,positive
PAMD-00075,train,positive
PAMD-00076,train,positive
PAMD-00077,train,positive
PAMD-00078,train,positive
PAMD-00079,train,positive
PAMD-00080,train,positive
PAMD-00081,train,positive
PAMD-00082,train,positive
PAMD-00083,train,positive
PAMD-00084,test,positive
PAMD-00085,train,positive
PAMD-00086,train,positive
PAMD-00087,train,positive
PAMD-00088,train,positive
PAMD-00089,train,negative
PAMD-00090,train,negative
PAMD-00091,train,negative
PAMD-00092,train,negative
PAMD-00093,train,negative
PAMD-00094,train,negative
PAMD-00095,train,positive
PAMD-00096,train,positive
PAMD-00097,train,positive
PAMD-00098,train,negative
PAMD-00099,train,negative
PAMD-00100,train,negative
PAMD-00101,train,negative
PAMD-00102,train,negative
PAMD-00103,train,negative
PAMD-00104,train,positive
PAMD-00105,train,positive
PAMD-00106,train,positive
PAMD-00107,train,positive
PAMD-00108,train,positive
PAMD-00109,test,positive
PAMD-00110,train,positive
PAMD-00111,train,positive
PAMD-00112,train,positive
PAMD-00113,train,positive
PAMD-00114,train,positive
PAMD-00115,train,positive
PAMD-00116,train,positive
PAMD-00117,train,positive
PAMD-00118,train,positive
PAMD-00119,train,negative
PAMD-00120,test,positive
PAMD-00121,train,positive
PAMD-00122,train,positive
PAMD-00123,train,negative
PAMD-00124,train,positive
PAMD-00125,train,positive
PAMD-00126,train,negative
PAMD-00127,train,negative
PAMD-00128,train,positive
PAMD-00129,train,negative
PAMD-00130,test,negative
PAMD-00131,train,negative
PAMD-00132,train,negative
PAMD-00133,train,positive
PAMD-00134,train,negative
PAMD-00135,test,positive
PAMD-00136,train,negative
PAMD-00137,train,negative
PAMD-00138,train,negative
PAMD-00139,train,negative
PAMD-00140,train,negative
PAMD-00141,train,negative
PAMD-00142,test,positive
PAMD-00143,train,positive
PAMD-00144,train,positive
PAMD-00145,train,positive
PAMD-00146,train,positive
PAMD-00147,train,positive
PAMD-00148,train,negative
PAMD-00149,train,negative
PAMD-00150,train,positive
PAMD-00151,train,negative
PAMD-00152,train,positive
PAMD-00153,train,positive
PAMD-00154,train,negative
PAMD-00155,test,positive
PAMD-00156,train,positive
PAMD-00157,test,positive
PAMD-00158,train,positive
PAMD-00159,train,positive
PAMD-00160,train,negative
PAMD-00161,train,negative
PAMD-00162,train,negative
PAMD-00163,train,negative
PAMD-00164,train,negative
PAMD-00165,train,negative
PAMD-00166,train,negative
PAMD-00167,train,negative
PAMD-00168,train,positive
PAMD-00169,test,positive
PAMD-00170,train,positive
PAMD-00171,train,positive
PAMD-00172,train,positive
PAMD-00173,test,negative
PAMD-00174,train,negative
PAMD-00175,train,positive
PAMD-00176,train,positive
PAMD-00177,test,positive
PAMD-00178,test,positive
PAMD-00179,train,positive
PAMD-00180,train,positive
PAMD-00181,train,positive
PAMD-00182,train,positive
PAMD-00183,train,positive
PAMD-00184,train,positive
PAMD-00185,train,positive
PAMD-00186,train,positive
PAMD-00187,train,positive
PAMD-00188,train,positive
PAMD-00189,train,positive
PAMD-00190,train,positive
PAMD-00191,test,negative
PAMD-00192,train,negative
PAMD-00193,train,negative
PAMD-00194,train,negative
PAMD-00195,train,negative
PAMD-00196,test,negative
PAMD-00197,train,positive
PAMD-00198,test,negative
PAMD-00199,train,negative
PAMD-00200,train,negative
PAMD-00201,train,negative
PAMD-00202,train,negative
PAMD-00203,train,negative
PAMD-00204,train,positive
PAMD-00205,train,positive
PAMD-00206,train,negative
PAMD-00207,train,negative
PAMD-00208,train,negative
PAMD-00209,train,negative
PAMD-00210,train,negative
PAMD-00211,train,negative
PAMD-00212,train,negative
PAMD-00213,train,negative
PAMD-00214,train,negative
PAMD-00215,train,negative
PAMD-00216,train,positive
PAMD-00217,train,positive
PAMD-00218,train,negative
PAMD-00219,train,negative
PAMD-00220,train,negative
PAMD-00221,train,negative
PAMD-00222,train,negative
PAMD-00223,train,negative
PAMD-00224,train,negative
PAMD-00225,train,negative
PAMD-00226,train,negative
PAMD-00227,train,negative
PAMD-00228,train,negative
PAMD-00229,train,negative
PAMD-00230,train,positive
PAMD-00231,train,negative
PAMD-00232,train,negative
PAMD-00233,train,negative
PAMD-00234,train,negative
PAMD-00235,train,negative
PAMD-00236,train,negative
PAMD-00237,train,negative
PAMD-00238,train,negative
PAMD-00239,train,negative
PAMD-00240,train,negative
PAMD-00241,train,positive
PAMD-00242,train,negative
PAMD-00243,test,positive
PAMD-00244,train,negative
PAMD-00245,train,negative
PAMD-00246,train,positive
PAMD-00247,train,negative
PAMD-00248,test,positive
PAMD-00249,train,positive
PAMD-00250,train,positive
PAMD-00251,train,positive
PAMD-00252,train,positive
PAMD-00253,train,positive
PAMD-00254,train,positive
PAMD-00255,train,positive
PAMD-00256,train,positive
PAMD-00257,train,positive
PAMD-00258,train,positive
PAMD-00259,train,positive
PAMD-00260,test,negative
PAMD-00261,train,positive
PAMD-00262,train,positive
PAMD-00263,train,negative
PAMD-00264,train,negative
PAMD-00265,test,positive
PAMD-00266,train,positive
PAMD-00267,test,positive
PAMD-00268,test,positive
PAMD-00269,train,positive
PAMD-00270,train,positive
PAMD-00271,train,positive
PAMD-00272,train,positive
PAMD-00273,train,positive
PAMD-00274,train,positive
PAMD-00275,train,positive
PAMD-00276,test,positive
PAMD-00277,test,positive
PAMD-00278,train,positive
PAMD-00279,train,negative
PAMD-00280,train,negative
PAMD-00281,train,negative
PAMD-00282,train,negative
PAMD-00283,train,positive
PAMD-00284,train,positive
PAMD-00285,train,negative
PAMD-00286,train,negative
PAMD-00287,train,negative
PAMD-00288,train,negative
PAMD-00289,train,negative
PAMD-00290,train,positive
PAMD-00291,train,positive
PAMD-00292,train,positive
PAMD-00293,test,positive
PAMD-00294,train,positive
PAMD-00295,train,positive
PAMD-00296,train,positive
PAMD-00297,test,positive
PAMD-00298,train,positive
PAMD-00299,train,positive
PAMD-00300,train,positive
PAMD-00301,train,positive
PAMD-00302,train,positive
PAMD-00303,train,positive
PAMD-00304,train,positive
PAMD-00305,train,positive
PAMD-00306,train,positive
PAMD-00307,train,positive
PAMD-00308,train,positive
PAMD-00309,train,positive
PAMD-00310,train,positive
PAMD-00311,train,positive
PAMD-00312,train,positive
PAMD-00313,train,positive
PAMD-00314,train,positive
PAMD-00315,train,positive
PAMD-00316,test,positive
PAMD-00317,train,positive
PAMD-00318,train,positive
PAMD-00319,test,positive
PAMD-00320,train,positive
PAMD-00321,train,positive
PAMD-00322,test,positive
PAMD-00323,test,positive
PAMD-00324,train,positive
PAMD-00325,test,positive
PAMD-00326,train,positive
PAMD-00327,train,negative
PAMD-00328,train,negative
PAMD-00329,train,positive
PAMD-00330,train,positive
PAMD-00331,train,positive
PAMD-00332,train,positive
PAMD-00333,train,positive
PAMD-00334,train,positive
PAMD-00335,train,positive
PAMD-00336,train,positive
PAMD-00337,train,positive
PAMD-00338,train,positive
PAMD-00339,train,positive
PAMD-00340,train,positive
PAMD-00341,test,positive
PAMD-00342,train,negative
PAMD-00343,train,positive
PAMD-00344,train,positive
PAMD-00345,train,positive
PAMD-00346,train,negative
PAMD-00347,train,negative
PAMD-00348,test,negative
PAMD-00349,train,negative
PAMD-00350,test,negative
PAMD-00351,train,negative
PAMD-00352,train,negative
PAMD-00353,train,negative
PAMD-00354,train,negative
PAMD-00355,train,negative
PAMD-00356,train,negative
PAMD-00357,train,negative
PAMD-00358,train,negative
PAMD-00359,train,negative
PAMD-00360,train,negative
PAMD-00361,train,negative
PAMD-00362,train,negative
PAMD-00363,train,positive
PAMD-00364,train,positive
PAMD-00365,train,positive
PAMD-00366,train,positive
PAMD-00367,train,negative
PAMD-00368,train,negative
PAMD-00369,train,negative
PAMD-00370,train,negative
PAMD-00371,train,negative
PAMD-00372,train,negative
PAMD-00373,train,negative
PAMD-00374,test,negative
PAMD-00375,train,positive
PAMD-00376,train,positive
PAMD-00377,train,positive
PAMD-00378,train,positive
PAMD-00379,train,positive
PAMD-00380,train,positive
PAMD-00381,train,positive
PAMD-00382,train,positive
PAMD-00383,train,positive
PAMD-00384,train,positive
PAMD-00385,train,positive
PAMD-00386,train,positive
PAMD-00387,train,positive
PAMD-00388,train,positive
PAMD-00389,train,positive
PAMD-00390,train,positive
PAMD-00391,train,positive
PAMD-00392,train,positive
PAMD-00393,test,positive
PAMD-00394,train,positive
PAMD-00395,train,positive
PAMD-00396,train,negative
PAMD-00397,train,negative
PAMD-00398,train,positive
PAMD-00399,test,negative
PAMD-00400,train,negative
PAMD-00401,train,negative
PAMD-00402,train,negative
PAMD-00403,train,positive
PAMD-00404,train,negative
PAMD-00405,train,positive
PAMD-00406,train,positive
PAMD-00407,train,positive
PAMD-00408,train,positive
PAMD-00409,train,positive
PAMD-00410,train,positive
PAMD-00411,train,positive
PAMD-00412,test,positive
PAMD-00413,train,positive
PAMD-00414,train,positive
PAMD-00415,train,positive
PAMD-00416,test,positive
PAMD-00417,train,positive
PAMD-00418,test,positive
PAMD-00419,train,positive
PAMD-00420,train,positive
PAMD-00421,train,positive
PAMD-00422,train,positive
PAMD-00423,train,positive
PAMD-00424,train,negative
PAMD-00425,train,negative
PAMD-00426,train,positive
PAMD-00427,train,positive
PAMD-00428,train,positive
PAMD-00429,train,positive
PAMD-00430,train,positive
PAMD-00431,train,negative
PAMD-00432,train,negative
PAMD-00433,train,negative
PAMD-00434,train,negative
PAMD-00435,train,negative
PAMD-00436,train,negative
PAMD-00437,test,negative
PAMD-00438,train,positive
PAMD-00439,train,positive
PAMD-00440,train,positive
PAMD-00441,test,positive
PAMD-00442,train,positive
PAMD-00443,train,positive
PAMD-00444,train,positive
PAMD-00445,train,positive
PAMD-00446,test,negative
PAMD-00447,train,negative
PAMD-00448,train,positive
PAMD-00449,train,positive
PAMD-00450,train,negative
PAMD-00451,train,negative
PAMD-00452,train,negative
PAMD-00453,train,positive
PAMD-00454,train,negative
PAMD-00455,train,positive
PAMD-00456,train,positive
PAMD-00457,test,positive
PAMD-00458,train,positive
PAMD-00459,train,positive
PAMD-00460,train,negative
PAMD-00461,train,negative
PAMD-00462,train,negative
PAMD-00463,train,negative
PAMD-00464,test,negative
PAMD-00465,train,negative
PAMD-00466,train,negative
PAMD-00467,train,negative
PAMD-00468,train,negative
PAMD-00469,train,negative
PAMD-00470,test,negative
PAMD-00471,train,negative
PAMD-00472,train,negative
PAMD-00473,train,negative
PAMD-00474,train,negative
PAMD-00475,train,negative
PAMD-00476,train,negative
PAMD-00477,train,negative
PAMD-00478,train,negative
PAMD-00479,train,negative
PAMD-00480,train,positive
PAMD-00481,train,negative
PAMD-00482,train,positive
PAMD-00483,train,negative
PAMD-00484,train,negative
PAMD-00485,train,negative
PAMD-00486,train,negative
PAMD-00487,train,negative
PAMD-00488,train,negative
PAMD-00489,test,negative
PAMD-00490,train,negative
PAMD-00491,train,negative
PAMD-00492,train,negative
PAMD-00493,test,negative
PAMD-00494,test,negative
PAMD-00495,train,positive
PAMD-00496,train,positive
PAMD-00497,train,positive
PAMD-00498,train,positive
PAMD-00499,train,positive
PAMD-00500,train,positive
PAMD-00501,train,positive
PAMD-00502,train,negative
PAMD-00503,train,negative
PAMD-00504,train,negative
PAMD-00505,train,negative
PAMD-00506,train,negative
PAMD-00507,train,negative
PAMD-00508,train,positive
PAMD-00509,test,positive
PAMD-00510,train,negative
PAMD-00511,train,negative
PAMD-00512,train,negative
PAMD-00513,train,negative
PAMD-00514,train,positive
PAMD-00515,train,positive
PAMD-00516,train,positive
PAMD-00517,train,negative
PAMD-00518,train,negative
PAMD-00519,train,positive
PAMD-00520,train,positive
PAMD-00521,test,positive
PAMD-00522,train,negative
PAMD-00523,train,negative
PAMD-00524,train,negative
PAMD-00525,train,negative
PAMD-00526,train,negative
PAMD-00527,train,negative
PAMD-00528,train,positive
PAMD-00529,train,positive
PAMD-00530,test,positive
PAMD-00531,train,positive
PAMD-00532,train,negative
PAMD-00533,train,negative
PAMD-00534,test,positive
PAMD-00535,train,positive
PAMD-00536,train,positive
PAMD-00537,train,positive
PAMD-00538,train,negative
PAMD-00539,train,positive
PAMD-00540,train,positive
PAMD-00541,train,negative
PAMD-00542,train,positive
PAMD-00543,train,positive
PAMD-00544,train,positive
PAMD-00545,test,positive
PAMD-00546,train,positive
PAMD-00547,train,positive
PAMD-00548,train,positive
PAMD-00549,train,positive
PAMD-00550,train,positive
PAMD-00551,train,positive
PAMD-00552,train,positive
PAMD-00553,train,positive
PAMD-00554,train,positive
PAMD-00555,train,positive
PAMD-00556,train,positive
PAMD-00557,train,positive
PAMD-00558,train,positive
PAMD-00559,train,positive
PAMD-00560,train,positive
PAMD-00561,train,positive
PAMD-00562,train,positive
PAMD-00563,test,positive
PAMD-00564,train,positive
PAMD-00565,train,positive
PAMD-00566,test,positive
PAMD-00567,train,positive
PAMD-00568,train,positive
PAMD-00569,train,positive
PAMD-00570,train,positive
PAMD-00571,train,positive
PAMD-00572,train,positive
PAMD-00573,train,positive
PAMD-00574,train,positive
PAMD-00575,train,positive
PAMD-00576,test,positive
PAMD-00577,train,positive
PAMD-00578,test,positive
PAMD-00579,train,positive
PAMD-00580,train,positive
PAMD-00581,train,positive
PAMD-00582,train,positive
PAMD-00583,train,positive
PAMD-00584,train,positive
PAMD-00585,train,negative
PAMD-00586,train,negative
PAMD-00587,train,negative
PAMD-00588,train,negative
PAMD-00589,train,negative
PAMD-00590,train,negative
PAMD-00591,test,negative
PAMD-00592,train,negative
PAMD-00593,train,negative
PAMD-00594,test,negative
PAMD-00595,train,negative
PAMD-00596,test,negative
PAMD-00597,test,negative
PAMD-00598,train,negative
PAMD-00599,test,negative
PAMD-00600,train,negative
PAMD-00601,train,negative
PAMD-00602,train,negative
PAMD-00603,train,negative
PAMD-00604,train,negative
PAMD-00605,train,negative
PAMD-00606,train,negative
PAMD-00607,train,negative
PAMD-00608,train,negative
PAMD-00609,train,positive
PAMD-00610,train,negative
PAMD-00611,test,negative
PAMD-00612,train,negative
PAMD-00613,train,negative
PAMD-00614,train,negative
PAMD-00615,train,negative
PAMD-00616,train,negative
PAMD-00617,test,negative
PAMD-00618,train,negative
PAMD-00619,train,negative
PAMD-00620,train,negative
PAMD-00621,train,negative
PAMD-00622,train,negative
PAMD-00623,train,negative
PAMD-00624,train,negative
PAMD-00625,train,negative
PAMD-00626,train,negative
PAMD-00627,train,negative
PAMD-00628,train,positive
PAMD-00629,train,positive
PAMD-00630,train,negative
PAMD-00631,train,negative
PAMD-00632,train,negative
PAMD-00633,train,negative
PAMD-00634,train,negative
PAMD-00635,train,negative
PAMD-00636,test,negative
PAMD-00637,train,negative
PAMD-00638,train,negative
PAMD-00639,train,positive
PAMD-00640,train,positive
PAMD-00641,train,positive
PAMD-00642,train,positive
PAMD-00643,test,positive
PAMD-00644,train,negative
PAMD-00645,train,negative
PAMD-00646,train,negative
PAMD-00647,test,negative
PAMD-00648,train,negative
PAMD-00649,train,negative
PAMD-00650,train,negative
PAMD-00651,train,negative
PAMD-00652,test,negative
PAMD-00653,train,negative
PAMD-00654,train,negative
PAMD-00655,train,negative
PAMD-00656,train,positive
PAMD-00657,train,negative
PAMD-00658,train,negative
PAMD-00659,test,positive
PAMD-00660,train,negative
PAMD-00661,train,negative
PAMD-00662,train,negative
PAMD-00663,train,negative
PAMD-00664,test,negative
PAMD-00665,train,negative
PAMD-00666,train,negative
PAMD-00667,test,negative
PAMD-00668,train,negative
PAMD-00669,train,negative
PAMD-00670,train,negative
PAMD-00671,train,negative
PAMD-00672,train,negative
PAMD-00673,train,negative
PAMD-00674,train,negative
PAMD-00675,train,negative
PAMD-00676,train,negative
PAMD-00677,train,negative
PAMD-00678,test,negative
PAMD-00679,train,negative
PAMD-00680,test,negative
PAMD-00681,train,negative
PAMD-00682,train,negative
PAMD-00683,train,negative
PAMD-00684,train,negative
PAMD-00685,test,negative
PAMD-00686,train,negative
PAMD-00687,train,negative
PAMD-00688,train,negative
PAMD-00689,train,negative
PAMD-00690,train,negative
PAMD-00691,train,negative
PAMD-00692,train,negative
PAMD-00693,train,negative
PAMD-00694,train,negative
PAMD-00695,train,negative
PAMD-00696,train,negative
PAMD-00697,train,negative
PAMD-00698,train,negative
PAMD-00699,train,negative
PAMD-00700,train,negative
PAMD-00701,train,negative
PAMD-00702,train,negative
PAMD-00703,train,negative
PAMD-00704,test,negative
PAMD-00705,train,negative
PAMD-00706,train,negative
PAMD-00707,train,negative
PAMD-00708,train,negative
PAMD-00709,train,negative
PAMD-00710,train,negative
PAMD-00711,train,negative
PAMD-00712,train,negative
PAMD-00713,train,negative
PAMD-00714,train,negative
PAMD-00715,train,negative
PAMD-00716,train,negative
PAMD-00717,train,negative
PAMD-00718,train,negative
PAMD-00719,train,negative
PAMD-00720,train,negative
PAMD-00721,train,negative
PAMD-00722,train,negative
PAMD-00723,train,negative
PAMD-00724,train,negative
PAMD-00725,train,negative
PAMD-00726,train,negative
PAMD-00727,train,negative
PAMD-00728,test,negative
PAMD-00729,train,negative
PAMD-00730,train,negative
PAMD-00731,train,negative
PAMD-00732,train,negative
PAMD-00733,train,negative
PAMD-00734,train,negative
PAMD-00735,train,negative
PAMD-00736,train,negative
PAMD-00737,train,negative
PAMD-00738,train,negative
PAMD-00739,train,negative
PAMD-00740,train,negative
PAMD-00741,train,negative
PAMD-00742,test,negative
PAMD-00743,train,negative
PAMD-00744,train,negative
PAMD-00745,train,negative
PAMD-00746,train,positive
PAMD-00747,train,negative
PAMD-00748,train,negative
PAMD-00749,train,negative
PAMD-00750,train,negative
PAMD-00751,train,negative
PAMD-00752,train,negative
PAMD-00753,train,negative
PAMD-00754,train,negative
PAMD-00755,train,negative
PAMD-00756,train,negative
PAMD-00757,train,negative
PAMD-00758,train,negative
PAMD-00759,train,negative
PAMD-00760,train,negative
PAMD-00761,train,negative
PAMD-00762,test,negative
PAMD-00763,test,negative
PAMD-00764,test,negative
PAMD-00765,train,negative
PAMD-00766,train,negative
PAMD-00767,train,positive
PAMD-00768,train,positive
PAMD-00769,train,positive
PAMD-00770,train,positive
PAMD-00771,train,positive
PAMD-00772,train,positive
PAMD-00773,train,positive
PAMD-00774,test,negative
PAMD-00775,train,negative
PAMD-00776,train,negative
PAMD-00777,train,negative
PAMD-00778,train,negative
PAMD-00779,train,negative
PAMD-00780,train,negative
PAMD-00781,train,negative
PAMD-00782,train,negative
PAMD-00783,train,negative
PAMD-00784,train,negative
PAMD-00785,train,positive
PAMD-00786,train,positive
PAMD-00787,train,negative
PAMD-00788,train,negative
PAMD-00789,train,negative
PAMD-00790,train,negative
PAMD-00791,test,positive
PAMD-00792,train,negative
PAMD-00793,test,negative
PAMD-00794,test,negative
PAMD-00795,train,negative
PAMD-00796,train,negative
PAMD-00797,train,negative
PAMD-00798,test,negative
PAMD-00799,train,negative
PAMD-00800,train,negative
PAMD-00801,test,negative
PAMD-00802,test,negative
PAMD-00803,train,negative
PAMD-00804,train,negative
PAMD-00805,train,negative
PAMD-00806,train,negative
PAMD-00807,test,negative
PAMD-00808,train,negative
PAMD-00809,train,negative
PAMD-00810,train,negative
PAMD-00811,train,positive
PAMD-00812,test,positive
PAMD-00813,train,negative
PAMD-00814,train,negative
PAMD-00815,train,negative
PAMD-00816,train,negative
PAMD-00817,train,negative
PAMD-00818,train,negative
PAMD-00819,test,positive
PAMD-00820,train,positive
PAMD-00821,train,positive
PAMD-00822,train,positive
PAMD-00823,test,positive
PAMD-00824,train,positive
PAMD-00825,train,negative
PAMD-00826,train,positive
PAMD-00827,train,positive
PAMD-00828,train,positive
PAMD-00829,train,positive
PAMD-00830,train,positive
PAMD-00831,train,negative
PAMD-00832,train,negative
PAMD-00833,train,positive
PAMD-00834,train,negative
PAMD-00835,train,negative
PAMD-00836,train,positive
PAMD-00837,train,positive
PAMD-00838,train,positive
PAMD-00839,train,negative
PAMD-00840,train,negative
PAMD-00841,train,negative
PAMD-00842,test,negative
PAMD-00843,train,negative
PAMD-00844,train,positive
PAMD-00845,train,positive
PAMD-00846,train,positive
PAMD-00847,train,positive
PAMD-00848,train,positive
PAMD-00849,train,positive
PAMD-00850,train,positive
PAMD-00851,train,positive
PAMD-00852,train,positive
PAMD-00853,train,positive
PAMD-00854,train,positive
PAMD-00855,train,positive
PAMD-00856,train,positive
PAMD-00857,train,positive
PAMD-00858,train,positive
PAMD-00859,train,positive
PAMD-00860,train,negative
PAMD-00861,train,negative
PAMD-00862,train,negative
PAMD-00863,train,negative
PAMD-00864,train,negative
PAMD-00865,train,negative
PAMD-00866,train,negative
PAMD-00867,train,negative
PAMD-00868,train,negative
PAMD-00869,test,negative
PAMD-00870,train,negative
PAMD-00871,train,negative
PAMD-00872,train,negative
PAMD-00873,train,negative
PAMD-00874,test,negative
PAMD-00875,train,negative
PAMD-00876,test,negative
PAMD-00877,train,negative
PAMD-00878,train,negative
PAMD-00879,train,negative
PAMD-00880,train,negative
PAMD-00881,train,positive
PAMD-00882,train,positive
PAMD-00883,train,positive
PAMD-00884,test,positive
PAMD-00885,train,positive
PAMD-00886,train,negative
PAMD-00887,train,negative
PAMD-00888,train,negative
PAMD-00889,train,positive
PAMD-00890,train,negative
PAMD-00891,train,negative
PAMD-00892,train,negative
PAMD-00893,train,negative
PAMD-00894,train,negative
PAMD-00895,train,negative
PAMD-00896,train,negative
PAMD-00897,train,negative
PAMD-00898,train,negative
PAMD-00899,train,negative
PAMD-00900,train,negative
PAMD-00901,train,negative
PAMD-00902,train,negative
PAMD-00903,train,negative
PAMD-00904,train,negative
PAMD-00905,train,negative
PAMD-00906,train,negative
PAMD-00907,train,positive
PAMD-00908,train,positive
PAMD-00909,train,positive
PAMD-00910,test,negative
PAMD-00911,train,negative
PAMD-00912,test,negative
PAMD-00913,train,negative
PAMD-00914,train,negative
PAMD-00915,train,negative
PAMD-00916,train,negative
PAMD-00917,train,negative
PAMD-00918,train,negative
PAMD-00919,train,negative
PAMD-00920,train,negative
PAMD-00921,train,negative
PAMD-00922,train,positive
PAMD-00923,train,positive
PAMD-00924,train,negative
PAMD-00925,train,negative
PAMD-00926,train,negative
PAMD-00927,train,negative
PAMD-00928,train,negative
PAMD-00929,train,positive
PAMD-00930,train,negative
PAMD-00931,train,negative
PAMD-00932,train,positive
PAMD-00933,train,positive
PAMD-00934,train,positive
PAMD-00935,train,positive
PAMD-00936,train,positive
PAMD-00937,train,positive
PAMD-00938,train,positive
PAMD-00939,test,positive
PAMD-00940,train,negative
PAMD-00941,train,positive
PAMD-00942,train,positive
PAMD-00943,train,positive
PAMD-00944,train,positive
PAMD-00945,test,positive
PAMD-00946,train,positive
PAMD-00947,train,negative
PAMD-00948,train,negative
PAMD-00949,train,negative
PAMD-00950,train,negative
PAMD-00951,train,negative
PAMD-00952,train,positive
PAMD-00953,train,positive
PAMD-00954,train,positive
PAMD-00955,train,positive
PAMD-00956,train,positive
PAMD-00957,train,positive
PAMD-00958,test,negative
PAMD-00959,train,negative
PAMD-00960,train,positive
PAMD-00961,train,positive
PAMD-00962,train,positive
PAMD-00963,train,negative
PAMD-00964,train,positive
PAMD-00965,test,positive
PAMD-00966,train,negative
PAMD-00967,train,negative
PAMD-00968,train,negative
PAMD-00969,train,negative
PAMD-00970,train,negative
PAMD-00971,train,negative
PAMD-00972,train,positive
PAMD-00973,train,negative
PAMD-00974,train,negative
PAMD-00975,train,negative
PAMD-00976,train,negative
PAMD-00977,train,negative
PAMD-00978,test,negative
PAMD-00979,train,negative
PAMD-00980,train,negative
PAMD-00981,train,negative
PAMD-00982,train,negative
PAMD-00983,test,negative
PAMD-00984,train,negative
PAMD-00985,train,negative
PAMD-00986,train,negative
PAMD-00987,train,negative
PAMD-00988,train,negative
PAMD-00989,train,negative
PAMD-00990,train,negative
PAMD-00991,test,negative
PAMD-00992,train,negative
PAMD-00993,train,negative
PAMD-00994,train,negative
PAMD-00995,train,negative
PAMD-00996,train,negative
PAMD-00997,train,negative
PAMD-00998,train,negative
PAMD-00999,train,negative
PAMD-01000,train,negative
PAMD-01001,train,negative
PAMD-01002,train,negative
PAMD-01003,train,negative
PAMD-01004,train,negative
PAMD-01005,train,negative
PAMD-01006,train,negative
PAMD-01007,test,negative
PAMD-01008,train,negative
PAMD-01009,train,negative
PAMD-01010,train,negative
PAMD-01011,train,negative
PAMD-01012,train,negative
PAMD-01013,train,negative
PAMD-01014,train,negative
PAMD-01015,train,negative
PAMD-01016,train,negative
PAMD-01017,train,negative
PAMD-01018,train,negative
PAMD-01019,train,negative
PAMD-01020,train,negative
PAMD-01021,train,negative
PAMD-01022,train,negative
PAMD-01023,train,negative
PAMD-01024,test,negative
PAMD-01025,train,negative
PAMD-01026,train,negative
PAMD-01027,train,negative
PAMD-01028,test,negative
PAMD-01029,train,negative
PAMD-01030,train,negative
PAMD-01031,train,negative
PAMD-01032,train,negative
PAMD-01033,train,negative
PAMD-01034,train,negative
PAMD-01035,train,negative
PAMD-01036,train,negative
PAMD-01037,test,negative
PAMD-01038,train,negative
PAMD-01039,train,negative
PAMD-01040,train,negative
PAMD-01041,train,negative
PAMD-01042,train,negative
PAMD-01043,train,negative
PAMD-01044,train,negative
PAMD-01045,train,negative
PAMD-01046,train,negative
PAMD-01047,train,negative
PAMD-01048,train,negative
PAMD-01049,train,positive
PAMD-01050,train,positive
PAMD-01051,train,negative
PAMD-01052,train,positive
PAMD-01053,train,negative
PAMD-01054,train,negative
PAMD-01055,train,negative
PAMD-01056,test,negative
PAMD-01057,train,negative
PAMD-01058,train,negative
PAMD-01059,train,negative
PAMD-01060,train,negative
PAMD-01061,train,negative
PAMD-01062,train,positive
PAMD-01063,train,negative
PAMD-01064,train,positive
PAMD-01065,train,positive
PAMD-01066,train,negative
PAMD-01067,train,negative
PAMD-01068,train,negative
PAMD-01069,train,negative
PAMD-01070,train,negative
PAMD-01071,test,negative
PAMD-01072,test,negative
PAMD-01073,test,negative
PAMD-01074,test,negative
PAMD-01075,train,negative
PAMD-01076,train,negative
PAMD-01077,train,negative
PAMD-01078,test,negative
PAMD-01079,train,negative
PAMD-01080,train,negative
PAMD-01081,train,negative
PAMD-01082,train,negative
PAMD-01083,train,negative
PAMD-01084,train,negative
PAMD-01085,train,negative
PAMD-01086,train,negative
PAMD-01087,train,negative
PAMD-01088,train,negative
PAMD-01089,test,negative
PAMD-01090,test,negative
PAMD-01091,train,negative
PAMD-01092,train,negative
PAMD-01093,train,negative
PAMD-01094,train,negative
PAMD-01095,train,negative
PAMD-01096,train,negative
PAMD-01097,test,negative
PAMD-01098,train,negative
PAMD-01099,train,negative
PAMD-01100,train,negative
PAMD-01101,train,negative
PAMD-01102,train,negative
PAMD-01103,train,negative
PAMD-01104,train,negative
PAMD-01105,train,negative
PAMD-01106,train,negative
PAMD-01107,train,negative
PAMD-01108,test,negative
PAMD-01109,train,negative
PAMD-01110,train,negative
PAMD-01111,train,negative
PAMD-01112,test,negative
PAMD-01113,test,negative
PAMD-01114,train,negative
PAMD-01115,train,negative
PAMD-01116,train,negative
PAMD-01117,test,negative
PAMD-01118,train,negative
PAMD-01119,train,negative
PAMD-01120,train,negative
PAMD-01121,train,negative
PAMD-01122,train,negative
PAMD-01123,train,negative
PAMD-01124,train,negative
PAMD-01125,test,negative
PAMD-01126,test,negative
PAMD-01127,train,negative
PAMD-01128,train,negative
PAMD-01129,train,negative
PAMD-01130,test,negative
PAMD-01131,train,negative
PAMD-01132,train,negative
PAMD-01133,train,negative
PAMD-01134,train,negative
PAMD-01135,train,negative
PAMD-01136,train,negative
PAMD-01137,test,negative
PAMD-01138,train,negative
PAMD-01139,train,negative
PAMD-01140,train,negative
PAMD-01141,train,negative
PAMD-01142,train,negative
PAMD-01143,train,negative
PAMD-01144,train,negative
PAMD-01145,test,negative
PAMD-01146,train,negative
PAMD-01147,train,negative
PAMD-01148,train,negative
PAMD-01149,train,negative
PAMD-01150,train,negative
PAMD-01151,train,negative
PAMD-01152,train,negative
PAMD-01153,train,negative
PAMD-01154,test,negative
PAMD-01155,train,negative
PAMD-01156,train,negative
PAMD-01157,test,negative
PAMD-01158,train,negative
PAMD-01159,test,negative
PAMD-01160,train,negative
PAMD-01161,train,negative
PAMD-01162,train,negative
PAMD-01163,train,negative
PAMD-01164,train,negative
PAMD-01165,test,negative
PAMD-01166,train,negative
PAMD-01167,train,negative
PAMD-01168,train,negative
PAMD-01169,train,negative
PAMD-01170,train,negative
PAMD-01171,train,negative
PAMD-01172,train,negative
PAMD-01173,train,negative
PAMD-01174,train,negative
PAMD-01175,train,negative
PAMD-01176,train,negative
PAMD-01177,train,negative
PAMD-01178,train,negative
PAMD-01179,train,negative
PAMD-01180,train,negative
PAMD-01181,train,negative
PAMD-01182,train,negative
PAMD-01183,train,negative
PAMD-01184,train,negative
PAMD-01185,train,negative
PAMD-01186,train,negative
PAMD-01187,train,negative
PAMD-01188,train,negative
PAMD-01189,train,negative
PAMD-01190,train,negative
PAMD-01191,train,negative
PAMD-01192,train,negative
PAMD-01193,train,negative
PAMD-01194,train,negative
PAMD-01195,train,negative
PAMD-01196,train,negative
PAMD-01197,train,negative
PAMD-01198,train,negative
PAMD-01199,train,negative
PAMD-01200,train,negative
PAMD-01201,train,negative
PAMD-01202,train,negative
PAMD-01203,train,negative
PAMD-01204,test,negative
PAMD-01205,train,negative
PAMD-01206,train,negative
PAMD-01207,train,negative
PAMD-01208,train,negative
PAMD-01209,train,negative
PAMD-01210,train,negative
PAMD-01211,train,positive
PAMD-01212,test,negative
PAMD-01213,train,negative
PAMD-01214,train,negative
PAMD-01215,train,negative
PAMD-01216,train,negative
PAMD-01217,train,negative
PAMD-01218,train,negative
PAMD-01219,train,negative
PAMD-01220,train,negative
PAMD-01221,train,negative
PAMD-01222,train,negative
PAMD-01223,test,negative
PAMD-01224,train,negative
PAMD-01225,train,negative
PAMD-01226,train,negative
PAMD-01227,train,negative
PAMD-01228,train,negative
PAMD-01229,train,negative
PAMD-01230,test,negative
PAMD-01231,train,negative
PAMD-01232,train,negative
PAMD-01233,train,negative
PAMD-01234,train,negative
PAMD-01235,train,negative
PAMD-01236,train,negative
PAMD-01237,test,negative
PAMD-01238,train,negative
PAMD-01239,train,negative
PAMD-01240,train,negative
PAMD-01241,train,negative
PAMD-01242,train,negative
PAMD-01243,train,negative
PAMD-01244,train,negative
PAMD-01245,train,negative
PAMD-01246,train,negative
PAMD-01247,train,negative
PAMD-01248,train,negative
PAMD-01249,train,negative
PAMD-01250,train,negative
PAMD-01251,train,negative
PAMD-01252,test,negative
PAMD-01253,train,negative
PAMD-01254,train,negative
PAMD-01255,train,negative
PAMD-01256,train,negative
PAMD-01257,train,negative
PAMD-01258,train,negative
PAMD-01259,train,negative
PAMD-01260,train,negative
PAMD-01261,test,negative
PAMD-01262,train,negative
PAMD-01263,train,negative
PAMD-01264,train,negative
PAMD-01265,train,negative
PAMD-01266,train,negative
PAMD-01267,train,negative
PAMD-01268,train,positive
PAMD-01269,train,negative
PAMD-01270,train,negative
PAMD-01271,train,negative
PAMD-01272,train,positive
PAMD-01273,train,negative
PAMD-01274,train,negative
PAMD-01275,train,negative
PAMD-01276,test,negative
PAMD-01277,train,negative
PAMD-01278,train,negative
PAMD-01279,train,negative
PAMD-01280,test,negative
PAMD-01281,train,negative
PAMD-01282,test,negative
PAMD-01283,train,negative
PAMD-01284,train,negative
PAMD-01285,train,negative
PAMD-01286,train,negative
PAMD-01287,train,negative
PAMD-01288,test,negative
PAMD-01289,train,negative
PAMD-01290,train,negative
PAMD-01291,train,negative
PAMD-01292,train,negative
PAMD-01293,train,negative
PAMD-01294,train,negative
PAMD-01295,train,negative
PAMD-01296,train,negative
PAMD-01297,train,negative
PAMD-01298,train,negative
PAMD-01299,train,negative
PAMD-01300,train,negative
PAMD-01301,train,negative
PAMD-01302,train,negative
PAMD-01303,train,negative
PAMD-01304,train,negative
PAMD-01305,train,negative
PAMD-01306,train,negative
PAMD-01307,train,negative
PAMD-01308,train,negative
PAMD-01309,test,negative
PAMD-01310,train,negative
PAMD-01311,train,negative
PAMD-01312,train,negative
PAMD-01313,train,negative
PAMD-01314,test,negative
PAMD-01315,train,negative
PAMD-01316,train,negative
PAMD-01317,train,negative
PAMD-01318,train,negative
PAMD-01319,train,negative
PAMD-01320,train,negative
PAMD-01321,train,negative
PAMD-01322,train,negative
PAMD-01323,test,negative
PAMD-01324,train,negative
PAMD-01325,train,negative
PAMD-01326,train,negative
PAMD-01327,train,negative
PAMD-01328,train,negative
PAMD-01329,train,negative
PAMD-01330,train,negative
PAMD-01331,train,negative
PAMD-01332,train,negative
PAMD-01333,train,negative
PAMD-01334,train,negative
PAMD-01335,train,negative
PAMD-01336,train,negative
PAMD-01337,train,negative
PAMD-01338,train,negative
PAMD-01339,train,negative
PAMD-01340,train,negative
PAMD-01341,train,negative
PAMD-01342,train,negative
PAMD-01343,train,negative
PAMD-01344,train,negative
PAMD-01345,train,negative
PAMD-01346,train,negative
PAMD-01347,train,negative
PAMD-01348,train,negative
PAMD-01349,train,negative
PAMD-01350,test,negative
PAMD-01351,train,negative
PAMD-01352,train,negative
PAMD-01353,train,negative
PAMD-01354,train,negative
PAMD-01355,train,negative
PAMD-01356,train,negative
PAMD-01357,train,negative
PAMD-01358,train,negative
PAMD-01359,train,negative
PAMD-01360,train,negative
PAMD-01361,train,negative
PAMD-01362,train,negative
PAMD-01363,test,negative
PAMD-01364,test,negative
PAMD-01365,train,negative
PAMD-01366,train,negative
PAMD-01367,test,negative
PAMD-01368,train,negative
PAMD-01369,train,negative
PAMD-01370,test,negative
PAMD-01371,train,negative
PAMD-01372,train,negative
PAMD-01373,train,negative
PAMD-01374,train,negative
PAMD-01375,train,negative
PAMD-01376,train,negative
PAMD-01377,train,negative
PAMD-01378,train,negative
PAMD-01379,train,negative
PAMD-01380,train,negative
PAMD-01381,train,negative
PAMD-01382,train,negative
PAMD-01383,test,negative
PAMD-01384,train,negative
PAMD-01385,train,negative
PAMD-01386,train,negative
PAMD-01387,train,negative
PAMD-01388,train,negative
PAMD-01389,train,negative
PAMD-01390,train,negative
PAMD-01391,train,negative
PAMD-01392,train,negative
PAMD-01393,train,negative
PAMD-01394,train,negative
PAMD-01395,train,negative
PAMD-01396,train,negative
PAMD-01397,train,negative
PAMD-01398,train,negative
PAMD-01399,train,negative
PAMD-01400,train,negative
PAMD-01401,train,negative
PAMD-01402,train,negative
PAMD-01403,train,negative
PAMD-01404,train,negative
PAMD-01405,train,negative
PAMD-01406,train,negative
PAMD-01407,train,negative
PAMD-01408,train,negative
PAMD-01409,train,negative
PAMD-01410,train,negative
PAMD-01411,train,negative
PAMD-01412,train,negative
PAMD-01413,test,negative
PAMD-01414,train,negative
PAMD-01415,test,negative
PAMD-01416,train,negative
PAMD-01417,train,negative
PAMD-01418,train,negative
PAMD-01419,train,negative
PAMD-01420,train,negative
PAMD-01421,train,negative
PAMD-01422,train,negative
PAMD-01423,train,negative
PAMD-01424,train,negative
PAMD-01425,train,negative
PAMD-01426,train,negative
PAMD-01427,train,negative
PAMD-01428,train,negative
PAMD-01429,train,negative
PAMD-01430,train,negative
PAMD-01431,train,negative
PAMD-01432,train,negative
PAMD-01433,train,negative
PAMD-01434,train,negative
PAMD-01435,train,negative
PAMD-01436,train,negative
PAMD-01437,train,negative
PAMD-01438,train,negative
PAMD-01439,train,negative
PAMD-01440,train,negative
PAMD-01441,train,negative
PAMD-01442,train,negative
PAMD-01443,test,negative
PAMD-01444,train,negative
PAMD-01445,train,negative
PAMD-01446,train,negative
PAMD-01447,train,negative
PAMD-01448,train,negative
PAMD-01449,train,negative
PAMD-01450,train,negative
PAMD-01451,train,negative
PAMD-01452,train,negative
PAMD-01453,train,negative
PAMD-01454,train,negative
PAMD-01455,train,negative
PAMD-01456,train,negative
PAMD-01457,train,negative
PAMD-01458,train,negative
PAMD-01459,train,negative
PAMD-01460,train,negative
PAMD-01461,train,negative
PAMD-01462,train,negative
PAMD-01463,train,negative
PAMD-01464,train,negative
PAMD-01465,train,negative
PAMD-01466,train,negative
PAMD-01467,train,negative
PAMD-01468,train,negative
PAMD-01469,train,negative
PAMD-01470,train,negative
PAMD-01471,train,negative
PAMD-01472,train,negative
PAMD-01473,train,negative
PAMD-01474,test,negative
PAMD-01475,train,negative
PAMD-01476,train,negative
PAMD-01477,train,negative
PAMD-01478,train,negative
PAMD-01479,train,negative
PAMD-01480,train,negative
PAMD-01481,test,negative
PAMD-01482,train,negative
PAMD-01483,train,negative
PAMD-01484,train,negative
PAMD-01485,train,negative
PAMD-01486,train,negative
PAMD-01487,train,negative
PAMD-01488,train,negative
PAMD-01489,train,negative
PAMD-01490,train,negative
PAMD-01491,train,negative
PAMD-01492,train,negative
PAMD-01493,train,negative
PAMD-01494,train,negative
PAMD-01495,train,negative
PAMD-01496,train,negative
PAMD-01497,train,negative
PAMD-01498,train,negative
PAMD-01499,train,negative
PAMD-01500,train,negative
PAMD-01501,train,negative
PAMD-01502,test,negative
PAMD-01503,train,negative
PAMD-01504,train,negative
PAMD-01505,train,negative
PAMD-01506,train,negative
PAMD-01507,train,negative
PAMD-01508,test,negative
PAMD-01509,test,negative
PAMD-01510,train,negative
PAMD-01511,train,negative
PAMD-01512,train,negative
PAMD-01513,train,negative
PAMD-01514,train,negative
PAMD-01515,train,negative
PAMD-01516,train,negative
PAMD-01517,train,negative
PAMD-01518,train,negative
PAMD-01519,train,negative
PAMD-01520,test,negative
PAMD-01521,train,negative
PAMD-01522,train,negative
PAMD-01523,train,negative
PAMD-01524,train,negative
PAMD-01525,train,negative
PAMD-01526,train,negative
PAMD-01527,train,negative
PAMD-01528,train,negative
PAMD-01529,test,negative
PAMD-01530,train,negative
PAMD-01531,train,negative
PAMD-01532,train,negative
PAMD-01533,train,negative
PAMD-01534,train,negative
PAMD-01535,train,negative
PAMD-01536,train,negative
PAMD-01537,train,negative
PAMD-01538,train,negative
PAMD-01539,train,negative
PAMD-01540,test,negative
PAMD-01541,train,negative
PAMD-01542,train,negative
PAMD-01543,train,negative
PAMD-01544,train,negative
PAMD-01545,train,negative
PAMD-01546,train,negative
PAMD-01547,test,negative
PAMD-01548,test,negative
PAMD-01549,train,negative
PAMD-01550,test,negative
PAMD-01551,train,negative
PAMD-01552,train,negative
PAMD-01553,train,negative
PAMD-01554,test,negative
PAMD-01555,train,negative
PAMD-01556,test,negative
PAMD-01557,test,negative
PAMD-01558,train,negative
PAMD-01559,train,positive
PAMD-01560,train,negative
PAMD-01561,train,negative
PAMD-01562,train,negative
PAMD-01563,train,negative
PAMD-01564,train,negative
PAMD-01565,train,negative
PAMD-01566,train,negative
PAMD-01567,train,negative
PAMD-01568,train,negative
PAMD-01569,train,negative
PAMD-01570,train,negative
PAMD-01571,train,negative
PAMD-01572,train,negative
PAMD-01573,train,negative
PAMD-01574,train,negative
PAMD-01575,train,negative
PAMD-01576,train,negative
PAMD-01577,train,negative
PAMD-01578,train,negative
PAMD-01579,train,negative
PAMD-01580,train,negative
PAMD-01581,train,negative
PAMD-01582,train,negative
PAMD-01583,train,negative
PAMD-01584,train,negative
PAMD-01585,train,negative
PAMD-01586,train,negative
PAMD-01587,train,negative
PAMD-01588,train,negative
PAMD-01589,train,negative
PAMD-01590,train,negative
PAMD-01591,train,negative
PAMD-01592,train,negative
PAMD-01593,train,negative
PAMD-01594,train,negative
PAMD-01595,train,negative
PAMD-01596,train,negative
PAMD-01597,train,negative
PAMD-01598,test,negative
PAMD-01599,train,negative
PAMD-01600,train,negative
PAMD-01601,train,negative
PAMD-01602,train,negative
PAMD-01603,train,negative
PAMD-01604,train,negative
PAMD-01605,train,negative
PAMD-01606,train,negative
PAMD-01607,test,negative
PAMD-01608,train,negative
PAMD-01609,train,negative
PAMD-01610,train,negative
PAMD-01611,train,negative
PAMD-01612,train,negative
PAMD-01613,train,negative
PAMD-01614,train,negative
PAMD-01615,train,negative
PAMD-01616,test,negative
PAMD-01617,train,positive
PAMD-01618,test,positive
PAMD-01619,train,negative
PAMD-01620,train,negative
PAMD-01621,train,negative
PAMD-01622,train,negative
PAMD-01623,train,negative
PAMD-01624,train,negative
PAMD-01625,train,positive
PAMD-01626,train,positive
PAMD-01627,train,positive
PAMD-01628,train,positive
PAMD-01629,train,negative
PAMD-01630,train,negative
PAMD-01631,train,negative
PAMD-01632,train,negative
PAMD-01633,train,negative
PAMD-01634,train,negative
PAMD-01635,train,negative
PAMD-01636,train,negative
PAMD-01637,test,negative
PAMD-01638,train,negative
PAMD-01639,train,negative
PAMD-01640,train,negative
PAMD-01641,train,negative
PAMD-01642,train,negative
PAMD-01643,train,negative
PAMD-01644,train,negative
PAMD-01645,test,negative
PAMD-01646,train,negative
PAMD-01647,test,negative
PAMD-01648,train,negative
PAMD-01649,train,negative
PAMD-01650,train,negative
PAMD-01651,train,negative
PAMD-01652,train,negative
PAMD-01653,train,negative
PAMD-01654,train,negative
PAMD-01655,train,negative
PAMD-01656,test,negative
PAMD-01657,train,negative
PAMD-01658,train,negative
PAMD-01659,test,negative
PAMD-01660,train,negative
PAMD-01661,train,negative
PAMD-01662,train,negative
PAMD-01663,train,negative
PAMD-01664,train,negative
PAMD-01665,train,negative
PAMD-01666,train,negative
PAMD-01667,train,negative
PAMD-01668,train,negative
PAMD-01669,train,negative
PAMD-01670,train,negative
PAMD-01671,train,negative
PAMD-01672,train,negative
PAMD-01673,train,negative
PAMD-01674,train,negative
PAMD-01675,train,negative
PAMD-01676,train,negative
PAMD-01677,test,negative
PAMD-01678,train,negative
PAMD-01679,train,negative
PAMD-01680,train,negative
PAMD-01681,train,negative
PAMD-01682,train,negative
PAMD-01683,train,negative
PAMD-01684,train,negative
PAMD-01685,train,negative
PAMD-01686,train,negative
PAMD-01687,train,negative
PAMD-01688,train,negative
PAMD-01689,train,negative
PAMD-01690,train,positive
PAMD-01691,train,negative
PAMD-01692,train,positive
PAMD-01693,train,positive
PAMD-01694,train,negative
PAMD-01695,train,positive
PAMD-01696,train,positive
PAMD-01697,train,positive
PAMD-01698,train,positive
PAMD-01699,test,negative
PAMD-01700,train,negative
PAMD-01701,train,negative
PAMD-01702,train,negative
PAMD-01703,train,negative
PAMD-01704,train,positive
PAMD-01705,train,positive
PAMD-01706,train,positive
PAMD-01707,train,positive
PAMD-01708,train,positive
PAMD-01709,train,positive
PAMD-01710,train,positive
PAMD-01711,train,positive
PAMD-01712,train,positive
PAMD-01713,train,positive
PAMD-01714,train,negative
PAMD-01715,train,negative
PAMD-01716,train,negative
PAMD-01717,train,negative
PAMD-01718,train,negative
PAMD-01719,train,negative
PAMD-01720,test,negative
PAMD-01721,train,negative
PAMD-01722,train,negative
PAMD-01723,train,negative
PAMD-01724,test,negative
PAMD-01725,train,negative
PAMD-01726,train,positive
PAMD-01727,train,positive
PAMD-01728,train,positive
PAMD-01729,train,negative
PAMD-01730,train,negative
PAMD-01731,test,negative
PAMD-01732,train,negative
PAMD-01733,train,negative
PAMD-01734,test,negative
PAMD-01735,train,positive
PAMD-01736,train,negative
PAMD-01737,test,positive
PAMD-01738,train,negative
PAMD-01739,train,negative
PAMD-01740,train,negative
PAMD-01741,train,negative
PAMD-01742,train,negative
PAMD-01743,train,negative
PAMD-01744,test,negative
PAMD-01745,train,positive
PAMD-01746,train,positive
PAMD-01747,train,negative
PAMD-01748,train,positive
PAMD-01749,train,negative
PAMD-01750,train,negative
PAMD-01751,train,negative
PAMD-01752,train,negative
PAMD-01753,test,negative
PAMD-01754,train,negative
PAMD-01755,train,negative
PAMD-01756,train,negative
PAMD-01757,train,negative
PAMD-01758,train,negative
PAMD-01759,train,negative
PAMD-01760,train,negative
PAMD-01761,train,negative
PAMD-01762,train,negative
PAMD-01763,train,negative
PAMD-01764,train,negative
PAMD-01765,train,negative
PAMD-01766,train,negative
PAMD-01767,train,negative
PAMD-01768,train,negative
PAMD-01769,train,negative
PAMD-01770,test,negative
PAMD-01771,train,negative
PAMD-01772,train,negative
PAMD-01773,train,negative
PAMD-01774,train,negative
PAMD-01775,train,negative
PAMD-01776,train,negative
PAMD-01777,train,negative
PAMD-01778,train,negative
PAMD-01779,test,negative
PAMD-01780,train,negative
PAMD-01781,train,negative
PAMD-01782,train,negative
PAMD-01783,train,negative
PAMD-01784,train,negative
PAMD-01785,train,negative
PAMD-01786,train,negative
PAMD-01787,train,positive
PAMD-01788,train,positive
PAMD-01789,train,positive
PAMD-01790,train,positive
PAMD-01791,train,positive
PAMD-01792,train,positive
PAMD-01793,train,positive
PAMD-01794,train,positive
PAMD-01795,train,negative
PAMD-01796,train,negative
PAMD-01797,train,negative
PAMD-01798,test,negative
PAMD-01799,train,negative
PAMD-01800,train,negative
PAMD-01801,train,negative
PAMD-01802,train,negative
PAMD-01803,train,negative
PAMD-01804,train,negative
PAMD-01805,train,negative
PAMD-01806,train,negative
PAMD-01807,train,negative
PAMD-01808,train,negative
PAMD-01809,train,negative
PAMD-01810,train,negative
PAMD-01811,train,negative
PAMD-01812,train,negative
PAMD-01813,test,negative
PAMD-01814,train,negative
PAMD-01815,train,negative
PAMD-01816,train,negative
PAMD-01817,test,negative
PAMD-01818,train,negative
PAMD-01819,train,negative
PAMD-01820,train,negative
PAMD-01821,train,negative
PAMD-01822,train,negative
PAMD-01823,train,negative
PAMD-01824,train,negative
PAMD-01825,train,negative
PAMD-01826,train,negative
PAMD-01827,train,negative
PAMD-01828,train,negative
PAMD-01829,test,negative
PAMD-01830,train,negative
PAMD-01831,train,negative
PAMD-01832,train,negative
PAMD-01833,train,negative
PAMD-01834,train,negative
PAMD-01835,train,negative
PAMD-01836,train,negative
PAMD-01837,train,negative
PAMD-01838,train,negative
PAMD-01839,train,negative
PAMD-01840,test,negative
PAMD-01841,train,negative
PAMD-01842,train,negative
PAMD-01843,train,negative
PAMD-01844,test,negative
PAMD-01845,test,negative
PAMD-01846,train,negative
PAMD-01847,train,negative
PAMD-01848,train,negative
PAMD-01849,train,negative
PAMD-01850,train,negative
PAMD-01851,train,negative
PAMD-01852,train,negative
PAMD-01853,train,negative
PAMD-01854,train,negative
PAMD-01855,train,negative
PAMD-01856,train,positive
PAMD-01857,test,positive
PAMD-01858,train,positive
PAMD-01859,train,positive
PAMD-01860,train,positive
PAMD-01861,train,positive
PAMD-01862,train,positive
PAMD-01863,train,positive
PAMD-01864,test,positive
PAMD-01865,train,negative
PAMD-01866,train,negative
PAMD-01867,train,negative
PAMD-01868,train,negative
PAMD-01869,train,negative
PAMD-01870,train,negative
PAMD-01871,train,negative
PAMD-01872,train,negative
PAMD-01873,train,negative
PAMD-01874,train,negative
PAMD-01875,train,negative
PAMD-01876,train,negative
PAMD-01877,train,negative
PAMD-01878,train,negative
PAMD-01879,train,negative
PAMD-01880,train,negative
PAMD-01881,train,negative
PAMD-01882,train,negative
PAMD-01883,train,negative
PAMD-01884,train,negative
PAMD-01885,train,negative
PAMD-01886,train,negative
PAMD-01887,train,negative
PAMD-01888,train,negative
PAMD-01889,train,negative
PAMD-01890,train,negative
PAMD-01891,train,negative
PAMD-01892,train,negative
PAMD-01893,train,negative
PAMD-01894,train,negative
PAMD-01895,train,negative
PAMD-01896,train,negative
PAMD-01897,train,negative
PAMD-01898,train,negative
PAMD-01899,test,negative
PAMD-01900,train,negative
PAMD-01901,train,negative
PAMD-01902,train,negative
PAMD-01903,train,negative
PAMD-01904,train,negative
PAMD-01905,train,negative
PAMD-01906,train,negative
PAMD-01907,train,negative
PAMD-01908,train,negative
PAMD-01909,train,negative
PAMD-01910,train,negative
PAMD-01911,test,negative
PAMD-01912,test,negative
PAMD-01913,train,negative
PAMD-01914,train,negative
PAMD-01915,train,negative
PAMD-01916,train,negative
PAMD-01917,train,negative
PAMD-01918,test,negative
PAMD-01919,train,negative
PAMD-01920,train,negative
PAMD-01921,train,negative
PAMD-01922,train,negative
PAMD-01923,train,negative
PAMD-01924,train,negative
PAMD-01925,train,negative
PAMD-01926,train,negative
PAMD-01927,train,negative
PAMD-01928,train,negative
PAMD-01929,train,negative
PAMD-01930,train,negative
PAMD-01931,train,negative
PAMD-01932,train,negative
PAMD-01933,train,negative
PAMD-01934,train,negative
PAMD-01935,train,negative
PAMD-01936,train,negative
PAMD-01937,train,positive
PAMD-01938,train,positive
PAMD-01939,train,negative
PAMD-01940,train,negative
PAMD-01941,train,negative
PAMD-01942,train,negative
PAMD-01943,train,negative
PAMD-01944,train,negative
PAMD-01945,train,negative
PAMD-01946,train,negative
PAMD-01947,train,negative
PAMD-01948,train,negative
PAMD-01949,train,negative
PAMD-01950,train,positive
PAMD-01951,test,positive
PAMD-01952,train,positive
PAMD-01953,train,positive
PAMD-01954,train,positive
PAMD-01955,train,positive
PAMD-01956,train,positive
PAMD-01957,test,positive
PAMD-01958,train,positive
PAMD-01959,train,negative
PAMD-01960,train,negative
PAMD-01961,train,negative
PAMD-01962,train,negative
PAMD-01963,train,negative
PAMD-01964,train,negative
PAMD-01965,train,negative
PAMD-01966,train,negative
PAMD-01967,train,negative
PAMD-01968,train,negative
PAMD-01969,train,negative
PAMD-01970,train,negative
PAMD-01971,train,negative
PAMD-01972,test,negative
PAMD-01973,train,negative
PAMD-01974,train,positive
PAMD-01975,train,positive
PAMD-01976,train,negative
PAMD-01977,test,negative
PAMD-01978,train,negative
PAMD-01979,train,negative
PAMD-01980,train,positive
PAMD-01981,train,positive
PAMD-01982,train,positive
PAMD-01983,train,positive
PAMD-01984,train,positive
PAMD-01985,train,positive
PAMD-01986,train,positive
PAMD-01987,train,positive
PAMD-01988,train,negative
PAMD-01989,train,negative
PAMD-01990,train,negative
PAMD-01991,train,negative
PAMD-01992,train,negative
PAMD-01993,test,negative
PAMD-01994,train,negative
PAMD-01995,train,negative
PAMD-01996,train,negative
PAMD-01997,train,negative
PAMD-01998,train,negative
PAMD-01999,train,negative
PAMD-02000,train,negative
PAMD-02001,train,negative
PAMD-02002,test,negative
PAMD-02003,train,negative
PAMD-02004,train,negative
PAMD-02005,train,negative
PAMD-02006,train,negative
PAMD-02007,train,negative
PAMD-02008,train,negative
PAMD-02009,train,negative
PAMD-02010,train,negative
PAMD-02011,train,negative
PAMD-02012,train,negative
PAMD-02013,train,negative
PAMD-02014,train,negative
PAMD-02015,test,negative
PAMD-02016,train,negative
PAMD-02017,train,negative
PAMD-02018,train,negative
PAMD-02019,train,negative
PAMD-02020,train,negative
PAMD-02021,test,negative
PAMD-02022,train,negative
PAMD-02023,train,negative
PAMD-02024,train,negative
PAMD-02025,train,negative
PAMD-02026,train,negative
PAMD-02027,train,negative
PAMD-02028,train,negative
PAMD-02029,train,negative
PAMD-02030,train,negative
PAMD-02031,train,negative
PAMD-02032,train,negative
PAMD-02033,test,negative
PAMD-02034,train,negative
PAMD-02035,train,negative
PAMD-02036,train,negative
PAMD-02037,train,negative
PAMD-02038,train,negative
PAMD-02039,train,negative
PAMD-02040,test,negative
PAMD-02041,test,negative
PAMD-02042,train,negative
PAMD-02043,train,negative
PAMD-02044,test,negative
PAMD-02045,train,negative
PAMD-02046,train,negative
PAMD-02047,train,negative
PAMD-02048,train,negative
PAMD-02049,train,negative
PAMD-02050,test,negative
PAMD-02051,train,negative
PAMD-02052,train,negative
PAMD-02053,train,negative
PAMD-02054,train,negative
PAMD-02055,train,negative
PAMD-02056,test,negative
PAMD-02057,train,negative
PAMD-02058,test,negative
PAMD-02059,train,negative
PAMD-02060,train,negative
PAMD-02061,train,negative
PAMD-02062,train,negative
PAMD-02063,train,negative
PAMD-02064,test,negative
PAMD-02065,train,negative
PAMD-02066,train,negative
PAMD-02067,train,negative
PAMD-02068,train,negative
PAMD-02069,train,negative
PAMD-02070,train,negative
PAMD-02071,train,negative
PAMD-02072,train,negative
PAMD-02073,train,negative
PAMD-02074,train,negative
PAMD-02075,train,negative
PAMD-02076,train,negative
PAMD-02077,train,negative
PAMD-02078,train,negative
PAMD-02079,train,negative
PAMD-02080,train,negative
PAMD-02081,train,negative
PAMD-02082,train,negative
PAMD-02083,train,negative
PAMD-02084,train,negative
PAMD-02085,test,negative
PAMD-02086,train,negative
PAMD-02087,train,positive
PAMD-02088,train,positive
PAMD-02089,train,positive
PAMD-02090,train,positive
PAMD-02091,train,positive
PAMD-02092,train,positive
PAMD-02093,train,positive
PAMD-02094,train,positive
PAMD-02095,test,positive
PAMD-02096,train,positive
PAMD-02097,train,positive
PAMD-02098,train,positive
PAMD-02099,train,positive
PAMD-02100,train,positive
PAMD-02101,train,positive
PAMD-02102,train,positive
PAMD-02103,train,positive
PAMD-02104,train,positive
PAMD-02105,train,negative
PAMD-02106,train,positive
PAMD-02107,train,positive
PAMD-02108,train,positive
PAMD-02109,train,positive
PAMD-02110,train,positive
PAMD-02111,test,negative
PAMD-02112,train,negative
PAMD-02113,train,negative
PAMD-02114,train,negative
PAMD-02115,test,negative
PAMD-02116,train,negative
PAMD-02117,train,negative
PAMD-02118,train,negative
PAMD-02119,train,negative
PAMD-02120,train,negative
PAMD-02121,train,negative
PAMD-02122,train,negative
PAMD-02123,train,positive
PAMD-02124,train,positive
PAMD-02125,train,positive
PAMD-02126,train,negative
PAMD-02127,train,negative
PAMD-02128,train,negative
PAMD-02129,train,negative
PAMD-02130,train,negative
PAMD-02131,train,negative
PAMD-02132,train,positive
PAMD-02133,train,positive
PAMD-02134,train,negative
PAMD-02135,train,negative
PAMD-02136,train,negative
PAMD-02137,train,negative
PAMD-02138,train,negative
PAMD-02139,train,negative
PAMD-02140,train,negative
PAMD-02141,train,negative
PAMD-02142,train,negative
PAMD-02143,train,negative
PAMD-02144,train,negative
PAMD-02145,train,negative
PAMD-02146,train,negative
PAMD-02147,train,negative
PAMD-02148,train,negative
PAMD-02149,train,negative
PAMD-02150,train,negative
PAMD-02151,train,negative
PAMD-02152,train,negative
PAMD-02153,train,negative
PAMD-02154,train,negative
PAMD-02155,train,negative
PAMD-02156,train,negative
PAMD-02157,train,negative
PAMD-02158,train,negative
PAMD-02159,train,negative
PAMD-02160,train,negative
PAMD-02161,train,negative
PAMD-02162,train,positive
PAMD-02163,train,negative
PAMD-02164,train,negative
PAMD-02165,train,negative
PAMD-02166,train,negative
PAMD-02167,train,negative
PAMD-02168,train,negative
PAMD-02169,test,negative
PAMD-02170,test,negative
PAMD-02171,train,negative
PAMD-02172,train,negative
PAMD-02173,train,negative
PAMD-02174,train,negative
PAMD-02175,test,negative
PAMD-02176,train,negative
PAMD-02177,train,negative
PAMD-02178,train,negative
PAMD-02179,train,negative
PAMD-02180,test,negative
PAMD-02181,train,negative
PAMD-02182,train,negative
PAMD-02183,train,negative
PAMD-02184,train,negative
PAMD-02185,test,negative
PAMD-02186,train,negative
PAMD-02187,train,negative
PAMD-02188,train,negative
PAMD-02189,train,negative
PAMD-02190,train,negative
PAMD-02191,train,negative
PAMD-02192,train,negative
PAMD-02193,train,negative
PAMD-02194,train,negative
PAMD-02195,train,negative
PAMD-02196,test,negative
PAMD-02197,train,negative
PAMD-02198,test,negative
PAMD-02199,train,negative
PAMD-02200,train,negative
PAMD-02201,test,negative
PAMD-02202,train,negative
PAMD-02203,train,negative
PAMD-02204,train,negative
PAMD-02205,train,negative
PAMD-02206,train,negative
PAMD-02207,train,negative
PAMD-02208,train,negative
PAMD-02209,train,negative
PAMD-02210,test,negative
PAMD-02211,train,negative
PAMD-02212,train,negative
PAMD-02213,train,negative
PAMD-02214,train,negative
PAMD-02215,train,negative
PAMD-02216,train,negative
PAMD-02217,train,negative
PAMD-02218,train,negative
PAMD-02219,train,negative
PAMD-02220,train,negative
PAMD-02221,train,negative
PAMD-02222,train,negative
PAMD-02223,train,negative
PAMD-02224,train,negative
PAMD-02225,test,negative
PAMD-02226,train,negative
PAMD-02227,train,negative
PAMD-02228,train,negative
PAMD-02229,train,negative
PAMD-02230,test,negative
PAMD-02231,train,negative
PAMD-02232,train,negative
PAMD-02233,test,negative
PAMD-02234,train,negative
PAMD-02235,train,negative
PAMD-02236,test,negative
PAMD-02237,train,negative
PAMD-02238,train,negative
PAMD-02239,train,negative
PAMD-02240,train,negative
PAMD-02241,train,negative
PAMD-02242,train,negative
PAMD-02243,test,negative
PAMD-02244,train,negative
PAMD-02245,train,negative
PAMD-02246,train,negative
PAMD-02247,train,negative
PAMD-02248,train,negative
PAMD-02249,train,negative
PAMD-02250,train,negative
PAMD-02251,train,negative
PAMD-02252,train,negative
PAMD-02253,test,negative
PAMD-02254,train,negative
PAMD-02255,train,negative
PAMD-02256,train,negative
PAMD-02257,train,negative
PAMD-02258,train,negative
PAMD-02259,train,negative
PAMD-02260,train,negative
PAMD-02261,train,negative
PAMD-02262,train,negative
PAMD-02263,train,negative
PAMD-02264,train,negative
PAMD-02265,train,negative
PAMD-02266,train,negative
PAMD-02267,train,negative
PAMD-02268,train,negative
PAMD-02269,train,negative
PAMD-02270,train,negative
PAMD-02271,train,negative
PAMD-02272,train,negative
PAMD-02273,train,negative
PAMD-02274,test,negative
PAMD-02275,train,negative
PAMD-02276,train,negative
PAMD-02277,train,negative
PAMD-02278,train,negative
PAMD-02279,train,negative
PAMD-02280,train,negative
PAMD-02281,train,negative
PAMD-02282,train,negative
PAMD-02283,train,negative
PAMD-02284,train,negative
PAMD-02285,train,negative
PAMD-02286,test,negative
PAMD-02287,train,negative
PAMD-02288,train,negative
PAMD-02289,train,negative
PAMD-02290,train,negative
PAMD-02291,train,negative
PAMD-02292,train,positive
PAMD-02293,train,negative
PAMD-02294,train,negative
PAMD-02295,train,negative
PAMD-02296,train,negative
PAMD-02297,test,negative
PAMD-02298,train,positive
PAMD-02299,train,positive
PAMD-02300,train,positive
PAMD-02301,train,positive
PAMD-02302,train,positive
PAMD-02303,train,positive
PAMD-02304,train,positive
PAMD-02305,train,positive
PAMD-02306,train,positive
PAMD-02307,train,positive
PAMD-02308,train,positive
PAMD-02309,train,positive
PAMD-02310,test,negative
PAMD-02311,train,positive
PAMD-02312,train,positive
PAMD-02313,train,positive
PAMD-02314,train,positive
PAMD-02315,train,positive
PAMD-02316,train,positive
PAMD-02317,train,positive
PAMD-02318,train,positive
PAMD-02319,train,positive
PAMD-02320,train,positive
PAMD-02321,train,positive
PAMD-02322,train,negative
PAMD-02323,train,positive
PAMD-02324,train,positive
PAMD-02325,train,positive
PAMD-02326,train,positive
PAMD-02327,train,negative
PAMD-02328,train,negative
PAMD-02329,train,positive
PAMD-02330,train,positive
PAMD-02331,train,positive
PAMD-02332,train,positive
PAMD-02333,train,positive
PAMD-02334,train,positive
PAMD-02335,train,positive
PAMD-02336,train,positive
PAMD-02337,train,positive
PAMD-02338,train,positive
PAMD-02339,train,positive
PAMD-02340,train,positive
PAMD-02341,train,positive
PAMD-02342,train,positive
PAMD-02343,train,positive
PAMD-02344,train,positive
PAMD-02345,train,positive
PAMD-02346,train,positive
PAMD-02347,train,positive
PAMD-02348,train,negative
PAMD-02349,train,positive
PAMD-02350,train,negative
PAMD-02351,train,positive
PAMD-02352,train,positive
PAMD-02353,train,positive
PAMD-02354,train,positive
PAMD-02355,train,positive
PAMD-02356,train,positive
PAMD-02357,train,positive
PAMD-02358,train,positive
PAMD-02359,train,positive
PAMD-02360,train,positive
PAMD-02361,train,negative
PAMD-02362,train,negative
PAMD-02363,train,negative
PAMD-02364,train,negative
PAMD-02365,train,negative
PAMD-02366,train,negative
PAMD-02367,train,negative
PAMD-02368,train,negative
PAMD-02369,train,negative
PAMD-02370,train,negative
PAMD-02371,train,negative
PAMD-02372,test,negative
PAMD-02373,train,negative
PAMD-02374,train,negative
PAMD-02375,test,negative
PAMD-02376,train,negative
PAMD-02377,train,negative
PAMD-02378,train,negative
PAMD-02379,train,negative
PAMD-02380,train,positive
PAMD-02381,train,positive
PAMD-02382,test,positive
PAMD-02383,train,positive
PAMD-02384,train,negative
PAMD-02385,train,negative
PAMD-02386,train,positive
PAMD-02387,train,positive
PAMD-02388,train,positive
PAMD-02389,train,positive
PAMD-02390,train,positive
PAMD-02391,train,positive
PAMD-02392,train,negative
PAMD-02393,train,negative
PAMD-02394,test,negative
PAMD-02395,train,positive
PAMD-02396,train,positive
PAMD-02397,train,positive
PAMD-02398,train,negative
PAMD-02399,train,negative
PAMD-02400,train,positive
PAMD-02401,train,positive
PAMD-02402,train,negative
PAMD-02403,train,positive
PAMD-02404,train,positive
PAMD-02405,train,positive
PAMD-02406,train,positive
PAMD-02407,train,positive
PAMD-02408,train,positive
PAMD-02409,train,positive
PAMD-02410,train,negative
PAMD-02411,train,negative
PAMD-02412,train,negative
PAMD-02413,train,negative
PAMD-02414,train,negative
PAMD-02415,test,negative
PAMD-02416,train,positive
PAMD-02417,train,negative
PAMD-02418,train,negative
PAMD-02419,train,negative
PAMD-02420,train,positive
PAMD-02421,train,positive
PAMD-02422,train,negative
PAMD-02423,train,negative
PAMD-02424,train,negative
PAMD-02425,train,negative
PAMD-02426,train,positive
PAMD-02427,train,negative
PAMD-02428,train,negative
PAMD-02429,train,positive
PAMD-02430,train,negative
PAMD-02431,train,negative
PAMD-02432,train,negative
PAMD-02433,train,negative
PAMD-02434,train,negative
PAMD-02435,train,negative
PAMD-02436,train,positive
PAMD-02437,test,positive
PAMD-02438,train,positive
PAMD-02439,train,positive
PAMD-02440,train,positive
PAMD-02441,test,positive
PAMD-02442,train,positive
PAMD-02443,train,positive
PAMD-02444,train,positive
PAMD-02445,train,positive
PAMD-02446,train,negative
PAMD-02447,train,negative
PAMD-02448,train,negative
PAMD-02449,train,negative
PAMD-02450,train,positive
PAMD-02451,train,positive
PAMD-02452,train,negative
PAMD-02453,train,negative
PAMD-02454,test,negative
PAMD-02455,train,positive
PAMD-02456,train,positive
PAMD-02457,train,negative
PAMD-02458,train,positive
PAMD-02459,train,positive
PAMD-02460,train,positive
PAMD-02461,train,positive
PAMD-02462,train,positive
PAMD-02463,train,positive
PAMD-02464,train,negative
PAMD-02465,train,negative
PAMD-02466,train,negative
PAMD-02467,train,positive
PAMD-02468,train,positive
PAMD-02469,train,positive
PAMD-02470,train,positive
PAMD-02471,train,positive
PAMD-02472,train,positive
PAMD-02473,train,positive
PAMD-02474,train,negative
PAMD-02475,train,positive
PAMD-02476,train,positive
PAMD-02477,train,positive
PAMD-02478,train,negative
PAMD-02479,train,negative
PAMD-02480,train,positive
PAMD-02481,train,positive
PAMD-02482,test,positive
PAMD-02483,test,negative
PAMD-02484,train,positive
PAMD-02485,train,positive
PAMD-02486,train,positive
PAMD-02487,train,positive
PAMD-02488,train,positive
PAMD-02489,train,positive
PAMD-02490,train,positive
PAMD-02491,test,positive
PAMD-02492,train,negative
PAMD-02493,train,negative
PAMD-02494,train,positive
PAMD-02495,train,positive
PAMD-02496,train,positive
PAMD-02497,train,positive
PAMD-02498,train,positive
PAMD-02499,train,positive
PAMD-02500,train,positive
PAMD-02501,train,positive
PAMD-02502,train,positive
PAMD-02503,train,positive
PAMD-02504,train,positive
PAMD-02505,train,positive
PAMD-02506,train,positive
PAMD-02507,train,positive
PAMD-02508,train,positive
PAMD-02509,test,negative
PAMD-02510,train,negative
PAMD-02511,train,positive
PAMD-02512,train,positive
PAMD-02513,train,positive
PAMD-02514,train,positive
PAMD-02515,train,positive
PAMD-02516,train,positive
PAMD-02517,train,positive
PAMD-02518,train,positive
PAMD-02519,train,positive
PAMD-02520,train,negative
PAMD-02521,train,negative
PAMD-02522,train,positive
PAMD-02523,train,positive
PAMD-02524,train,positive
PAMD-02525,train,negative
PAMD-02526,train,positive
PAMD-02527,train,positive
PAMD-02528,test,positive
PAMD-02529,test,positive
PAMD-02530,train,positive
PAMD-02531,test,negative
PAMD-02532,train,negative
PAMD-02533,train,positive
PAMD-02534,test,positive
PAMD-02535,train,positive
PAMD-02536,train,negative
PAMD-02537,train,positive
PAMD-02538,train,positive
PAMD-02539,train,positive
PAMD-02540,train,positive
PAMD-02541,train,negative
PAMD-02542,train,negative
PAMD-02543,train,positive
PAMD-02544,train,positive
PAMD-02545,train,positive
PAMD-02546,train,negative
PAMD-02547,train,positive
PAMD-02548,train,positive
PAMD-02549,train,positive
PAMD-02550,test,positive
PAMD-02551,train,positive
PAMD-02552,train,positive
PAMD-02553,train,positive
PAMD-02554,train,positive
PAMD-02555,train,positive
PAMD-02556,train,positive
PAMD-02557,train,positive
PAMD-02558,train,positive
PAMD-02559,train,positive
PAMD-02560,train,positive
PAMD-02561,train,positive
PAMD-02562,train,negative
PAMD-02563,train,negative
PAMD-02564,train,negative
PAMD-02565,train,negative
PAMD-02566,train,negative
PAMD-02567,train,negative
PAMD-02568,train,negative
PAMD-02569,train,negative
PAMD-02570,train,negative
PAMD-02571,train,negative
PAMD-02572,train,negative
PAMD-02573,train,negative
PAMD-02574,train,negative
PAMD-02575,train,negative
PAMD-02576,train,negative
PAMD-02577,train,negative
PAMD-02578,train,negative
PAMD-02579,train,negative
PAMD-02580,train,negative
PAMD-02581,train,negative
PAMD-02582,train,negative
PAMD-02583,train,positive
PAMD-02584,train,positive
PAMD-02585,train,positive
PAMD-02586,train,negative
PAMD-02587,train,negative
PAMD-02588,train,negative
PAMD-02589,test,negative
PAMD-02590,train,negative
PAMD-02591,train,negative
PAMD-02592,train,negative
PAMD-02593,train,negative
PAMD-02594,train,positive
PAMD-02595,train,positive
PAMD-02596,train,negative
PAMD-02597,train,negative
PAMD-02598,train,negative
PAMD-02599,test,negative
PAMD-02600,test,negative
PAMD-02601,train,negative
PAMD-02602,train,negative
PAMD-02603,train,negative
PAMD-02604,train,negative
PAMD-02605,train,negative
PAMD-02606,test,negative
PAMD-02607,test,negative
PAMD-02608,train,negative
PAMD-02609,test,negative
PAMD-02610,train,negative
PAMD-02611,train,negative
PAMD-02612,train,negative
PAMD-02613,train,negative
PAMD-02614,train,negative
PAMD-02615,train,negative
PAMD-02616,train,negative
PAMD-02617,train,negative
PAMD-02618,train,negative
PAMD-02619,train,negative
PAMD-02620,train,negative
PAMD-02621,train,positive
PAMD-02622,train,negative
PAMD-02623,train,negative
PAMD-02624,train,negative
PAMD-02625,train,negative
PAMD-02626,train,negative
PAMD-02627,train,negative
PAMD-02628,train,negative
PAMD-02629,test,negative
PAMD-02630,train,negative
PAMD-02631,train,negative
PAMD-02632,train,negative
PAMD-02633,test,negative
PAMD-02634,train,negative
PAMD-02635,train,negative
PAMD-02636,train,negative
PAMD-02637,train,negative
PAMD-02638,train,negative
PAMD-02639,train,negative
PAMD-02640,train,negative
PAMD-02641,train,negative
PAMD-02642,train,negative
PAMD-02643,train,negative
PAMD-02644,train,negative
PAMD-02645,train,negative
PAMD-02646,train,negative
PAMD-02647,train,negative
PAMD-02648,train,negative
PAMD-02649,train,negative
PAMD-02650,train,negative
PAMD-02651,train,negative
PAMD-02652,train,negative
PAMD-02653,test,negative
PAMD-02654,train,negative
PAMD-02655,train,negative
PAMD-02656,train,negative
PAMD-02657,train,negative
PAMD-02658,train,negative
PAMD-02659,train,negative
PAMD-02660,test,positive
PAMD-02661,train,negative
PAMD-02662,train,negative
PAMD-02663,train,negative
PAMD-02664,train,negative
PAMD-02665,train,negative
PAMD-02666,train,negative
PAMD-02667,train,negative
PAMD-02668,train,negative
PAMD-02669,train,negative
PAMD-02670,train,negative
PAMD-02671,train,negative
PAMD-02672,train,negative
PAMD-02673,train,negative
PAMD-02674,train,negative
PAMD-02675,train,negative
PAMD-02676,train,negative
PAMD-02677,train,negative
PAMD-02678,test,negative
PAMD-02679,train,negative
PAMD-02680,train,negative
PAMD-02681,train,negative
PAMD-02682,train,negative
PAMD-02683,train,negative
PAMD-02684,train,negative
PAMD-02685,train,negative
PAMD-02686,test,negative
PAMD-02687,train,negative
PAMD-02688,train,negative
PAMD-02689,train,negative
PAMD-02690,train,negative
PAMD-02691,train,negative
PAMD-02692,train,negative
PAMD-02693,train,negative
PAMD-02694,train,negative
PAMD-02695,train,negative
PAMD-02696,train,negative
PAMD-02697,test,negative
PAMD-02698,train,negative
PAMD-02699,test,negative
PAMD-02700,train,negative
PAMD-02701,train,negative
PAMD-02702,train,negative
PAMD-02703,train,negative
PAMD-02704,train,negative
PAMD-02705,train,negative
PAMD-02706,train,negative
PAMD-02707,train,negative
PAMD-02708,train,negative
PAMD-02709,train,negative
PAMD-02710,train,negative
PAMD-02711,train,negative
PAMD-02712,train,negative
PAMD-02713,train,negative
PAMD-02714,train,negative
PAMD-02715,train,negative
PAMD-02716,train,negative
PAMD-02717,train,negative
PAMD-02718,train,negative
PAMD-02719,train,negative
PAMD-02720,train,negative
PAMD-02721,train,negative
PAMD-02722,train,negative
PAMD-02723,train,negative
PAMD-02724,train,negative
PAMD-02725,train,negative
PAMD-02726,train,negative
PAMD-02727,train,negative
PAMD-02728,train,negative
PAMD-02729,train,negative
PAMD-02730,train,negative
PAMD-02731,test,negative
PAMD-02732,train,negative
PAMD-02733,train,negative
PAMD-02734,train,negative
PAMD-02735,train,negative
PAMD-02736,train,negative
PAMD-02737,train,negative
PAMD-02738,train,negative
PAMD-02739,train,negative
PAMD-02740,train,negative
PAMD-02741,train,negative
PAMD-02742,train,negative
PAMD-02743,train,negative
PAMD-02744,test,negative
PAMD-02745,train,negative
PAMD-02746,train,negative
PAMD-02747,train,negative
PAMD-02748,test,negative
PAMD-02749,train,negative
PAMD-02750,train,negative
PAMD-02751,train,negative
PAMD-02752,test,negative
PAMD-02753,train,negative
PAMD-02754,train,negative
PAMD-02755,train,negative
PAMD-02756,train,negative
PAMD-02757,train,negative
PAMD-02758,test,negative
PAMD-02759,train,negative
PAMD-02760,train,negative
PAMD-02761,test,negative
PAMD-02762,train,negative
PAMD-02763,train,negative
PAMD-02764,train,negative
PAMD-02765,train,negative
PAMD-02766,train,negative
PAMD-02767,train,negative
PAMD-02768,train,negative
PAMD-02769,train,negative
PAMD-02770,train,negative
PAMD-02771,train,negative
PAMD-02772,train,negative
PAMD-02773,train,negative
PAMD-02774,train,negative
PAMD-02775,train,negative
PAMD-02776,train,negative
PAMD-02777,train,negative
PAMD-02778,train,negative
PAMD-02779,train,negative
PAMD-02780,train,negative
PAMD-02781,train,negative
PAMD-02782,train,negative
PAMD-02783,train,negative
PAMD-02784,train,negative
PAMD-02785,train,negative
PAMD-02786,train,negative
PAMD-02787,train,negative
PAMD-02788,train,negative
PAMD-02789,train,negative
PAMD-02790,train,negative
PAMD-02791,train,negative
PAMD-02792,train,negative
PAMD-02793,train,negative
PAMD-02794,train,negative
PAMD-02795,train,negative
PAMD-02796,train,negative
PAMD-02797,train,negative
PAMD-02798,train,negative
PAMD-02799,train,negative
PAMD-02800,train,negative
PAMD-02801,train,negative
PAMD-02802,test,negative
PAMD-02803,train,negative
PAMD-02804,train,negative
PAMD-02805,train,negative
PAMD-02806,train,negative
PAMD-02807,train,negative
PAMD-02808,train,negative
PAMD-02809,train,negative
PAMD-02810,train,negative
PAMD-02811,train,negative
PAMD-02812,train,negative
PAMD-02813,train,negative
PAMD-02814,train,negative
PAMD-02815,train,negative
PAMD-02816,train,negative
PAMD-02817,train,negative
PAMD-02818,train,negative
PAMD-02819,train,negative
PAMD-02820,train,negative
PAMD-02821,train,negative
PAMD-02822,train,negative
PAMD-02823,train,negative
PAMD-02824,train,negative
PAMD-02825,train,negative
PAMD-02826,train,negative
PAMD-02827,test,negative
PAMD-02828,train,negative
PAMD-02829,train,positive
PAMD-02830,train,positive
PAMD-02831,train,positive
PAMD-02832,train,negative
PAMD-02833,train,negative
PAMD-02834,test,negative
PAMD-02835,train,negative
PAMD-02836,train,negative
PAMD-02837,train,negative
PAMD-02838,train,negative
PAMD-02839,train,negative
PAMD-02840,train,negative
PAMD-02841,train,negative
PAMD-02842,train,negative
PAMD-02843,train,negative
PAMD-02844,train,negative
PAMD-02845,train,negative
PAMD-02846,train,negative
PAMD-02847,train,negative
PAMD-02848,train,negative
PAMD-02849,train,negative
PAMD-02850,train,negative
PAMD-02851,train,negative
PAMD-02852,train,negative
PAMD-02853,train,negative
PAMD-02854,train,negative
PAMD-02855,train,negative
PAMD-02856,test,negative
PAMD-02857,train,negative
PAMD-02858,train,negative
PAMD-02859,test,negative
PAMD-02860,train,negative
PAMD-02861,train,negative
PAMD-02862,train,negative
PAMD-02863,test,negative
PAMD-02864,train,negative
PAMD-02865,train,negative
PAMD-02866,train,negative
PAMD-02867,train,negative
PAMD-02868,train,negative
PAMD-02869,test,negative
PAMD-02870,train,negative
PAMD-02871,train,negative
PAMD-02872,train,negative
PAMD-02873,train,negative
PAMD-02874,train,negative
PAMD-02875,train,negative
PAMD-02876,train,negative
PAMD-02877,test,negative
PAMD-02878,train,negative
PAMD-02879,train,negative
PAMD-02880,train,negative
PAMD-02881,train,negative
PAMD-02882,train,negative
PAMD-02883,train,negative
PAMD-02884,train,negative
PAMD-02885,train,negative
PAMD-02886,train,negative
PAMD-02887,train,negative
PAMD-02888,train,negative
PAMD-02889,train,negative
PAMD-02890,train,negative
PAMD-02891,train,negative
PAMD-02892,train,negative
PAMD-02893,train,negative
PAMD-02894,train,negative
PAMD-02895,train,negative
PAMD-02896,test,negative
PAMD-02897,train,negative
PAMD-02898,train,positive
PAMD-02899,train,positive
PAMD-02900,test,positive
PAMD-02901,train,negative
PAMD-02902,train,negative
PAMD-02903,train,negative
PAMD-02904,test,negative
PAMD-02905,train,negative
PAMD-02906,train,negative
PAMD-02907,train,negative
PAMD-02908,train,negative
PAMD-02909,train,negative
PAMD-02910,train,negative
PAMD-02911,train,negative
PAMD-02912,train,negative
PAMD-02913,train,negative
PAMD-02914,train,negative
PAMD-02915,train,negative
PAMD-02916,train,negative
PAMD-02917,train,negative
PAMD-02918,test,negative
PAMD-02919,train,negative
PAMD-02920,train,negative
PAMD-02921,test,negative
PAMD-02922,train,negative
PAMD-02923,train,negative
PAMD-02924,train,negative
PAMD-02925,train,negative
PAMD-02926,train,positive
PAMD-02927,train,negative
PAMD-02928,train,negative
PAMD-02929,train,negative
PAMD-02930,train,negative
PAMD-02931,train,negative
PAMD-02932,train,negative
PAMD-02933,train,negative
PAMD-02934,train,negative
PAMD-02935,train,negative
PAMD-02936,train,positive
PAMD-02937,test,positive
PAMD-02938,train,negative
PAMD-02939,train,negative
PAMD-02940,train,negative
PAMD-02941,train,negative
PAMD-02942,train,negative
PAMD-02943,train,negative
PAMD-02944,train,negative
PAMD-02945,train,negative
PAMD-02946,train,negative
PAMD-02947,train,negative
PAMD-02948,train,negative
PAMD-02949,train,negative
PAMD-02950,train,negative
PAMD-02951,train,negative
PAMD-02952,train,negative
PAMD-02953,train,negative
PAMD-02954,test,negative
PAMD-02955,train,negative
PAMD-02956,train,negative
PAMD-02957,train,negative
PAMD-02958,train,negative
PAMD-02959,train,negative
PAMD-02960,train,negative
PAMD-02961,train,negative
PAMD-02962,train,negative
PAMD-02963,train,negative
PAMD-02964,train,negative
PAMD-02965,train,negative
PAMD-02966,train,negative
PAMD-02967,test,negative
PAMD-02968,train,negative
PAMD-02969,train,negative
PAMD-02970,train,negative
PAMD-02971,train,negative
PAMD-02972,train,negative
PAMD-02973,train,negative
PAMD-02974,test,negative
PAMD-02975,train,negative
PAMD-02976,train,positive
PAMD-02977,train,positive
PAMD-02978,test,positive
PAMD-02979,train,positive
PAMD-02980,train,negative
PAMD-02981,train,negative
PAMD-02982,train,negative
PAMD-02983,train,negative
PAMD-02984,train,negative
PAMD-02985,train,negative
PAMD-02986,train,negative
PAMD-02987,train,negative
PAMD-02988,train,negative
PAMD-02989,train,negative
PAMD-02990,train,negative
PAMD-02991,train,negative
PAMD-02992,test,negative
PAMD-02993,train,negative
PAMD-02994,train,negative
PAMD-02995,train,negative
PAMD-02996,train,negative
PAMD-02997,train,negative
PAMD-02998,train,negative
PAMD-02999,test,negative
PAMD-03000,train,negative
PAMD-03001,train,negative
PAMD-03002,train,negative
PAMD-03003,train,negative
PAMD-03004,test,negative
PAMD-03005,train,negative
PAMD-03006,train,negative
PAMD-03007,train,negative
PAMD-03008,train,negative
PAMD-03009,test,negative
PAMD-03010,train,negative
PAMD-03011,train,negative
PAMD-03012,test,negative
PAMD-03013,train,negative
PAMD-03014,train,negative
PAMD-03015,train,negative
PAMD-03016,train,negative
PAMD-03017,train,negative
PAMD-03018,train,negative
PAMD-03019,train,negative
PAMD-03020,train,negative
PAMD-03021,train,positive
PAMD-03022,train,negative
PAMD-03023,train,positive
PAMD-03024,train,positive
PAMD-03025,test,negative
PAMD-03026,train,negative
PAMD-03027,train,negative
PAMD-03028,train,negative
PAMD-03029,train,negative
PAMD-03030,train,negative
PAMD-03031,train,negative
PAMD-03032,train,negative
PAMD-03033,train,positive
PAMD-03034,train,positive
PAMD-03035,train,positive
PAMD-03036,train,negative
PAMD-03037,train,negative
PAMD-03038,train,negative
PAMD-03039,train,negative
PAMD-03040,train,positive
PAMD-03041,train,negative
PAMD-03042,train,positive
PAMD-03043,train,negative
PAMD-03044,train,negative
PAMD-03045,train,negative
PAMD-03046,train,negative
PAMD-03047,train,negative
PAMD-03048,train,negative
PAMD-03049,train,negative
PAMD-03050,train,positive
PAMD-03051,train,positive
PAMD-03052,test,positive
PAMD-03053,train,positive
PAMD-03054,train,positive
PAMD-03055,train,positive
PAMD-03056,train,positive
PAMD-03057,train,positive
PAMD-03058,train,positive
PAMD-03059,train,positive
PAMD-03060,train,negative
PAMD-03061,train,positive
PAMD-03062,train,positive
PAMD-03063,train,positive
PAMD-03064,train,positive
PAMD-03065,test,positive
PAMD-03066,train,positive
PAMD-03067,train,positive
PAMD-03068,test,positive
PAMD-03069,train,positive
PAMD-03070,train,positive
PAMD-03071,train,positive
PAMD-03072,train,positive
PAMD-03073,train,negative
PAMD-03074,test,positive
PAMD-03075,train,positive
PAMD-03076,train,positive
PAMD-03077,train,negative
PAMD-03078,train,positive
PAMD-03079,train,positive
PAMD-03080,train,positive
PAMD-03081,train,positive
PAMD-03082,train,positive
PAMD-03083,train,positive
PAMD-03084,train,positive
PAMD-03085,train,positive
PAMD-03086,train,positive
PAMD-03087,train,negative
PAMD-03088,train,negative
PAMD-03089,test,positive
PAMD-03090,train,negative
PAMD-03091,train,negative
PAMD-03092,train,negative
PAMD-03093,train,negative
PAMD-03094,train,positive
PAMD-03095,train,positive
PAMD-03096,train,positive
PAMD-03097,train,positive
PAMD-03098,train,positive
PAMD-03099,train,positive
PAMD-03100,train,positive
PAMD-03101,train,positive
PAMD-03102,train,positive
PAMD-03103,train,positive
PAMD-03104,train,positive
PAMD-03105,train,positive
PAMD-03106,train,positive
PAMD-03107,train,positive
PAMD-03108,train,positive
PAMD-03109,train,positive
PAMD-03110,train,positive
PAMD-03111,train,negative
PAMD-03112,train,negative
PAMD-03113,train,negative
PAMD-03114,train,positive
PAMD-03115,train,positive
PAMD-03116,test,positive
PAMD-03117,test,positive
PAMD-03118,train,positive
PAMD-03119,train,negative
PAMD-03120,train,positive
PAMD-03121,train,positive
PAMD-03122,train,negative
PAMD-03123,test,negative
PAMD-03124,train,negative
PAMD-03125,train,negative
PAMD-03126,test,negative
PAMD-03127,train,negative
PAMD-03128,test,negative
PAMD-03129,train,positive
PAMD-03130,train,positive
PAMD-03131,train,positive
PAMD-03132,train,negative
PAMD-03133,train,positive
PAMD-03134,train,positive
PAMD-03135,train,negative
PAMD-03136,train,negative
PAMD-03137,test,negative
PAMD-03138,train,positive
PAMD-03139,test,positive
PAMD-03140,train,positive
PAMD-03141,train,negative
PAMD-03142,train,positive
PAMD-03143,test,positive
PAMD-03144,train,positive
PAMD-03145,train,positive
PAMD-03146,train,positive
PAMD-03147,train,negative
PAMD-03148,train,negative
PAMD-03149,train,positive
PAMD-03150,train,positive
PAMD-03151,train,positive
PAMD-03152,train,positive
PAMD-03153,train,positive
PAMD-03154,train,positive
PAMD-03155,train,positive
PAMD-03156,train,positive
PAMD-03157,train,positive
PAMD-03158,train,positive
PAMD-03159,train,negative
PAMD-03160,train,negative
PAMD-03161,train,negative
PAMD-03162,train,negative
PAMD-03163,train,negative
PAMD-03164,train,negative
PAMD-03165,train,negative
PAMD-03166,train,positive
PAMD-03167,train,positive
PAMD-03168,test,negative
PAMD-03169,train,negative
PAMD-03170,train,negative
PAMD-03171,train,negative
PAMD-03172,train,positive
PAMD-03173,train,positive
PAMD-03174,train,negative
PAMD-03175,train,negative
PAMD-03176,train,negative
PAMD-03177,train,positive
PAMD-03178,train,positive
PAMD-03179,train,positive
PAMD-03180,train,positive
PAMD-03181,train,positive
PAMD-03182,train,positive
PAMD-03183,train,negative
PAMD-03184,train,negative
PAMD-03185,test,positive
PAMD-03186,train,negative
PAMD-03187,train,positive
PAMD-03188,train,positive
PAMD-03189,test,positive
PAMD-03190,train,positive
PAMD-03191,train,positive
PAMD-03192,train,positive
PAMD-03193,test,negative
PAMD-03194,train,negative
PAMD-03195,train,negative
PAMD-03196,test,negative
PAMD-03197,train,positive
PAMD-03198,train,positive
PAMD-03199,train,negative
PAMD-03200,train,positive
PAMD-03201,train,negative
PAMD-03202,train,positive
PAMD-03203,test,positive
PAMD-03204,test,positive
PAMD-03205,train,negative
PAMD-03206,train,negative
PAMD-03207,train,negative
PAMD-03208,train,negative
PAMD-03209,train,negative
PAMD-03210,train,negative
PAMD-03211,train,negative
PAMD-03212,train,negative
PAMD-03213,train,negative
PAMD-03214,train,negative
PAMD-03215,train,negative
PAMD-03216,train,negative
PAMD-03217,train,negative
PAMD-03218,train,negative
PAMD-03219,train,negative
PAMD-03220,train,negative
PAMD-03221,train,positive
PAMD-03222,train,positive
PAMD-03223,train,positive
PAMD-03224,train,positive
PAMD-03225,train,negative
PAMD-03226,train,negative
PAMD-03227,train,negative
PAMD-03228,train,negative
PAMD-03229,test,negative
PAMD-03230,train,negative
PAMD-03231,train,negative
PAMD-03232,train,negative
PAMD-03233,train,negative
PAMD-03234,train,positive
PAMD-03235,train,positive
PAMD-03236,train,positive
PAMD-03237,train,positive
PAMD-03238,train,positive
PAMD-03239,train,positive
PAMD-03240,train,positive
PAMD-03241,train,positive
PAMD-03242,train,negative
PAMD-03243,train,positive
PAMD-03244,train,positive
PAMD-03245,train,positive
PAMD-03246,train,positive
PAMD-03247,train,positive
PAMD-03248,train,positive
PAMD-03249,train,positive
PAMD-03250,train,positive
PAMD-03251,train,positive
PAMD-03252,train,positive
PAMD-03253,train,positive
PAMD-03254,train,positive
PAMD-03255,train,positive
PAMD-03256,train,negative
PAMD-03257,train,positive
PAMD-03258,train,positive
PAMD-03259,train,positive
PAMD-03260,train,negative
PAMD-03261,train,positive
PAMD-03262,train,negative
PAMD-03263,train,positive
PAMD-03264,train,positive
PAMD-03265,train,positive
PAMD-03266,train,positive
PAMD-03267,train,positive
PAMD-03268,train,positive
PAMD-03269,train,positive
PAMD-03270,train,positive
PAMD-03271,train,positive
PAMD-03272,train,positive
PAMD-03273,train,positive
PAMD-03274,test,positive
PAMD-03275,train,positive
PAMD-03276,train,positive
PAMD-03277,train,positive
PAMD-03278,train,positive
PAMD-03279,train,positive
PAMD-03280,train,positive
PAMD-03281,train,positive
PAMD-03282,train,positive
PAMD-03283,train,positive
PAMD-03284,train,positive
PAMD-03285,train,positive
PAMD-03286,train,positive
PAMD-03287,train,negative
PAMD-03288,train,negative
PAMD-03289,train,positive
PAMD-03290,train,positive
PAMD-03291,train,negative
PAMD-03292,train,positive
PAMD-03293,train,positive
PAMD-03294,train,positive
PAMD-03295,train,negative
PAMD-03296,train,positive
PAMD-03297,test,positive
PAMD-03298,train,positive
PAMD-03299,train,positive
PAMD-03300,train,positive
PAMD-03301,train,positive
PAMD-03302,train,positive
PAMD-03303,train,positive
PAMD-03304,train,positive
PAMD-03305,train,positive
PAMD-03306,train,positive
PAMD-03307,train,negative
PAMD-03308,train,negative
PAMD-03309,train,positive
PAMD-03310,train,positive
PAMD-03311,train,positive
PAMD-03312,train,positive
PAMD-03313,train,positive
PAMD-03314,train,positive
PAMD-03315,train,positive
PAMD-03316,train,positive
PAMD-03317,train,positive
PAMD-03318,test,positive
PAMD-03319,train,positive
PAMD-03320,train,positive
PAMD-03321,train,positive
PAMD-03322,test,positive
PAMD-03323,train,positive
PAMD-03324,train,positive
PAMD-03325,train,positive
PAMD-03326,train,positive
PAMD-03327,train,positive
PAMD-03328,train,positive
PAMD-03329,train,positive
PAMD-03330,train,positive
PAMD-03331,train,positive
PAMD-03332,train,positive
PAMD-03333,test,positive
PAMD-03334,train,positive
PAMD-03335,train,positive
PAMD-03336,train,positive
PAMD-03337,train,positive
PAMD-03338,train,positive
PAMD-03339,train,positive
PAMD-03340,train,positive
PAMD-03341,train,positive
PAMD-03342,test,positive
PAMD-03343,train,positive
PAMD-03344,train,positive
PAMD-03345,train,positive
PAMD-03346,train,positive
PAMD-03347,train,positive
PAMD-03348,train,positive
PAMD-03349,train,positive
PAMD-03350,train,positive
PAMD-03351,test,positive
PAMD-03352,train,positive
PAMD-03353,train,negative
PAMD-03354,train,positive
PAMD-03355,train,positive
PAMD-03356,train,positive
PAMD-03357,train,positive
PAMD-03358,train,positive
PAMD-03359,train,positive
PAMD-03360,train,positive
PAMD-03361,train,positive
PAMD-03362,train,positive
PAMD-03363,train,positive
PAMD-03364,train,positive
PAMD-03365,train,positive
PAMD-03366,train,positive
PAMD-03367,train,positive
PAMD-03368,train,positive
PAMD-03369,train,positive
PAMD-03370,train,positive
PAMD-03371,train,positive
PAMD-03372,train,positive
PAMD-03373,train,negative
PAMD-03374,train,positive
PAMD-03375,train,positive
PAMD-03376,train,positive
PAMD-03377,train,positive
PAMD-03378,train,positive
PAMD-03379,test,positive
PAMD-03380,train,positive
PAMD-03381,train,negative
PAMD-03382,train,negative
PAMD-03383,train,positive
PAMD-03384,train,positive
PAMD-03385,train,positive
PAMD-03386,train,positive
PAMD-03387,train,positive
PAMD-03388,train,positive
PAMD-03389,test,positive
PAMD-03390,train,positive
PAMD-03391,test,positive
PAMD-03392,train,positive
PAMD-03393,train,positive
PAMD-03394,train,negative
PAMD-03395,train,negative
PAMD-03396,train,negative
PAMD-03397,train,negative
PAMD-03398,train,negative
PAMD-03399,train,negative
PAMD-03400,train,negative
PAMD-03401,train,negative
PAMD-03402,train,negative
PAMD-03403,train,positive
PAMD-03404,train,negative
PAMD-03405,train,negative
PAMD-03406,train,negative
PAMD-03407,train,negative
PAMD-03408,train,negative
PAMD-03409,train,negative
PAMD-03410,train,negative
PAMD-03411,train,negative
PAMD-03412,train,positive
PAMD-03413,train,negative
PAMD-03414,test,negative
PAMD-03415,train,positive
PAMD-03416,train,positive
PAMD-03417,train,positive
PAMD-03418,train,negative
PAMD-03419,train,negative
PAMD-03420,train,negative
PAMD-03421,train,negative
PAMD-03422,test,negative
PAMD-03423,train,negative
PAMD-03424,train,negative
PAMD-03425,train,negative
PAMD-03426,train,negative
PAMD-03427,train,negative
PAMD-03428,train,positive
PAMD-03429,test,positive
PAMD-03430,train,positive
PAMD-03431,train,negative
PAMD-03432,train,negative
PAMD-03433,train,negative
PAMD-03434,test,negative
PAMD-03435,train,negative
PAMD-03436,train,positive
PAMD-03437,train,positive
PAMD-03438,train,positive
PAMD-03439,train,positive
PAMD-03440,train,negative
PAMD-03441,test,negative
PAMD-03442,train,positive
PAMD-03443,train,negative
PAMD-03444,train,negative
PAMD-03445,train,negative
PAMD-03446,train,negative
PAMD-03447,train,positive
PAMD-03448,train,positive
PAMD-03449,train,positive
PAMD-03450,train,negative
PAMD-03451,train,positive
PAMD-03452,train,negative
PAMD-03453,train,negative
PAMD-03454,train,positive
PAMD-03455,train,positive
PAMD-03456,train,positive
PAMD-03457,train,positive
PAMD-03458,train,positive
PAMD-03459,train,positive
PAMD-03460,train,positive
PAMD-03461,train,positive
PAMD-03462,train,positive
PAMD-03463,train,positive
PAMD-03464,train,negative
PAMD-03465,train,negative
PAMD-03466,train,positive
PAMD-03467,train,positive
PAMD-03468,train,negative
PAMD-03469,train,negative
PAMD-03470,train,positive
PAMD-03471,train,positive
PAMD-03472,train,positive
PAMD-03473,train,positive
PAMD-03474,train,positive
PAMD-03475,train,negative
PAMD-03476,train,negative
PAMD-03477,train,negative
PAMD-03478,test,positive
PAMD-03479,test,positive
PAMD-03480,train,positive
PAMD-03481,test,negative
PAMD-03482,train,positive
PAMD-03483,train,positive
PAMD-03484,train,positive
PAMD-03485,test,positive
PAMD-03486,train,positive
PAMD-03487,train,positive
PAMD-03488,train,positive
PAMD-03489,train,positive
PAMD-03490,train,positive
PAMD-03491,train,positive
PAMD-03492,train,positive
PAMD-03493,train,positive
PAMD-03494,train,positive
PAMD-03495,train,positive
PAMD-03496,train,positive
PAMD-03497,train,positive
PAMD-03498,train,positive
PAMD-03499,train,positive
PAMD-03500,train,negative
PAMD-03501,train,positive
PAMD-03502,train,positive
PAMD-03503,train,positive
PAMD-03504,train,positive
PAMD-03505,train,positive
PAMD-03506,train,positive
PAMD-03507,test,positive
PAMD-03508,train,positive
PAMD-03509,train,negative
PAMD-03510,train,positive
PAMD-03511,train,positive
PAMD-03512,train,positive
PAMD-03513,train,negative
PAMD-03514,train,positive
PAMD-03515,train,positive
PAMD-03516,train,positive
PAMD-03517,train,positive
PAMD-03518,train,negative
PAMD-03519,train,negative
PAMD-03520,train,negative
PAMD-03521,train,positive
PAMD-03522,train,negative
PAMD-03523,test,positive
PAMD-03524,test,positive
PAMD-03525,train,positive
PAMD-03526,test,positive
PAMD-03527,train,negative
PAMD-03528,train,positive
PAMD-03529,train,positive
PAMD-03530,train,negative
PAMD-03531,train,positive
PAMD-03532,train,positive
PAMD-03533,train,positive
PAMD-03534,train,positive
PAMD-03535,train,positive
PAMD-03536,train,positive
PAMD-03537,test,positive
PAMD-03538,train,positive
PAMD-03539,train,positive
PAMD-03540,train,positive
PAMD-03541,train,negative
PAMD-03542,train,positive
PAMD-03543,train,positive
PAMD-03544,train,positive
PAMD-03545,train,negative
PAMD-03546,train,positive
PAMD-03547,train,positive
PAMD-03548,train,positive
PAMD-03549,train,positive
PAMD-03550,train,positive
PAMD-03551,train,positive
PAMD-03552,train,positive
PAMD-03553,test,positive
PAMD-03554,train,positive
PAMD-03555,train,positive
PAMD-03556,test,positive
PAMD-03557,test,positive
PAMD-03558,train,positive
PAMD-03559,test,positive
PAMD-03560,train,positive
PAMD-03561,train,positive
PAMD-03562,train,positive
PAMD-03563,train,positive
PAMD-03564,train,positive
PAMD-03565,test,positive
PAMD-03566,train,negative
PAMD-03567,train,positive
PAMD-03568,train,negative
PAMD-03569,train,negative
PAMD-03570,test,positive
PAMD-03571,train,positive
PAMD-03572,train,positive
PAMD-03573,test,positive
PAMD-03574,train,positive
PAMD-03575,test,positive
PAMD-03576,train,positive
PAMD-03577,train,positive
PAMD-03578,train,positive
PAMD-03579,train,positive
PAMD-03580,train,positive
PAMD-03581,train,positive
PAMD-03582,train,positive
PAMD-03583,train,positive
PAMD-03584,train,positive
PAMD-03585,train,positive
PAMD-03586,train,positive
PAMD-03587,train,positive
PAMD-03588,train,negative
PAMD-03589,train,negative
PAMD-03590,test,negative
PAMD-03591,train,negative
PAMD-03592,train,negative
PAMD-03593,train,negative
PAMD-03594,train,positive
PAMD-03595,train,positive
PAMD-03596,test,positive
PAMD-03597,test,negative
PAMD-03598,train,negative
PAMD-03599,train,negative
PAMD-03600,train,negative
PAMD-03601,test,negative
PAMD-03602,train,negative
PAMD-03603,train,negative
PAMD-03604,train,negative
PAMD-03605,train,negative
PAMD-03606,train,negative
PAMD-03607,test,negative
PAMD-03608,train,negative
PAMD-03609,test,negative
PAMD-03610,train,negative
PAMD-03611,train,negative
PAMD-03612,train,negative
PAMD-03613,train,negative
PAMD-03614,train,negative
PAMD-03615,train,negative
PAMD-03616,train,negative
PAMD-03617,train,negative
PAMD-03618,test,negative
PAMD-03619,train,negative
PAMD-03620,train,negative
PAMD-03621,train,negative
PAMD-03622,train,negative
PAMD-03623,train,negative
PAMD-03624,train,negative
PAMD-03625,train,negative
PAMD-03626,train,positive
PAMD-03627,test,positive
PAMD-03628,train,positive
PAMD-03629,train,positive
PAMD-03630,train,positive
PAMD-03631,train,positive
PAMD-03632,train,positive
PAMD-03633,train,positive
PAMD-03634,train,positive
PAMD-03635,train,negative
PAMD-03636,train,positive
PAMD-03637,test,positive
PAMD-03638,train,positive
PAMD-03639,train,positive
PAMD-03640,train,negative
PAMD-03641,train,negative
PAMD-03642,train,negative
PAMD-03643,train,positive
PAMD-03644,train,positive
PAMD-03645,train,positive
PAMD-03646,train,positive
PAMD-03647,train,negative
PAMD-03648,train,positive
PAMD-03649,test,negative
PAMD-03650,train,negative
PAMD-03651,train,positive
PAMD-03652,train,positive
PAMD-03653,train,positive
PAMD-03654,train,positive
PAMD-03655,train,positive
PAMD-03656,train,positive
PAMD-03657,train,positive
PAMD-03658,test,positive
PAMD-03659,test,positive
PAMD-03660,test,positive
PAMD-03661,train,positive
PAMD-03662,train,positive
PAMD-03663,train,positive
PAMD-03664,train,positive
PAMD-03665,train,positive
PAMD-03666,train,negative
PAMD-03667,train,negative
PAMD-03668,train,negative
PAMD-03669,train,negative
PAMD-03670,train,negative
PAMD-03671,train,negative
PAMD-03672,train,negative
PAMD-03673,train,negative
PAMD-03674,test,negative
PAMD-03675,train,positive
PAMD-03676,train,negative
PAMD-03677,train,negative
PAMD-03678,train,negative
PAMD-03679,train,negative
PAMD-03680,test,negative
PAMD-03681,train,negative
PAMD-03682,train,negative
PAMD-03683,train,negative
PAMD-03684,train,negative
PAMD-03685,test,negative
PAMD-03686,train,negative
PAMD-03687,train,negative
PAMD-03688,train,negative
PAMD-03689,train,negative
PAMD-03690,train,negative
PAMD-03691,test,positive
PAMD-03692,train,positive
PAMD-03693,train,positive
PAMD-03694,train,positive
PAMD-03695,train,negative
PAMD-03696,train,negative
PAMD-03697,train,negative
PAMD-03698,train,negative
PAMD-03699,train,negative
PAMD-03700,train,negative
PAMD-03701,train,negative
PAMD-03702,train,negative
PAMD-03703,train,negative
PAMD-03704,train,negative
PAMD-03705,test,positive
PAMD-03706,train,positive
PAMD-03707,train,negative
PAMD-03708,train,positive
PAMD-03709,train,positive
PAMD-03710,train,positive
PAMD-03711,test,negative
PAMD-03712,train,negative
PAMD-03713,train,negative
PAMD-03714,test,negative
PAMD-03715,train,negative
PAMD-03716,test,negative
PAMD-03717,train,negative
PAMD-03718,test,positive
PAMD-03719,train,positive
PAMD-03720,train,positive
PAMD-03721,train,positive
PAMD-03722,train,positive
PAMD-03723,train,positive
PAMD-03724,train,positive
PAMD-03725,train,positive
PAMD-03726,train,negative
PAMD-03727,train,negative
PAMD-03728,train,positive
PAMD-03729,train,positive
PAMD-03730,train,positive
PAMD-03731,train,positive
PAMD-03732,train,positive
PAMD-03733,train,positive
PAMD-03734,train,positive
PAMD-03735,train,positive
PAMD-03736,train,positive
PAMD-03737,train,positive
PAMD-03738,train,positive
PAMD-03739,train,positive
PAMD-03740,train,positive
PAMD-03741,test,positive
PAMD-03742,train,negative
PAMD-03743,train,negative
PAMD-03744,train,positive
PAMD-03745,train,positive
PAMD-03746,train,positive
PAMD-03747,train,positive
PAMD-03748,train,positive
PAMD-03749,train,negative
PAMD-03750,train,positive
PAMD-03751,train,positive
PAMD-03752,train,positive
PAMD-03753,train,positive
PAMD-03754,train,positive
PAMD-03755,train,positive
PAMD-03756,train,negative
PAMD-03757,train,negative
PAMD-03758,train,negative
PAMD-03759,train,negative
PAMD-03760,train,negative
PAMD-03761,train,positive
PAMD-03762,train,positive
PAMD-03763,train,negative
PAMD-03764,train,negative
PAMD-03765,train,negative
PAMD-03766,train,positive
PAMD-03767,train,positive
PAMD-03768,train,positive
PAMD-03769,test,positive
PAMD-03770,train,positive
PAMD-03771,train,positive
PAMD-03772,train,positive
PAMD-03773,train,positive
PAMD-03774,test,positive
PAMD-03775,test,negative
PAMD-03776,train,negative
PAMD-03777,train,negative
PAMD-03778,train,positive
PAMD-03779,train,positive
PAMD-03780,train,positive
PAMD-03781,train,positive
PAMD-03782,train,positive
PAMD-03783,train,positive
PAMD-03784,test,positive
PAMD-03785,train,positive
PAMD-03786,train,positive
PAMD-03787,train,positive
PAMD-03788,train,positive
PAMD-03789,train,positive
PAMD-03790,train,positive
PAMD-03791,train,positive
PAMD-03792,train,positive
PAMD-03793,train,negative
PAMD-03794,train,positive
PAMD-03795,train,positive
PAMD-03796,train,positive
PAMD-03797,test,positive
PAMD-03798,train,positive
PAMD-03799,train,positive
PAMD-03800,train,positive
PAMD-03801,train,positive
PAMD-03802,train,positive
PAMD-03803,train,positive
PAMD-03804,train,positive
PAMD-03805,train,negative
PAMD-03806,train,positive
PAMD-03807,train,positive
PAMD-03808,train,positive
PAMD-03809,train,positive
PAMD-03810,train,negative
PAMD-03811,train,positive
PAMD-03812,test,positive
PAMD-03813,train,positive
PAMD-03814,train,positive
PAMD-03815,train,positive
PAMD-03816,train,positive
PAMD-03817,train,positive
PAMD-03818,train,positive
PAMD-03819,train,positive
PAMD-03820,train,positive
PAMD-03821,train,negative
PAMD-03822,train,positive
PAMD-03823,test,negative
PAMD-03824,train,negative
PAMD-03825,train,positive
PAMD-03826,train,positive
PAMD-03827,train,positive
PAMD-03828,train,positive
PAMD-03829,train,positive
PAMD-03830,test,positive
PAMD-03831,train,positive
PAMD-03832,train,positive
PAMD-03833,train,positive
PAMD-03834,test,negative
PAMD-03835,train,negative
PAMD-03836,train,negative
PAMD-03837,train,positive
PAMD-03838,train,positive
PAMD-03839,train,positive
PAMD-03840,train,positive
PAMD-03841,train,positive
PAMD-03842,train,positive
PAMD-03843,train,positive
PAMD-03844,train,positive
PAMD-03845,train,positive
PAMD-03846,train,positive
PAMD-03847,train,positive
PAMD-03848,train,positive
PAMD-03849,train,positive
PAMD-03850,train,positive
PAMD-03851,train,negative
PAMD-03852,train,positive
PAMD-03853,train,positive
PAMD-03854,train,positive
PAMD-03855,train,positive
PAMD-03856,train,positive
PAMD-03857,train,positive
PAMD-03858,train,positive
PAMD-03859,test,positive
PAMD-03860,train,positive
PAMD-03861,test,positive
PAMD-03862,train,negative
PAMD-03863,train,positive
PAMD-03864,train,positive
PAMD-03865,train,positive
PAMD-03866,train,positive
PAMD-03867,train,positive
PAMD-03868,train,positive
PAMD-03869,train,positive
PAMD-03870,train,positive
PAMD-03871,train,positive
PAMD-03872,train,positive
PAMD-03873,test,positive
PAMD-03874,train,positive
PAMD-03875,train,positive
PAMD-03876,test,positive
PAMD-03877,train,positive
PAMD-03878,train,positive
PAMD-03879,train,positive
PAMD-03880,train,positive
PAMD-03881,train,positive
PAMD-03882,train,positive
PAMD-03883,train,positive
PAMD-03884,train,positive
PAMD-03885,train,positive
PAMD-03886,train,negative
PAMD-03887,train,positive
PAMD-03888,train,positive
PAMD-03889,train,positive
PAMD-03890,test,positive
PAMD-03891,train,negative
PAMD-03892,train,positive
PAMD-03893,train,positive
PAMD-03894,train,positive
PAMD-03895,train,negative
PAMD-03896,train,positive
PAMD-03897,train,positive
PAMD-03898,train,positive
PAMD-03899,train,positive
PAMD-03900,train,positive
PAMD-03901,train,positive
PAMD-03902,train,positive
PAMD-03903,train,positive
PAMD-03904,train,positive
PAMD-03905,train,positive
PAMD-03906,train,positive
PAMD-03907,train,positive
PAMD-03908,train,positive
PAMD-03909,train,positive
PAMD-03910,train,positive
PAMD-03911,train,positive
PAMD-03912,train,positive
PAMD-03913,train,positive
PAMD-03914,train,positive
PAMD-03915,train,positive
PAMD-03916,test,positive
PAMD-03917,train,positive
PAMD-03918,test,positive
PAMD-03919,train,positive
PAMD-03920,train,positive
PAMD-03921,train,positive
PAMD-03922,train,positive
PAMD-03923,train,positive
PAMD-03924,train,positive
PAMD-03925,train,positive
PAMD-03926,train,positive
PAMD-03927,train,positive
PAMD-03928,test,positive
PAMD-03929,train,positive
PAMD-03930,train,positive
PAMD-03931,train,positive
PAMD-03932,train,positive
PAMD-03933,train,positive
PAMD-03934,train,positive
PAMD-03935,train,positive
PAMD-03936,test,negative
PAMD-03937,train,negative
PAMD-03938,train,negative
PAMD-03939,train,negative
PAMD-03940,train,positive
PAMD-03941,train,positive
PAMD-03942,train,positive
PAMD-03943,train,positive
PAMD-03944,train,positive
PAMD-03945,train,positive
PAMD-03946,train,positive
PAMD-03947,train,positive
PAMD-03948,train,positive
PAMD-03949,test,positive
PAMD-03950,train,positive
PAMD-03951,train,positive
PAMD-03952,train,positive
PAMD-03953,train,positive
PAMD-03954,train,positive
PAMD-03955,train,positive
PAMD-03956,train,positive
PAMD-03957,test,positive
PAMD-03958,train,positive
PAMD-03959,train,positive
PAMD-03960,train,positive
PAMD-03961,train,positive
PAMD-03962,test,negative
PAMD-03963,train,positive
PAMD-03964,train,positive
PAMD-03965,train,positive
PAMD-03966,train,positive
PAMD-03967,train,positive
PAMD-03968,train,negative
PAMD-03969,train,negative
PAMD-03970,train,positive
PAMD-03971,train,positive
PAMD-03972,train,positive
PAMD-03973,test,positive
PAMD-03974,train,positive
PAMD-03975,test,positive
PAMD-03976,train,positive
PAMD-03977,train,positive
PAMD-03978,test,positive
PAMD-03979,train,positive
PAMD-03980,train,positive
PAMD-03981,train,positive
PAMD-03982,train,negative
PAMD-03983,train,positive
PAMD-03984,train,positive
PAMD-03985,train,positive
PAMD-03986,train,positive
PAMD-03987,train,positive
PAMD-03988,train,positive
PAMD-03989,train,positive
PAMD-03990,train,positive
PAMD-03991,test,positive
PAMD-03992,train,positive
PAMD-03993,train,positive
PAMD-03994,train,positive
PAMD-03995,test,positive
PAMD-03996,test,positive
PAMD-03997,train,positive
PAMD-03998,train,positive
PAMD-03999,test,positive
PAMD-04000,train,positive
PAMD-04001,train,positive
PAMD-04002,train,positive
PAMD-04003,train,positive
PAMD-04004,train,positive
PAMD-04005,train,positive
PAMD-04006,train,positive
PAMD-04007,train,positive
PAMD-04008,train,positive
PAMD-04009,train,positive
PAMD-04010,train,positive
PAMD-04011,train,positive
PAMD-04012,train,positive
PAMD-04013,train,negative
PAMD-04014,train,positive
PAMD-04015,train,positive
PAMD-04016,train,negative
PAMD-04017,train,positive
PAMD-04018,train,positive
PAMD-04019,train,negative
PAMD-04020,train,negative
PAMD-04021,train,positive
PAMD-04022,train,positive
PAMD-04023,train,positive
PAMD-04024,test,positive
PAMD-04025,train,positive
PAMD-04026,train,positive
PAMD-04027,train,positive
PAMD-04028,train,positive
PAMD-04029,train,positive
PAMD-04030,train,positive
PAMD-04031,train,positive
PAMD-04032,test,positive
PAMD-04033,test,positive
PAMD-04034,train,positive
PAMD-04035,train,positive
PAMD-04036,train,positive
PAMD-04037,train,positive
PAMD-04038,train,positive
PAMD-04039,train,positive
PAMD-04040,test,positive
PAMD-04041,train,positive
PAMD-04042,train,positive
PAMD-04043,train,positive
PAMD-04044,test,positive
PAMD-04045,train,positive
PAMD-04046,train,positive
PAMD-04047,train,positive
PAMD-04048,train,positive
PAMD-04049,test,positive
PAMD-04050,train,positive
PAMD-04051,train,positive
PAMD-04052,train,positive
PAMD-04053,train,positive
PAMD-04054,train,positive
PAMD-04055,train,positive
PAMD-04056,train,positive
PAMD-04057,train,positive
PAMD-04058,train,positive
PAMD-04059,train,positive
PAMD-04060,train,positive
PAMD-04061,train,positive
PAMD-04062,train,positive
PAMD-04063,train,positive
PAMD-04064,train,positive
PAMD-04065,train,positive
PAMD-04066,train,positive
PAMD-04067,train,positive
PAMD-04068,train,positive
PAMD-04069,train,negative
PAMD-04070,train,positive
PAMD-04071,test,positive
PAMD-04072,train,positive
PAMD-04073,train,positive
PAMD-04074,train,positive
PAMD-04075,test,positive
PAMD-04076,train,positive
PAMD-04077,train,positive
PAMD-04078,test,positive
PAMD-04079,train,positive
PAMD-04080,train,positive
PAMD-04081,train,positive
PAMD-04082,train,positive
PAMD-04083,train,positive
PAMD-04084,train,positive
PAMD-04085,train,positive
PAMD-04086,train,negative
PAMD-04087,train,negative
PAMD-04088,train,positive
PAMD-04089,train,positive
PAMD-04090,train,positive
PAMD-04091,train,positive
PAMD-04092,test,positive
PAMD-04093,train,positive
PAMD-04094,train,positive
PAMD-04095,train,negative
PAMD-04096,train,positive
PAMD-04097,train,positive
PAMD-04098,train,positive
PAMD-04099,train,positive
PAMD-04100,train,positive
PAMD-04101,train,positive
PAMD-04102,train,positive
PAMD-04103,train,positive
PAMD-04104,train,negative
PAMD-04105,train,negative
PAMD-04106,train,positive
PAMD-04107,train,positive
PAMD-04108,train,positive
PAMD-04109,train,positive
PAMD-04110,train,positive
PAMD-04111,test,positive
PAMD-04112,train,positive
PAMD-04113,train,positive
PAMD-04114,train,positive
PAMD-04115,train,positive
PAMD-04116,train,negative
PAMD-04117,train,positive
PAMD-04118,train,positive
PAMD-04119,train,positive
PAMD-04120,train,positive
PAMD-04121,train,positive
PAMD-04122,train,positive
PAMD-04123,train,positive
PAMD-04124,test,positive
PAMD-04125,test,negative
PAMD-04126,train,negative
PAMD-04127,train,negative
PAMD-04128,train,positive
PAMD-04129,train,positive
PAMD-04130,train,positive
PAMD-04131,train,positive
PAMD-04132,train,positive
PAMD-04133,train,negative
PAMD-04134,train,positive
PAMD-04135,train,positive
PAMD-04136,train,negative
PAMD-04137,train,positive
PAMD-04138,train,positive
PAMD-04139,train,positive
PAMD-04140,train,negative
PAMD-04141,train,negative
PAMD-04142,test,positive
PAMD-04143,train,negative
PAMD-04144,train,positive
PAMD-04145,train,positive
PAMD-04146,train,positive
PAMD-04147,train,positive
PAMD-04148,train,positive
PAMD-04149,train,positive
PAMD-04150,test,positive
PAMD-04151,train,positive
PAMD-04152,train,positive
PAMD-04153,train,positive
PAMD-04154,train,negative
PAMD-04155,train,negative
PAMD-04156,train,negative
PAMD-04157,train,negative
PAMD-04158,test,negative
PAMD-04159,train,positive
PAMD-04160,train,negative
PAMD-04161,train,negative
PAMD-04162,train,negative
PAMD-04163,train,positive
PAMD-04164,train,positive
PAMD-04165,train,positive
PAMD-04166,train,negative
PAMD-04167,test,positive
PAMD-04168,train,positive
PAMD-04169,train,positive
PAMD-04170,train,positive
PAMD-04171,train,positive
PAMD-04172,train,positive
PAMD-04173,train,negative
PAMD-04174,train,negative
PAMD-04175,train,negative
PAMD-04176,train,negative
PAMD-04177,train,negative
PAMD-04178,test,negative
PAMD-04179,train,negative
PAMD-04180,train,negative
PAMD-04181,train,negative
PAMD-04182,train,negative
PAMD-04183,train,negative
PAMD-04184,train,positive
PAMD-04185,train,positive
PAMD-04186,train,positive
PAMD-04187,train,positive
PAMD-04188,train,positive
PAMD-04189,train,positive
PAMD-04190,train,positive
PAMD-04191,train,positive
PAMD-04192,train,positive
PAMD-04193,train,positive
PAMD-04194,train,positive
PAMD-04195,train,positive
PAMD-04196,train,positive
PAMD-04197,train,positive
PAMD-04198,train,positive
PAMD-04199,train,positive
PAMD-04200,test,positive
PAMD-04201,train,positive
PAMD-04202,train,positive
PAMD-04203,train,positive
PAMD-04204,test,negative
PAMD-04205,train,negative
PAMD-04206,train,positive
PAMD-04207,test,negative
PAMD-04208,train,negative
PAMD-04209,train,positive
PAMD-04210,train,positive
PAMD-04211,train,positive
PAMD-04212,train,negative
PAMD-04213,train,positive
PAMD-04214,test,positive
PAMD-04215,train,negative
PAMD-04216,train,negative
PAMD-04217,train,negative
PAMD-04218,train,negative
PAMD-04219,train,positive
PAMD-04220,train,negative
PAMD-04221,train,negative
PAMD-04222,train,positive
PAMD-04223,train,positive
PAMD-04224,train,positive
PAMD-04225,train,positive
PAMD-04226,train,negative
PAMD-04227,train,negative
PAMD-04228,train,positive
PAMD-04229,train,positive
PAMD-04230,train,negative
PAMD-04231,train,negative
PAMD-04232,train,negative
PAMD-04233,train,negative
PAMD-04234,test,negative
PAMD-04235,train,positive
PAMD-04236,test,positive
PAMD-04237,train,negative
PAMD-04238,train,negative
PAMD-04239,train,negative
PAMD-04240,train,negative
PAMD-04241,train,negative
PAMD-04242,train,negative
PAMD-04243,train,negative
PAMD-04244,train,positive
PAMD-04245,train,negative
PAMD-04246,train,negative
PAMD-04247,train,negative
PAMD-04248,train,negative
PAMD-04249,train,negative
PAMD-04250,train,positive
PAMD-04251,train,positive
PAMD-04252,train,negative
PAMD-04253,train,negative
PAMD-04254,train,negative
PAMD-04255,test,negative
PAMD-04256,train,positive
PAMD-04257,train,positive
PAMD-04258,train,negative
PAMD-04259,train,negative
PAMD-04260,train,negative
PAMD-04261,train,negative
PAMD-04262,test,negative
PAMD-04263,train,negative
PAMD-04264,train,negative
PAMD-04265,train,positive
PAMD-04266,train,negative
PAMD-04267,train,negative
PAMD-04268,train,positive
PAMD-04269,train,negative
PAMD-04270,train,negative
PAMD-04271,train,negative
PAMD-04272,train,negative
PAMD-04273,train,negative
PAMD-04274,train,negative
PAMD-04275,train,negative
PAMD-04276,train,positive
PAMD-04277,train,positive
PAMD-04278,train,positive
PAMD-04279,test,negative
PAMD-04280,train,negative
PAMD-04281,train,negative
PAMD-04282,train,negative
PAMD-04283,train,negative
PAMD-04284,train,positive
PAMD-04285,train,positive
PAMD-04286,train,positive
PAMD-04287,train,positive
PAMD-04288,train,positive
PAMD-04289,train,positive
PAMD-04290,train,positive
PAMD-04291,train,positive
PAMD-04292,train,positive
PAMD-04293,test,negative
PAMD-04294,train,positive
PAMD-04295,train,positive
PAMD-04296,train,positive
PAMD-04297,test,positive
PAMD-04298,train,positive
PAMD-04299,train,positive
PAMD-04300,train,positive
PAMD-04301,train,positive
PAMD-04302,train,negative
PAMD-04303,train,negative
PAMD-04304,train,positive
PAMD-04305,train,negative
PAMD-04306,train,positive
PAMD-04307,train,positive
PAMD-04308,train,positive
PAMD-04309,train,positive
PAMD-04310,train,negative
PAMD-04311,train,negative
PAMD-04312,train,positive
PAMD-04313,train,negative
PAMD-04314,train,negative
PAMD-04315,train,negative
PAMD-04316,train,positive
PAMD-04317,train,positive
PAMD-04318,train,positive
PAMD-04319,train,positive
PAMD-04320,train,positive
PAMD-04321,train,positive
PAMD-04322,train,negative
PAMD-04323,train,negative
PAMD-04324,train,positive
PAMD-04325,test,positive
PAMD-04326,train,positive
PAMD-04327,train,positive
PAMD-04328,train,negative
PAMD-04329,train,negative
PAMD-04330,train,negative
PAMD-04331,train,negative
PAMD-04332,train,negative
PAMD-04333,train,negative
PAMD-04334,train,negative
PAMD-04335,train,negative
PAMD-04336,train,negative
PAMD-04337,train,negative
PAMD-04338,train,negative
PAMD-04339,train,negative
PAMD-04340,train,negative
PAMD-04341,test,negative
PAMD-04342,train,negative
PAMD-04343,train,negative
PAMD-04344,train,negative
PAMD-04345,train,negative
PAMD-04346,train,negative
PAMD-04347,train,negative
PAMD-04348,train,negative
PAMD-04349,train,negative
PAMD-04350,train,negative
PAMD-04351,train,negative
PAMD-04352,train,negative
PAMD-04353,train,negative
PAMD-04354,train,positive
PAMD-04355,train,negative
PAMD-04356,train,negative
PAMD-04357,train,negative
PAMD-04358,train,negative
PAMD-04359,train,negative
PAMD-04360,train,negative
PAMD-04361,train,negative
PAMD-04362,train,negative
PAMD-04363,train,negative
PAMD-04364,train,negative
PAMD-04365,test,negative
PAMD-04366,train,negative
PAMD-04367,test,negative
PAMD-04368,train,negative
PAMD-04369,train,negative
PAMD-04370,train,negative
PAMD-04371,train,negative
PAMD-04372,train,negative
PAMD-04373,train,negative
PAMD-04374,train,negative
PAMD-04375,train,negative
PAMD-04376,train,negative
PAMD-04377,test,negative
PAMD-04378,test,negative
PAMD-04379,train,negative
PAMD-04380,test,negative
PAMD-04381,train,negative
PAMD-04382,train,negative
PAMD-04383,train,negative
PAMD-04384,train,negative
PAMD-04385,train,negative
PAMD-04386,test,negative
PAMD-04387,train,negative
PAMD-04388,train,negative
PAMD-04389,train,negative
PAMD-04390,train,negative
PAMD-04391,train,negative
PAMD-04392,train,negative
PAMD-04393,train,negative
PAMD-04394,test,negative
PAMD-04395,train,negative
PAMD-04396,train,negative
PAMD-04397,train,negative
PAMD-04398,train,negative
PAMD-04399,train,negative
PAMD-04400,train,negative
PAMD-04401,train,negative
PAMD-04402,train,negative
PAMD-04403,train,negative
PAMD-04404,train,negative
PAMD-04405,train,negative
PAMD-04406,train,negative
PAMD-04407,train,negative
PAMD-04408,test,negative
PAMD-04409,train,negative
PAMD-04410,train,negative
PAMD-04411,train,negative
PAMD-04412,train,negative
PAMD-04413,train,negative
PAMD-04414,train,negative
PAMD-04415,train,negative
PAMD-04416,train,negative
PAMD-04417,train,negative
PAMD-04418,test,negative
PAMD-04419,train,negative
PAMD-04420,train,negative
PAMD-04421,train,negative
PAMD-04422,train,negative
PAMD-04423,train,negative
PAMD-04424,train,negative
PAMD-04425,train,negative
PAMD-04426,train,negative
PAMD-04427,train,negative
PAMD-04428,train,negative
PAMD-04429,train,negative
PAMD-04430,test,negative
PAMD-04431,train,negative
PAMD-04432,train,negative
PAMD-04433,test,negative
PAMD-04434,train,negative
PAMD-04435,train,negative
PAMD-04436,train,negative
PAMD-04437,train,negative
PAMD-04438,train,negative
PAMD-04439,train,negative
PAMD-04440,train,negative
PAMD-04441,train,negative
PAMD-04442,train,negative
PAMD-04443,test,negative
PAMD-04444,train,negative
PAMD-04445,train,negative
PAMD-04446,train,negative
PAMD-04447,train,negative
PAMD-04448,train,negative
PAMD-04449,train,negative
PAMD-04450,train,negative
PAMD-04451,train,negative
PAMD-04452,train,negative
PAMD-04453,train,negative
PAMD-04454,train,negative
PAMD-04455,train,negative
PAMD-04456,train,negative
PAMD-04457,train,negative
PAMD-04458,train,negative
PAMD-04459,train,negative
PAMD-04460,train,negative
PAMD-04461,train,negative
PAMD-04462,train,negative
PAMD-04463,test,negative
PAMD-04464,train,negative
PAMD-04465,train,negative
PAMD-04466,train,negative
PAMD-04467,train,negative
PAMD-04468,test,negative
PAMD-04469,train,negative
PAMD-04470,train,negative
PAMD-04471,train,negative
PAMD-04472,train,negative
PAMD-04473,train,negative
PAMD-04474,train,negative
PAMD-04475,train,negative
PAMD-04476,train,negative
PAMD-04477,train,negative
PAMD-04478,train,negative
PAMD-04479,train,negative
PAMD-04480,test,negative
PAMD-04481,train,negative
PAMD-04482,train,negative
PAMD-04483,train,negative
PAMD-04484,train,negative
PAMD-04485,train,negative
PAMD-04486,train,negative
PAMD-04487,train,negative
PAMD-04488,train,negative
PAMD-04489,train,negative
PAMD-04490,train,negative
PAMD-04491,train,negative
PAMD-04492,test,negative
PAMD-04493,train,negative
PAMD-04494,train,negative
PAMD-04495,train,negative
PAMD-04496,test,negative
PAMD-04497,train,negative
PAMD-04498,train,negative
PAMD-04499,train,negative
PAMD-04500,train,negative
PAMD-04501,train,negative
PAMD-04502,train,negative
PAMD-04503,train,negative
PAMD-04504,train,negative
PAMD-04505,train,negative
PAMD-04506,train,negative
PAMD-04507,train,negative
PAMD-04508,train,negative
PAMD-04509,train,negative
PAMD-04510,train,negative
PAMD-04511,train,negative
PAMD-04512,train,negative
PAMD-04513,train,negative
PAMD-04514,train,negative
PAMD-04515,train,negative
PAMD-04516,train,negative
PAMD-04517,train,negative
PAMD-04518,train,negative
PAMD-04519,train,negative
PAMD-04520,train,negative
PAMD-04521,test,negative
PAMD-04522,train,negative
PAMD-04523,train,negative
PAMD-04524,test,negative
PAMD-04525,test,negative
PAMD-04526,train,negative
PAMD-04527,train,negative
PAMD-04528,train,negative
PAMD-04529,train,negative
PAMD-04530,train,negative
PAMD-04531,train,negative
PAMD-04532,train,negative
PAMD-04533,train,negative
PAMD-04534,train,negative
PAMD-04535,train,negative
PAMD-04536,train,negative
PAMD-04537,train,negative
PAMD-04538,train,negative
PAMD-04539,train,negative
PAMD-04540,train,negative
PAMD-04541,train,negative
PAMD-04542,train,negative
PAMD-04543,train,negative
PAMD-04544,train,negative
PAMD-04545,train,negative
PAMD-04546,test,negative
PAMD-04547,train,negative
PAMD-04548,train,negative
PAMD-04549,train,negative
PAMD-04550,train,negative
PAMD-04551,test,negative
PAMD-04552,train,negative
PAMD-04553,train,negative
PAMD-04554,train,negative
PAMD-04555,test,negative
PAMD-04556,train,negative
PAMD-04557,train,negative
PAMD-04558,train,negative
PAMD-04559,train,negative
PAMD-04560,train,negative
PAMD-04561,train,negative
PAMD-04562,train,negative
PAMD-04563,train,negative
PAMD-04564,train,negative
PAMD-04565,train,negative
PAMD-04566,train,negative
PAMD-04567,train,negative
PAMD-04568,train,negative
PAMD-04569,train,negative
PAMD-04570,train,negative
PAMD-04571,train,negative
PAMD-04572,train,negative
PAMD-04573,train,negative
PAMD-04574,train,negative
PAMD-04575,train,negative
PAMD-04576,train,negative
PAMD-04577,train,negative
PAMD-04578,train,negative
PAMD-04579,train,negative
PAMD-04580,train,negative
PAMD-04581,train,negative
PAMD-04582,train,negative
PAMD-04583,train,negative
PAMD-04584,train,negative
PAMD-04585,train,negative
PAMD-04586,train,negative
PAMD-04587,train,negative
PAMD-04588,train,negative
PAMD-04589,train,negative
PAMD-04590,test,negative
PAMD-04591,test,negative
PAMD-04592,train,negative
PAMD-04593,train,negative
PAMD-04594,train,negative
PAMD-04595,train,negative
PAMD-04596,train,negative
PAMD-04597,train,negative
PAMD-04598,train,negative
PAMD-04599,train,negative
PAMD-04600,train,negative
PAMD-04601,train,negative
PAMD-04602,train,negative
PAMD-04603,train,negative
PAMD-04604,train,negative
PAMD-04605,train,negative
PAMD-04606,test,negative
PAMD-04607,train,negative
PAMD-04608,train,negative
PAMD-04609,train,negative
PAMD-04610,train,negative
PAMD-04611,test,negative
PAMD-04612,train,negative
PAMD-04613,train,negative
PAMD-04614,train,negative
PAMD-04615,train,negative
PAMD-04616,train,negative
PAMD-04617,train,negative
PAMD-04618,train,negative
PAMD-04619,train,negative
PAMD-04620,train,negative
PAMD-04621,train,negative
PAMD-04622,train,negative
PAMD-04623,train,negative
PAMD-04624,train,negative
PAMD-04625,train,negative
PAMD-04626,train,negative
PAMD-04627,train,negative
PAMD-04628,train,negative
PAMD-04629,train,negative
PAMD-04630,train,negative
PAMD-04631,train,negative
PAMD-04632,train,negative
PAMD-04633,train,negative
PAMD-04634,train,negative
PAMD-04635,train,negative
PAMD-04636,test,negative
PAMD-04637,train,negative
PAMD-04638,train,negative
PAMD-04639,test,negative
PAMD-04640,train,negative
PAMD-04641,train,negative
PAMD-04642,train,negative
PAMD-04643,train,negative
PAMD-04644,test,negative
PAMD-04645,test,negative
PAMD-04646,train,negative
PAMD-04647,train,negative
PAMD-04648,train,negative
PAMD-04649,train,negative
PAMD-04650,train,negative
PAMD-04651,train,negative
PAMD-04652,train,negative
PAMD-04653,train,negative
PAMD-04654,train,negative
PAMD-04655,train,negative
PAMD-04656,train,negative
PAMD-04657,train,negative
PAMD-04658,test,negative
PAMD-04659,train,negative
PAMD-04660,train,negative
PAMD-04661,test,negative
PAMD-04662,train,negative
PAMD-04663,train,negative
PAMD-04664,test,negative
PAMD-04665,train,negative
PAMD-04666,test,negative
PAMD-04667,train,negative
PAMD-04668,train,negative
PAMD-04669,train,negative
PAMD-04670,train,negative
PAMD-04671,train,negative
PAMD-04672,train,negative
PAMD-04673,train,negative
PAMD-04674,train,negative
PAMD-04675,train,negative
PAMD-04676,train,negative
PAMD-04677,train,negative
PAMD-04678,train,negative
PAMD-04679,train,negative
PAMD-04680,train,negative
PAMD-04681,train,negative
PAMD-04682,test,negative
PAMD-04683,test,negative
PAMD-04684,train,negative
PAMD-04685,train,negative
PAMD-04686,train,negative
PAMD-04687,train,negative
PAMD-04688,train,negative
PAMD-04689,test,negative
PAMD-04690,train,negative
PAMD-04691,train,negative
PAMD-04692,train,negative
PAMD-04693,train,negative
PAMD-04694,train,negative
PAMD-04695,train,negative
PAMD-04696,test,negative
PAMD-04697,train,negative
PAMD-04698,train,negative
PAMD-04699,train,negative
PAMD-04700,train,negative
PAMD-04701,train,negative
PAMD-04702,train,negative
PAMD-04703,train,negative
PAMD-04704,train,negative
PAMD-04705,train,negative
PAMD-04706,test,negative
PAMD-04707,train,negative
PAMD-04708,train,negative
PAMD-04709,train,negative
PAMD-04710,train,negative
PAMD-04711,train,negative
PAMD-04712,test,negative
PAMD-04713,train,negative
PAMD-04714,train,negative
PAMD-04715,train,negative
PAMD-04716,train,negative
PAMD-04717,train,negative
PAMD-04718,train,negative
PAMD-04719,train,negative
PAMD-04720,train,negative
PAMD-04721,train,negative
PAMD-04722,train,negative
PAMD-04723,train,negative
PAMD-04724,train,negative
PAMD-04725,train,negative
PAMD-04726,train,negative
PAMD-04727,train,negative
PAMD-04728,train,negative
PAMD-04729,train,negative
PAMD-04730,train,negative
PAMD-04731,train,negative
PAMD-04732,train,negative
PAMD-04733,train,negative
PAMD-04734,train,negative
PAMD-04735,train,negative
PAMD-04736,train,negative
PAMD-04737,train,negative
PAMD-04738,train,negative
PAMD-04739,train,negative
PAMD-04740,train,negative
PAMD-04741,train,negative
PAMD-04742,train,negative
PAMD-04743,train,negative
PAMD-04744,train,positive
PAMD-04745,test,positive
PAMD-04746,train,positive
PAMD-04747,test,positive
PAMD-04748,train,positive
PAMD-04749,train,negative
PAMD-04750,train,negative
PAMD-04751,train,positive
PAMD-04752,train,positive
PAMD-04753,train,positive
PAMD-04754,train,positive
PAMD-04755,train,positive
PAMD-04756,train,positive
PAMD-04757,train,positive
PAMD-04758,train,positive
PAMD-04759,train,positive
PAMD-04760,train,positive
PAMD-04761,train,positive
PAMD-04762,train,positive
PAMD-04763,train,positive
PAMD-04764,train,positive
PAMD-04765,train,positive
PAMD-04766,train,positive
PAMD-04767,train,positive
PAMD-04768,train,positive
PAMD-04769,train,positive
PAMD-04770,train,positive
PAMD-04771,train,positive
PAMD-04772,train,positive
PAMD-04773,train,positive
PAMD-04774,train,positive
PAMD-04775,train,positive
PAMD-04776,train,positive
PAMD-04777,train,positive
PAMD-04778,train,negative
PAMD-04779,train,negative
PAMD-04780,train,negative
PAMD-04781,train,negative
PAMD-04782,train,negative
PAMD-04783,train,negative
PAMD-04784,train,negative
PAMD-04785,train,negative
PAMD-04786,train,negative
PAMD-04787,train,positive
PAMD-04788,train,negative
PAMD-04789,train,negative
PAMD-04790,test,negative
PAMD-04791,test,negative
PAMD-04792,train,negative
PAMD-04793,train,negative
PAMD-04794,train,negative
PAMD-04795,train,negative
PAMD-04796,train,negative
PAMD-04797,train,negative
PAMD-04798,train,negative
PAMD-04799,train,negative
PAMD-04800,train,negative
PAMD-04801,test,negative
PAMD-04802,train,negative
PAMD-04803,train,positive
PAMD-04804,test,positive
PAMD-04805,test,positive
PAMD-04806,train,positive
PAMD-04807,train,positive
PAMD-04808,train,negative
PAMD-04809,test,negative
PAMD-04810,train,negative
PAMD-04811,train,negative
PAMD-04812,train,negative
PAMD-04813,train,negative
PAMD-04814,train,negative
PAMD-04815,train,negative
PAMD-04816,train,negative
PAMD-04817,train,negative
PAMD-04818,train,positive
PAMD-04819,train,positive
PAMD-04820,test,positive
PAMD-04821,train,positive
PAMD-04822,train,positive
PAMD-04823,train,positive
PAMD-04824,train,positive
PAMD-04825,train,positive
PAMD-04826,train,negative
PAMD-04827,train,positive
PAMD-04828,train,negative
PAMD-04829,train,negative
PAMD-04830,train,negative
PAMD-04831,train,positive
PAMD-04832,train,positive
PAMD-04833,train,negative
PAMD-04834,train,negative
PAMD-04835,test,negative
PAMD-04836,train,negative
PAMD-04837,train,negative
PAMD-04838,train,negative
PAMD-04839,train,negative
PAMD-04840,train,negative
PAMD-04841,train,negative
PAMD-04842,train,negative
PAMD-04843,train,negative
PAMD-04844,train,negative
PAMD-04845,train,negative
PAMD-04846,train,negative
PAMD-04847,train,negative
PAMD-04848,train,negative
PAMD-04849,train,negative
PAMD-04850,train,negative
PAMD-04851,train,negative
PAMD-04852,train,negative
PAMD-04853,train,negative
PAMD-04854,train,negative
PAMD-04855,train,negative
PAMD-04856,train,negative
PAMD-04857,train,negative
PAMD-04858,train,negative
PAMD-04859,train,negative
PAMD-04860,train,negative
PAMD-04861,test,negative
PAMD-04862,train,negative
PAMD-04863,train,negative
PAMD-04864,train,negative
PAMD-04865,train,positive
PAMD-04866,train,positive
PAMD-04867,test,positive
PAMD-04868,train,positive
PAMD-04869,train,positive
PAMD-04870,test,positive
PAMD-04871,train,negative
PAMD-04872,train,negative
PAMD-04873,train,positive
PAMD-04874,train,negative
PAMD-04875,train,negative
PAMD-04876,test,negative
PAMD-04877,train,negative
PAMD-04878,train,negative
PAMD-04879,test,negative
PAMD-04880,train,negative
PAMD-04881,train,negative
PAMD-04882,train,negative
PAMD-04883,train,negative
PAMD-04884,train,positive
PAMD-04885,train,positive
PAMD-04886,train,positive
PAMD-04887,train,positive
PAMD-04888,train,positive
PAMD-04889,test,positive
PAMD-04890,train,positive
PAMD-04891,train,positive
PAMD-04892,train,positive
PAMD-04893,train,positive
PAMD-04894,train,positive
PAMD-04895,train,positive
PAMD-04896,train,positive
PAMD-04897,train,positive
PAMD-04898,test,positive
PAMD-04899,train,positive
PAMD-04900,test,positive
PAMD-04901,train,positive
PAMD-04902,train,positive
PAMD-04903,train,positive
PAMD-04904,train,positive
PAMD-04905,train,positive
PAMD-04906,train,positive
PAMD-04907,train,positive
PAMD-04908,train,positive
PAMD-04909,train,positive
PAMD-04910,train,positive
PAMD-04911,train,positive
PAMD-04912,test,positive
PAMD-04913,test,positive
PAMD-04914,train,positive
PAMD-04915,train,positive
PAMD-04916,train,positive
PAMD-04917,train,positive
PAMD-04918,train,positive
PAMD-04919,train,positive
PAMD-04920,train,positive
PAMD-04921,train,positive
PAMD-04922,train,positive
PAMD-04923,train,positive
PAMD-04924,train,positive
PAMD-04925,train,positive
PAMD-04926,train,positive
PAMD-04927,train,positive
PAMD-04928,train,positive
PAMD-04929,train,positive
PAMD-04930,train,positive
PAMD-04931,train,negative
PAMD-04932,train,positive
PAMD-04933,train,positive
PAMD-04934,train,positive
PAMD-04935,train,positive
PAMD-04936,train,positive
PAMD-04937,train,positive
PAMD-04938,train,positive
PAMD-04939,train,positive
PAMD-04940,train,positive
PAMD-04941,train,positive
PAMD-04942,train,positive
PAMD-04943,train,positive
PAMD-04944,train,positive
PAMD-04945,train,positive
PAMD-04946,train,positive
PAMD-04947,train,positive
PAMD-04948,train,positive
PAMD-04949,train,positive
PAMD-04950,train,positive
PAMD-04951,test,positive
PAMD-04952,train,positive
PAMD-04953,train,positive
PAMD-04954,train,positive
PAMD-04955,train,positive
PAMD-04956,train,positive
PAMD-04957,train,positive
PAMD-04958,train,positive
PAMD-04959,train,positive
PAMD-04960,train,positive
PAMD-04961,train,positive
PAMD-04962,train,positive
PAMD-04963,train,positive
PAMD-04964,train,positive
PAMD-04965,train,positive
PAMD-04966,train,positive
PAMD-04967,train,positive
PAMD-04968,train,positive
PAMD-04969,train,positive
PAMD-04970,train,positive
PAMD-04971,train,positive
PAMD-04972,train,positive
PAMD-04973,train,positive
PAMD-04974,test,positive
PAMD-04975,train,positive
PAMD-04976,train,positive
PAMD-04977,train,positive
PAMD-04978,test,positive
PAMD-04979,train,positive
PAMD-04980,train,positive
PAMD-04981,train,positive
PAMD-04982,test,positive
PAMD-04983,train,positive
PAMD-04984,train,positive
PAMD-04985,train,positive
PAMD-04986,train,positive
PAMD-04987,train,positive
PAMD-04988,test,positive
PAMD-04989,train,positive
PAMD-04990,train,positive
PAMD-04991,train,positive
PAMD-04992,train,positive
PAMD-04993,train,positive
PAMD-04994,train,positive
PAMD-04995,train,positive
PAMD-04996,train,positive
PAMD-04997,train,positive
PAMD-04998,train,positive
PAMD-04999,train,positive
PAMD-05000,test,positive
PAMD-05001,test,positive
PAMD-05002,train,positive
PAMD-05003,train,positive
PAMD-05004,test,positive
PAMD-05005,train,negative
PAMD-05006,train,positive
PAMD-05007,test,positive
PAMD-05008,train,positive
PAMD-05009,train,positive
PAMD-05010,train,positive
PAMD-05011,train,positive
PAMD-05012,test,positive
PAMD-05013,train,positive
PAMD-05014,train,positive
PAMD-05015,train,positive
PAMD-05016,train,positive
PAMD-05017,train,positive
PAMD-05018,test,positive
PAMD-05019,train,positive
PAMD-05020,train,positive
PAMD-05021,train,positive
PAMD-05022,train,positive
PAMD-05023,train,positive
PAMD-05024,train,positive
PAMD-05025,train,positive
PAMD-05026,train,positive
PAMD-05027,train,positive
PAMD-05028,train,positive
PAMD-05029,train,positive
PAMD-05030,train,positive
PAMD-05031,train,positive
PAMD-05032,train,positive
PAMD-05033,train,positive
PAMD-05034,train,positive
PAMD-05035,train,positive
PAMD-05036,train,positive
PAMD-05037,train,positive
PAMD-05038,train,positive
PAMD-05039,train,positive
PAMD-05040,train,positive
PAMD-05041,test,positive
PAMD-05042,train,positive
PAMD-05043,train,positive
PAMD-05044,train,positive
PAMD-05045,train,positive
PAMD-05046,train,negative
PAMD-05047,train,positive
PAMD-05048,train,positive
PAMD-05049,train,positive
PAMD-05050,train,negative
PAMD-05051,test,positive
PAMD-05052,train,positive
PAMD-05053,train,positive
PAMD-05054,train,positive
PAMD-05055,train,positive
PAMD-05056,train,positive
PAMD-05057,train,positive
PAMD-05058,train,positive
PAMD-05059,test,negative
PAMD-05060,train,negative
PAMD-05061,train,negative
PAMD-05062,train,negative
PAMD-05063,test,negative
PAMD-05064,train,positive
PAMD-05065,train,positive
PAMD-05066,train,positive
PAMD-05067,test,positive
PAMD-05068,train,positive
PAMD-05069,train,negative
PAMD-05070,train,negative
PAMD-05071,train,negative
PAMD-05072,train,negative
PAMD-05073,train,negative
PAMD-05074,train,negative
PAMD-05075,train,positive
PAMD-05076,train,positive
PAMD-05077,train,positive
PAMD-05078,train,positive
PAMD-05079,train,negative
PAMD-05080,test,negative
PAMD-05081,train,negative
PAMD-05082,train,negative
PAMD-05083,train,negative
PAMD-05084,train,negative
PAMD-05085,train,positive
PAMD-05086,train,negative
PAMD-05087,train,negative
PAMD-05088,train,negative
PAMD-05089,train,negative
PAMD-05090,train,negative
PAMD-05091,train,negative
PAMD-05092,train,negative
PAMD-05093,train,negative
PAMD-05094,train,negative
PAMD-05095,train,negative
PAMD-05096,train,negative
PAMD-05097,train,negative
PAMD-05098,train,negative
PAMD-05099,train,negative
PAMD-05100,train,negative
PAMD-05101,train,negative
PAMD-05102,train,negative
PAMD-05103,train,negative
PAMD-05104,train,negative
PAMD-05105,train,negative
PAMD-05106,train,negative
PAMD-05107,train,negative
PAMD-05108,test,positive
PAMD-05109,train,positive
PAMD-05110,train,positive
PAMD-05111,train,positive
PAMD-05112,test,negative
PAMD-05113,test,negative
PAMD-05114,train,negative
PAMD-05115,train,positive
PAMD-05116,train,positive
PAMD-05117,train,positive
PAMD-05118,train,negative
PAMD-05119,train,negative
PAMD-05120,train,negative
PAMD-05121,train,positive
PAMD-05122,train,negative
PAMD-05123,train,negative
PAMD-05124,train,negative
PAMD-05125,train,negative
PAMD-05126,train,negative
PAMD-05127,train,negative
PAMD-05128,train,negative
PAMD-05129,train,negative
PAMD-05130,train,negative
PAMD-05131,test,negative
PAMD-05132,test,negative
PAMD-05133,train,negative
PAMD-05134,train,negative
PAMD-05135,test,negative
PAMD-05136,test,negative
PAMD-05137,test,negative
PAMD-05138,train,negative
PAMD-05139,train,negative
PAMD-05140,train,negative
PAMD-05141,train,negative
PAMD-05142,train,negative
PAMD-05143,train,positive
PAMD-05144,train,positive
PAMD-05145,train,positive
PAMD-05146,train,positive
PAMD-05147,train,negative
PAMD-05148,train,negative
PAMD-05149,train,negative
PAMD-05150,train,negative
PAMD-05151,train,negative
PAMD-05152,train,negative
PAMD-05153,train,negative
PAMD-05154,train,negative
PAMD-05155,train,negative
PAMD-05156,train,positive
PAMD-05157,train,positive
PAMD-05158,train,positive
PAMD-05159,train,positive
PAMD-05160,train,positive
PAMD-05161,train,positive
PAMD-05162,train,positive
PAMD-05163,train,positive
PAMD-05164,train,positive
PAMD-05165,train,positive
PAMD-05166,train,positive
PAMD-05167,train,positive
PAMD-05168,train,positive
PAMD-05169,train,positive
PAMD-05170,train,positive
PAMD-05171,train,positive
PAMD-05172,train,positive
PAMD-05173,train,positive
PAMD-05174,train,positive
PAMD-05175,train,positive
PAMD-05176,train,positive
PAMD-05177,train,positive
PAMD-05178,train,positive
PAMD-05179,train,positive
PAMD-05180,train,positive
PAMD-05181,train,positive
PAMD-05182,train,positive
PAMD-05183,train,positive
PAMD-05184,train,positive
PAMD-05185,train,positive
PAMD-05186,train,positive
PAMD-05187,train,positive
PAMD-05188,test,positive
PAMD-05189,train,positive
PAMD-05190,train,positive
PAMD-05191,train,positive
PAMD-05192,train,positive
PAMD-05193,train,positive
PAMD-05194,train,positive
PAMD-05195,train,positive
PAMD-05196,train,positive
PAMD-05197,train,positive
PAMD-05198,train,positive
PAMD-05199,train,positive
PAMD-05200,train,negative
PAMD-05201,train,negative
PAMD-05202,train,negative
PAMD-05203,test,negative
PAMD-05204,train,negative
PAMD-05205,train,negative
PAMD-05206,train,negative
PAMD-05207,train,negative
PAMD-05208,train,negative
PAMD-05209,train,negative
PAMD-05210,train,negative
PAMD-05211,test,negative
PAMD-05212,train,negative
PAMD-05213,train,negative
PAMD-05214,train,negative
PAMD-05215,train,negative
PAMD-05216,test,negative
PAMD-05217,train,negative
PAMD-05218,train,negative
PAMD-05219,train,negative
PAMD-05220,train,negative
PAMD-05221,train,negative
PAMD-05222,train,negative
PAMD-05223,train,negative
PAMD-05224,train,negative
PAMD-05225,train,negative
PAMD-05226,test,negative
PAMD-05227,train,negative
PAMD-05228,train,negative
PAMD-05229,test,positive
PAMD-05230,train,positive
PAMD-05231,train,positive
PAMD-05232,train,positive
PAMD-05233,train,positive
PAMD-05234,train,positive
PAMD-05235,train,positive
PAMD-05236,train,positive
PAMD-05237,train,positive
PAMD-05238,train,positive
PAMD-05239,train,positive
PAMD-05240,train,positive
PAMD-05241,train,positive
PAMD-05242,train,positive
PAMD-05243,train,positive
PAMD-05244,train,positive
PAMD-05245,train,positive
PAMD-05246,train,positive
PAMD-05247,train,positive
PAMD-05248,train,positive
PAMD-05249,train,positive
PAMD-05250,train,positive
PAMD-05251,train,positive
PAMD-05252,train,positive
PAMD-05253,train,negative
PAMD-05254,train,negative
PAMD-05255,train,negative
PAMD-05256,train,positive
PAMD-05257,train,positive
PAMD-05258,train,positive
PAMD-05259,test,positive
PAMD-05260,train,negative
PAMD-05261,train,negative
PAMD-05262,train,negative
PAMD-05263,train,negative
PAMD-05264,train,negative
PAMD-05265,train,negative
PAMD-05266,train,negative
PAMD-05267,train,negative
PAMD-05268,train,negative
PAMD-05269,train,negative
PAMD-05270,train,negative
PAMD-05271,train,positive
PAMD-05272,test,positive
PAMD-05273,train,positive
PAMD-05274,train,positive
PAMD-05275,train,positive
PAMD-05276,train,positive
PAMD-05277,train,positive
PAMD-05278,train,negative
PAMD-05279,train,positive
PAMD-05280,train,positive
PAMD-05281,train,positive
PAMD-05282,train,positive
PAMD-05283,train,positive
PAMD-05284,test,positive
PAMD-05285,train,positive
PAMD-05286,train,positive
PAMD-05287,train,positive
PAMD-05288,train,positive
PAMD-05289,train,positive
PAMD-05290,train,positive
PAMD-05291,train,positive
PAMD-05292,train,negative
PAMD-05293,train,positive
PAMD-05294,train,positive
PAMD-05295,train,positive
PAMD-05296,train,positive
PAMD-05297,train,positive
PAMD-05298,train,positive
PAMD-05299,train,positive
PAMD-05300,train,positive
PAMD-05301,train,positive
PAMD-05302,train,positive
PAMD-05303,train,positive
PAMD-05304,test,positive
PAMD-05305,test,negative
PAMD-05306,train,positive
PAMD-05307,train,positive
PAMD-05308,train,positive
PAMD-05309,train,positive
PAMD-05310,test,positive
PAMD-05311,train,positive
PAMD-05312,train,positive
PAMD-05313,train,positive
PAMD-05314,train,positive
PAMD-05315,train,positive
PAMD-05316,train,positive
PAMD-05317,train,positive
PAMD-05318,train,positive
PAMD-05319,train,positive
PAMD-05320,train,positive
PAMD-05321,train,positive
PAMD-05322,train,positive
PAMD-05323,train,positive
PAMD-05324,train,positive
PAMD-05325,train,negative
PAMD-05326,train,positive
PAMD-05327,train,positive
PAMD-05328,train,positive
PAMD-05329,test,positive
PAMD-05330,train,positive
PAMD-05331,train,positive
PAMD-05332,test,positive
PAMD-05333,train,positive
PAMD-05334,train,positive
PAMD-05335,train,positive
PAMD-05336,test,positive
PAMD-05337,train,positive
PAMD-05338,train,positive
PAMD-05339,train,positive
PAMD-05340,train,positive
PAMD-05341,train,positive
PAMD-05342,train,positive
PAMD-05343,train,positive
PAMD-05344,train,positive
PAMD-05345,train,positive
PAMD-05346,train,negative
PAMD-05347,test,negative
PAMD-05348,train,negative
PAMD-05349,train,positive
PAMD-05350,train,positive
PAMD-05351,train,negative
PAMD-05352,train,negative
PAMD-05353,train,negative
PAMD-05354,train,negative
PAMD-05355,train,negative
PAMD-05356,train,negative
PAMD-05357,train,negative
PAMD-05358,train,negative
PAMD-05359,train,negative
PAMD-05360,train,negative
PAMD-05361,train,negative
PAMD-05362,train,negative
PAMD-05363,train,negative
PAMD-05364,train,negative
PAMD-05365,train,negative
PAMD-05366,train,negative
PAMD-05367,train,negative
PAMD-05368,train,positive
PAMD-05369,train,positive
PAMD-05370,train,negative
PAMD-05371,train,negative
PAMD-05372,train,positive
PAMD-05373,train,positive
PAMD-05374,train,positive
PAMD-05375,train,negative
PAMD-05376,train,negative
PAMD-05377,train,positive
PAMD-05378,test,negative
PAMD-05379,train,positive
PAMD-05380,train,positive
PAMD-05381,train,positive
PAMD-05382,train,positive
PAMD-05383,train,positive
PAMD-05384,test,positive
PAMD-05385,train,positive
PAMD-05386,train,positive
PAMD-05387,train,positive
PAMD-05388,train,positive
PAMD-05389,train,positive
PAMD-05390,train,positive
PAMD-05391,train,positive
PAMD-05392,train,positive
PAMD-05393,train,positive
PAMD-05394,train,positive
PAMD-05395,train,positive
PAMD-05396,train,positive
PAMD-05397,train,positive
PAMD-05398,train,positive
PAMD-05399,train,positive
PAMD-05400,train,positive
PAMD-05401,train,positive
PAMD-05402,train,positive
PAMD-05403,train,positive
PAMD-05404,test,positive
PAMD-05405,train,positive
PAMD-05406,train,positive
PAMD-05407,train,negative
PAMD-05408,train,negative
PAMD-05409,train,positive
PAMD-05410,train,positive
PAMD-05411,train,positive
PAMD-05412,train,positive
PAMD-05413,train,positive
PAMD-05414,train,positive
PAMD-05415,test,positive
PAMD-05416,test,positive
PAMD-05417,train,positive
PAMD-05418,train,negative
PAMD-05419,train,negative
PAMD-05420,train,negative
PAMD-05421,train,negative
PAMD-05422,train,positive
PAMD-05423,train,negative
PAMD-05424,train,negative
PAMD-05425,train,positive
PAMD-05426,train,positive
PAMD-05427,train,positive
PAMD-05428,train,positive
PAMD-05429,train,negative
PAMD-05430,train,negative
PAMD-05431,train,negative
PAMD-05432,test,negative
PAMD-05433,train,negative
PAMD-05434,train,negative
PAMD-05435,train,negative
PAMD-05436,train,negative
PAMD-05437,train,negative
PAMD-05438,train,negative
PAMD-05439,train,positive
PAMD-05440,train,positive
PAMD-05441,train,positive
PAMD-05442,train,positive
PAMD-05443,train,negative
PAMD-05444,train,negative
PAMD-05445,train,negative
PAMD-05446,train,negative
PAMD-05447,train,negative
PAMD-05448,train,negative
PAMD-05449,train,positive
PAMD-05450,train,positive
PAMD-05451,train,positive
PAMD-05452,train,positive
PAMD-05453,train,positive
PAMD-05454,train,positive
PAMD-05455,train,positive
PAMD-05456,train,positive
PAMD-05457,train,positive
PAMD-05458,train,positive
PAMD-05459,train,negative
PAMD-05460,train,negative
PAMD-05461,train,positive
PAMD-05462,train,negative
PAMD-05463,test,negative
PAMD-05464,train,negative
PAMD-05465,train,negative
PAMD-05466,train,negative
PAMD-05467,train,negative
PAMD-05468,train,negative
PAMD-05469,test,negative
PAMD-05470,test,negative
PAMD-05471,test,negative
PAMD-05472,train,negative
PAMD-05473,test,negative
PAMD-05474,train,negative
PAMD-05475,train,negative
PAMD-05476,train,negative
PAMD-05477,train,negative
PAMD-05478,train,negative
PAMD-05479,train,negative
PAMD-05480,train,negative
PAMD-05481,train,negative
PAMD-05482,test,negative
PAMD-05483,train,negative
PAMD-05484,train,negative
PAMD-05485,train,negative
PAMD-05486,train,negative
PAMD-05487,train,negative
PAMD-05488,train,negative
PAMD-05489,train,negative
PAMD-05490,test,negative
PAMD-05491,train,negative
PAMD-05492,train,negative
PAMD-05493,train,negative
PAMD-05494,train,negative
PAMD-05495,train,negative
PAMD-05496,train,negative
PAMD-05497,train,negative
PAMD-05498,train,negative
PAMD-05499,train,negative
PAMD-05500,train,negative
PAMD-05501,train,negative
PAMD-05502,train,negative
PAMD-05503,train,negative
PAMD-05504,test,negative
PAMD-05505,train,negative
PAMD-05506,train,negative
PAMD-05507,train,negative
PAMD-05508,train,negative
PAMD-05509,train,negative
PAMD-05510,train,negative
PAMD-05511,train,negative
PAMD-05512,train,negative
PAMD-05513,train,negative
PAMD-05514,train,negative
PAMD-05515,train,negative
PAMD-05516,train,negative
PAMD-05517,test,negative
PAMD-05518,train,negative
PAMD-05519,train,negative
PAMD-05520,train,negative
PAMD-05521,train,negative
PAMD-05522,train,negative
PAMD-05523,train,negative
PAMD-05524,train,negative
PAMD-05525,train,negative
PAMD-05526,train,negative
PAMD-05527,train,negative
PAMD-05528,train,negative
PAMD-05529,train,negative
PAMD-05530,test,negative
PAMD-05531,train,negative
PAMD-05532,train,negative
PAMD-05533,train,negative
PAMD-05534,test,negative
PAMD-05535,train,negative
PAMD-05536,train,negative
PAMD-05537,train,positive
PAMD-05538,train,positive
PAMD-05539,train,positive
PAMD-05540,train,positive
PAMD-05541,train,positive
PAMD-05542,train,positive
PAMD-05543,train,positive
PAMD-05544,train,positive
PAMD-05545,train,positive
PAMD-05546,train,positive
PAMD-05547,train,positive
PAMD-05548,train,positive
PAMD-05549,train,positive
PAMD-05550,test,positive
PAMD-05551,train,positive
PAMD-05552,train,positive
PAMD-05553,train,positive
PAMD-05554,train,positive
PAMD-05555,train,negative
PAMD-05556,train,positive
PAMD-05557,train,negative
PAMD-05558,train,negative
PAMD-05559,train,positive
PAMD-05560,train,positive
PAMD-05561,train,positive
PAMD-05562,train,negative
PAMD-05563,train,negative
PAMD-05564,train,negative
PAMD-05565,train,positive
PAMD-05566,train,positive
PAMD-05567,train,positive
PAMD-05568,train,positive
PAMD-05569,train,positive
PAMD-05570,train,positive
PAMD-05571,train,positive
PAMD-05572,train,positive
PAMD-05573,train,positive
PAMD-05574,train,negative
PAMD-05575,test,negative
PAMD-05576,train,negative
PAMD-05577,train,negative
PAMD-05578,train,negative
PAMD-05579,train,positive
PAMD-05580,train,negative
PAMD-05581,train,negative
PAMD-05582,train,negative
PAMD-05583,train,negative
PAMD-05584,train,negative
PAMD-05585,train,negative
PAMD-05586,test,positive
PAMD-05587,train,negative
PAMD-05588,train,negative
PAMD-05589,train,negative
PAMD-05590,train,positive
PAMD-05591,train,positive
PAMD-05592,test,negative
PAMD-05593,train,negative
PAMD-05594,train,negative
PAMD-05595,train,positive
PAMD-05596,train,negative
PAMD-05597,train,negative
PAMD-05598,train,negative
PAMD-05599,test,negative
PAMD-05600,train,negative
PAMD-05601,train,positive
PAMD-05602,train,positive
PAMD-05603,train,negative
PAMD-05604,train,negative
PAMD-05605,train,negative
PAMD-05606,train,positive
PAMD-05607,train,positive
PAMD-05608,train,negative
PAMD-05609,train,negative
PAMD-05610,train,negative
PAMD-05611,train,negative
PAMD-05612,train,negative
PAMD-05613,train,negative
PAMD-05614,train,negative
PAMD-05615,train,negative
PAMD-05616,train,negative
PAMD-05617,train,negative
PAMD-05618,train,negative
PAMD-05619,train,negative
PAMD-05620,train,negative
PAMD-05621,train,positive
PAMD-05622,train,positive
PAMD-05623,train,negative
PAMD-05624,train,positive
PAMD-05625,train,positive
PAMD-05626,train,negative
PAMD-05627,train,negative
PAMD-05628,train,negative
PAMD-05629,train,negative
PAMD-05630,train,positive
PAMD-05631,train,positive
PAMD-05632,train,positive
PAMD-05633,train,positive
PAMD-05634,train,positive
PAMD-05635,train,positive
PAMD-05636,train,negative
PAMD-05637,test,negative
PAMD-05638,train,negative
PAMD-05639,train,negative
PAMD-05640,train,negative
PAMD-05641,train,negative
PAMD-05642,train,negative
PAMD-05643,test,negative
PAMD-05644,train,negative
PAMD-05645,train,negative
PAMD-05646,train,negative
PAMD-05647,train,negative
PAMD-05648,train,negative
PAMD-05649,train,negative
PAMD-05650,train,negative
PAMD-05651,train,negative
PAMD-05652,train,negative
PAMD-05653,train,negative
PAMD-05654,train,negative
PAMD-05655,train,negative
PAMD-05656,train,negative
PAMD-05657,train,negative
PAMD-05658,train,negative
PAMD-05659,train,negative
PAMD-05660,test,negative
PAMD-05661,train,negative
PAMD-05662,train,negative
PAMD-05663,train,negative
PAMD-05664,train,negative
PAMD-05665,train,negative
PAMD-05666,train,negative
PAMD-05667,train,negative
PAMD-05668,train,negative
PAMD-05669,train,negative
PAMD-05670,train,negative
PAMD-05671,train,negative
PAMD-05672,train,negative
PAMD-05673,test,negative
PAMD-05674,test,negative
PAMD-05675,train,negative
PAMD-05676,train,negative
PAMD-05677,train,negative
PAMD-05678,test,negative
PAMD-05679,test,negative
PAMD-05680,train,negative
PAMD-05681,train,negative
PAMD-05682,train,negative
PAMD-05683,train,negative
PAMD-05684,train,negative
PAMD-05685,train,negative
PAMD-05686,train,negative
PAMD-05687,train,negative
PAMD-05688,train,negative
PAMD-05689,train,negative
PAMD-05690,train,negative
PAMD-05691,train,negative
PAMD-05692,train,negative
PAMD-05693,train,negative
PAMD-05694,test,negative
PAMD-05695,train,negative
PAMD-05696,train,negative
PAMD-05697,train,negative
PAMD-05698,train,negative
PAMD-05699,train,negative
PAMD-05700,train,negative
PAMD-05701,train,negative
PAMD-05702,train,negative
PAMD-05703,train,negative
PAMD-05704,train,negative
PAMD-05705,test,negative
PAMD-05706,train,negative
PAMD-05707,train,negative
PAMD-05708,test,negative
PAMD-05709,train,negative
PAMD-05710,train,negative
PAMD-05711,train,negative
PAMD-05712,train,negative
PAMD-05713,train,negative
PAMD-05714,train,negative
PAMD-05715,train,negative
PAMD-05716,train,negative
PAMD-05717,train,negative
PAMD-05718,train,negative
PAMD-05719,train,negative
PAMD-05720,train,negative
PAMD-05721,train,negative
PAMD-05722,train,negative
PAMD-05723,test,negative
PAMD-05724,train,negative
PAMD-05725,train,negative
PAMD-05726,train,negative
PAMD-05727,train,negative
PAMD-05728,train,negative
PAMD-05729,train,negative
PAMD-05730,train,negative
PAMD-05731,train,negative
PAMD-05732,train,negative
PAMD-05733,train,negative
PAMD-05734,train,negative
PAMD-05735,train,negative
PAMD-05736,train,negative
PAMD-05737,train,negative
PAMD-05738,train,positive
PAMD-05739,train,positive
PAMD-05740,train,positive
PAMD-05741,test,positive
PAMD-05742,train,positive
PAMD-05743,train,positive
PAMD-05744,train,positive
PAMD-05745,train,negative
PAMD-05746,train,negative
PAMD-05747,train,negative
PAMD-05748,train,positive
PAMD-05749,train,positive
PAMD-05750,train,positive
PAMD-05751,train,positive
PAMD-05752,train,positive
PAMD-05753,train,positive
PAMD-05754,train,negative
PAMD-05755,train,positive
PAMD-05756,train,negative
PAMD-05757,train,negative
PAMD-05758,train,negative
PAMD-05759,train,negative
PAMD-05760,test,positive
PAMD-05761,train,negative
PAMD-05762,train,negative
PAMD-05763,test,negative
PAMD-05764,train,positive
PAMD-05765,test,positive
PAMD-05766,train,positive
PAMD-05767,train,positive
PAMD-05768,train,positive
PAMD-05769,train,positive
PAMD-05770,train,positive
PAMD-05771,train,positive
PAMD-05772,train,positive
PAMD-05773,train,positive
PAMD-05774,test,positive
PAMD-05775,train,positive
PAMD-05776,train,positive
PAMD-05777,train,positive
PAMD-05778,train,positive
PAMD-05779,train,positive
PAMD-05780,train,positive
PAMD-05781,train,negative
PAMD-05782,train,negative
PAMD-05783,train,negative
PAMD-05784,train,negative
PAMD-05785,test,negative
PAMD-05786,train,negative
PAMD-05787,train,negative
PAMD-05788,train,negative
PAMD-05789,train,negative
PAMD-05790,train,negative
PAMD-05791,train,negative
PAMD-05792,train,negative
PAMD-05793,train,negative
PAMD-05794,train,negative
PAMD-05795,train,negative
PAMD-05796,train,negative
PAMD-05797,train,negative
PAMD-05798,train,negative
PAMD-05799,train,negative
PAMD-05800,train,negative
PAMD-05801,train,negative
PAMD-05802,test,negative
PAMD-05803,train,negative
PAMD-05804,train,negative
PAMD-05805,train,negative
PAMD-05806,train,negative
PAMD-05807,train,negative
PAMD-05808,train,negative
PAMD-05809,train,negative
PAMD-05810,train,negative
PAMD-05811,train,negative
PAMD-05812,train,negative
PAMD-05813,train,negative
PAMD-05814,train,negative
PAMD-05815,test,negative
PAMD-05816,train,negative
PAMD-05817,train,negative
PAMD-05818,train,negative
PAMD-05819,train,negative
PAMD-05820,train,negative
PAMD-05821,train,negative
PAMD-05822,test,negative
PAMD-05823,train,negative
PAMD-05824,train,negative
PAMD-05825,test,negative
PAMD-05826,train,negative
PAMD-05827,test,negative
PAMD-05828,train,negative
PAMD-05829,train,negative
PAMD-05830,train,negative
PAMD-05831,train,negative
PAMD-05832,train,negative
PAMD-05833,train,negative
PAMD-05834,train,negative
PAMD-05835,train,negative
PAMD-05836,train,negative
PAMD-05837,train,negative
PAMD-05838,train,negative
PAMD-05839,train,negative
PAMD-05840,train,negative
PAMD-05841,train,negative
PAMD-05842,train,negative
PAMD-05843,train,negative
PAMD-05844,train,negative
PAMD-05845,train,negative
PAMD-05846,train,negative
PAMD-05847,train,negative
PAMD-05848,test,negative
PAMD-05849,train,negative
PAMD-05850,train,negative
PAMD-05851,train,negative
PAMD-05852,train,negative
PAMD-05853,train,negative
PAMD-05854,train,negative
PAMD-05855,train,negative
PAMD-05856,train,negative
PAMD-05857,train,negative
PAMD-05858,train,negative
PAMD-05859,train,negative
PAMD-05860,train,negative
PAMD-05861,train,negative
PAMD-05862,train,negative
PAMD-05863,train,negative
PAMD-05864,train,negative
PAMD-05865,train,negative
PAMD-05866,train,negative
PAMD-05867,train,negative
PAMD-05868,train,negative
PAMD-05869,train,negative
PAMD-05870,train,negative
PAMD-05871,train,negative
PAMD-05872,train,negative
PAMD-05873,train,negative
PAMD-05874,train,negative
PAMD-05875,train,negative
PAMD-05876,train,negative
PAMD-05877,test,negative
PAMD-05878,train,negative
PAMD-05879,train,negative
PAMD-05880,train,negative
PAMD-05881,train,negative
PAMD-05882,train,negative
PAMD-05883,train,negative
PAMD-05884,train,negative
PAMD-05885,train,negative
PAMD-05886,train,negative
PAMD-05887,train,negative
PAMD-05888,train,negative
PAMD-05889,train,negative
PAMD-05890,train,negative
PAMD-05891,train,negative
PAMD-05892,train,negative
PAMD-05893,train,negative
PAMD-05894,train,negative
PAMD-05895,train,negative
PAMD-05896,train,negative
PAMD-05897,train,negative
PAMD-05898,train,negative
PAMD-05899,train,negative
PAMD-05900,train,negative
PAMD-05901,train,negative
PAMD-05902,train,negative
PAMD-05903,train,negative
PAMD-05904,test,negative
PAMD-05905,train,negative
PAMD-05906,train,negative
PAMD-05907,train,negative
PAMD-05908,train,negative
PAMD-05909,test,negative
PAMD-05910,train,negative
PAMD-05911,train,negative
PAMD-05912,train,negative
PAMD-05913,train,negative
PAMD-05914,train,negative
PAMD-05915,train,negative
PAMD-05916,train,negative
PAMD-05917,train,negative
PAMD-05918,train,negative
PAMD-05919,train,negative
PAMD-05920,train,negative
PAMD-05921,train,negative
PAMD-05922,train,negative
PAMD-05923,train,negative
PAMD-05924,train,negative
PAMD-05925,train,negative
PAMD-05926,train,negative
PAMD-05927,train,negative
PAMD-05928,train,negative
PAMD-05929,train,negative
PAMD-05930,train,negative
PAMD-05931,test,negative
PAMD-05932,train,negative
PAMD-05933,train,negative
PAMD-05934,train,negative
PAMD-05935,train,negative
PAMD-05936,train,negative
PAMD-05937,train,negative
PAMD-05938,train,negative
PAMD-05939,train,negative
PAMD-05940,train,negative
PAMD-05941,train,negative
PAMD-05942,train,negative
PAMD-05943,train,negative
PAMD-05944,train,negative
PAMD-05945,train,negative
PAMD-05946,train,negative
PAMD-05947,train,negative
PAMD-05948,train,negative
PAMD-05949,train,negative
PAMD-05950,train,negative
PAMD-05951,train,negative
PAMD-05952,train,negative
PAMD-05953,train,negative
PAMD-05954,train,negative
PAMD-05955,train,negative
PAMD-05956,train,negative
PAMD-05957,test,negative
PAMD-05958,train,negative
PAMD-05959,train,negative
PAMD-05960,train,negative
PAMD-05961,train,negative
PAMD-05962,train,negative
PAMD-05963,train,negative
PAMD-05964,train,negative
PAMD-05965,train,negative
PAMD-05966,train,negative
PAMD-05967,train,negative
PAMD-05968,train,negative
PAMD-05969,train,negative
PAMD-05970,test,negative
PAMD-05971,train,negative
PAMD-05972,train,negative
PAMD-05973,train,negative
PAMD-05974,train,negative
PAMD-05975,train,negative
PAMD-05976,train,negative
PAMD-05977,train,negative
PAMD-05978,train,negative
PAMD-05979,train,negative
PAMD-05980,train,negative
PAMD-05981,train,negative
PAMD-05982,train,negative
PAMD-05983,train,negative
PAMD-05984,train,negative
PAMD-05985,train,negative
PAMD-05986,train,negative
PAMD-05987,train,negative
PAMD-05988,train,negative
PAMD-05989,train,negative
PAMD-05990,train,negative
PAMD-05991,train,negative
PAMD-05992,train,negative
PAMD-05993,test,negative
PAMD-05994,train,negative
PAMD-05995,train,negative
PAMD-05996,train,negative
PAMD-05997,train,negative
PAMD-05998,train,negative
PAMD-05999,train,negative
PAMD-06000,train,negative
PAMD-06001,train,negative
PAMD-06002,train,negative
PAMD-06003,train,negative
PAMD-06004,train,negative
PAMD-06005,train,negative
PAMD-06006,train,negative
PAMD-06007,train,negative
PAMD-06008,train,negative
PAMD-06009,train,negative
PAMD-06010,train,negative
PAMD-06011,train,negative
PAMD-06012,train,negative
PAMD-06013,train,negative
PAMD-06014,test,negative
PAMD-06015,test,negative
PAMD-06016,train,negative
PAMD-06017,train,negative
PAMD-06018,train,negative
PAMD-06019,train,negative
PAMD-06020,train,negative
PAMD-06021,train,negative
PAMD-06022,train,negative
PAMD-06023,train,negative
PAMD-06024,train,negative
PAMD-06025,train,negative
PAMD-06026,train,negative
PAMD-06027,test,negative
PAMD-06028,test,negative
PAMD-06029,train,negative
PAMD-06030,train,negative
PAMD-06031,train,negative
PAMD-06032,train,negative
PAMD-06033,train,negative
PAMD-06034,train,negative
PAMD-06035,train,negative
PAMD-06036,train,negative
PAMD-06037,train,negative
PAMD-06038,train,negative
PAMD-06039,train,negative
PAMD-06040,train,negative
PAMD-06041,train,negative
PAMD-06042,train,negative
PAMD-06043,train,negative
PAMD-06044,train,negative
PAMD-06045,train,negative
PAMD-06046,test,negative
PAMD-06047,train,negative
PAMD-06048,train,negative
PAMD-06049,train,negative
PAMD-06050,train,negative
PAMD-06051,train,negative
PAMD-06052,train,negative
PAMD-06053,train,negative
PAMD-06054,train,negative
PAMD-06055,train,negative
PAMD-06056,train,negative
PAMD-06057,train,negative
PAMD-06058,train,negative
PAMD-06059,train,negative
PAMD-06060,train,negative
PAMD-06061,train,negative
PAMD-06062,train,negative
PAMD-06063,train,negative
PAMD-06064,train,negative
PAMD-06065,test,negative
PAMD-06066,train,negative
PAMD-06067,train,negative
PAMD-06068,train,negative
PAMD-06069,train,negative
PAMD-06070,train,negative
PAMD-06071,train,negative
PAMD-06072,train,negative
PAMD-06073,train,negative
PAMD-06074,train,negative
PAMD-06075,train,negative
PAMD-06076,train,negative
PAMD-06077,train,negative
PAMD-06078,train,negative
PAMD-06079,train,negative
PAMD-06080,test,negative
PAMD-06081,train,negative
PAMD-06082,train,negative
PAMD-06083,train,negative
PAMD-06084,train,negative
PAMD-06085,train,negative
PAMD-06086,train,negative
PAMD-06087,train,negative
PAMD-06088,train,negative
PAMD-06089,train,negative
PAMD-06090,test,negative
PAMD-06091,train,negative
PAMD-06092,train,negative
PAMD-06093,train,negative
PAMD-06094,train,negative
PAMD-06095,train,negative
PAMD-06096,train,negative
PAMD-06097,test,negative
PAMD-06098,train,negative
PAMD-06099,train,negative
PAMD-06100,train,negative
PAMD-06101,test,negative
PAMD-06102,test,negative
PAMD-06103,test,negative
PAMD-06104,train,negative
PAMD-06105,train,negative
PAMD-06106,train,negative
PAMD-06107,train,negative
PAMD-06108,test,negative
PAMD-06109,train,negative
PAMD-06110,train,negative
PAMD-06111,train,negative
PAMD-06112,train,negative
PAMD-06113,train,negative
PAMD-06114,train,negative
PAMD-06115,train,negative
PAMD-06116,train,negative
PAMD-06117,train,negative
PAMD-06118,train,negative
PAMD-06119,train,negative
PAMD-06120,train,negative
PAMD-06121,train,negative
PAMD-06122,train,negative
PAMD-06123,test,negative
PAMD-06124,train,negative
PAMD-06125,train,negative
PAMD-06126,train,negative
PAMD-06127,train,negative
PAMD-06128,train,negative
PAMD-06129,train,negative
PAMD-06130,train,negative
PAMD-06131,train,negative
PAMD-06132,test,negative
PAMD-06133,train,negative
PAMD-06134,train,negative
PAMD-06135,train,negative
PAMD-06136,train,negative
PAMD-06137,train,negative
PAMD-06138,train,negative
PAMD-06139,train,negative
PAMD-06140,train,negative
PAMD-06141,train,negative
PAMD-06142,test,negative
PAMD-06143,train,negative
PAMD-06144,train,negative
PAMD-06145,train,negative
PAMD-06146,train,negative
PAMD-06147,train,negative
PAMD-06148,train,negative
PAMD-06149,train,negative
PAMD-06150,train,negative
PAMD-06151,train,negative
PAMD-06152,test,negative
PAMD-06153,train,negative
PAMD-06154,train,negative
PAMD-06155,train,negative
PAMD-06156,test,negative
PAMD-06157,train,negative
PAMD-06158,train,negative
PAMD-06159,train,negative
PAMD-06160,train,negative
PAMD-06161,train,negative
PAMD-06162,train,negative
PAMD-06163,train,negative
PAMD-06164,train,negative
PAMD-06165,train,negative
PAMD-06166,train,negative
PAMD-06167,train,negative
PAMD-06168,test,negative
PAMD-06169,train,negative
PAMD-06170,train,negative
PAMD-06171,train,negative
PAMD-06172,train,negative
PAMD-06173,test,negative
PAMD-06174,train,negative
PAMD-06175,train,negative
PAMD-06176,train,negative
PAMD-06177,train,negative
PAMD-06178,train,negative
PAMD-06179,train,negative
PAMD-06180,train,negative
PAMD-06181,train,negative
PAMD-06182,train,negative
PAMD-06183,train,negative
PAMD-06184,train,negative
PAMD-06185,train,negative
PAMD-06186,train,negative
PAMD-06187,train,negative
PAMD-06188,train,negative
PAMD-06189,train,negative
PAMD-06190,train,negative
PAMD-06191,train,negative
PAMD-06192,train,negative
PAMD-06193,train,negative
PAMD-06194,train,negative
PAMD-06195,train,negative
PAMD-06196,train,negative
PAMD-06197,train,negative
PAMD-06198,train,negative
PAMD-06199,train,negative
PAMD-06200,train,negative
PAMD-06201,train,negative
PAMD-06202,train,negative
PAMD-06203,train,negative
PAMD-06204,train,negative
PAMD-06205,train,negative
PAMD-06206,train,negative
PAMD-06207,train,negative
PAMD-06208,train,negative
PAMD-06209,train,negative
PAMD-06210,train,negative
PAMD-06211,train,negative
PAMD-06212,train,negative
PAMD-06213,train,negative
PAMD-06214,train,negative
PAMD-06215,train,negative
PAMD-06216,train,negative
PAMD-06217,train,negative
PAMD-06218,train,negative
PAMD-06219,train,negative
PAMD-06220,train,negative
PAMD-06221,test,negative
PAMD-06222,test,negative
PAMD-06223,train,negative
PAMD-06224,train,negative
PAMD-06225,train,negative
PAMD-06226,train,negative
PAMD-06227,train,negative
PAMD-06228,train,negative
PAMD-06229,train,negative
PAMD-06230,train,negative
PAMD-06231,train,negative
PAMD-06232,train,negative
PAMD-06233,train,negative
PAMD-06234,train,negative
PAMD-06235,train,negative
PAMD-06236,train,negative
PAMD-06237,train,negative
PAMD-06238,test,negative
PAMD-06239,train,negative
PAMD-06240,train,negative
PAMD-06241,train,negative
PAMD-06242,train,negative
PAMD-06243,train,negative
PAMD-06244,train,negative
PAMD-06245,train,negative
PAMD-06246,train,negative
PAMD-06247,train,negative
PAMD-06248,train,negative
PAMD-06249,train,negative
PAMD-06250,train,negative
PAMD-06251,train,negative
PAMD-06252,test,negative
PAMD-06253,train,negative
PAMD-06254,test,negative
PAMD-06255,train,negative
PAMD-06256,train,negative
PAMD-06257,train,negative
PAMD-06258,test,negative
PAMD-06259,train,negative
PAMD-06260,train,negative
PAMD-06261,test,negative
PAMD-06262,train,negative
PAMD-06263,train,negative
PAMD-06264,train,negative
PAMD-06265,train,negative
PAMD-06266,train,negative
PAMD-06267,test,negative
PAMD-06268,train,negative
PAMD-06269,train,negative
PAMD-06270,train,negative
PAMD-06271,train,negative
PAMD-06272,train,negative
PAMD-06273,train,negative
PAMD-06274,train,negative
PAMD-06275,train,negative
PAMD-06276,train,negative
PAMD-06277,train,negative
PAMD-06278,train,negative
PAMD-06279,train,negative
PAMD-06280,test,negative
PAMD-06281,train,negative
PAMD-06282,train,negative
PAMD-06283,train,negative
PAMD-06284,train,negative
PAMD-06285,train,negative
PAMD-06286,train,negative
PAMD-06287,train,negative
PAMD-06288,test,negative
PAMD-06289,train,negative
PAMD-06290,train,negative
PAMD-06291,train,negative
PAMD-06292,train,negative
PAMD-06293,train,negative
PAMD-06294,train,negative
PAMD-06295,train,negative
PAMD-06296,test,negative
PAMD-06297,train,negative
PAMD-06298,train,negative
PAMD-06299,test,negative
PAMD-06300,test,negative
PAMD-06301,train,negative
PAMD-06302,train,negative
PAMD-06303,train,negative
PAMD-06304,train,negative
PAMD-06305,train,negative
PAMD-06306,test,negative
PAMD-06307,train,negative
PAMD-06308,train,negative
PAMD-06309,train,negative
PAMD-06310,train,negative
PAMD-06311,train,negative
PAMD-06312,train,negative
PAMD-06313,train,negative
PAMD-06314,train,negative
PAMD-06315,train,negative
PAMD-06316,train,negative
PAMD-06317,train,negative
PAMD-06318,train,negative
PAMD-06319,test,negative
PAMD-06320,train,negative
PAMD-06321,train,negative
PAMD-06322,train,negative
PAMD-06323,train,negative
PAMD-06324,train,negative
PAMD-06325,train,negative
PAMD-06326,test,negative
PAMD-06327,train,negative
PAMD-06328,test,negative
PAMD-06329,train,negative
PAMD-06330,train,negative
PAMD-06331,train,negative
PAMD-06332,train,negative
PAMD-06333,train,negative
PAMD-06334,train,negative
PAMD-06335,train,negative
PAMD-06336,train,negative
PAMD-06337,train,negative
PAMD-06338,train,negative
PAMD-06339,train,negative
PAMD-06340,train,negative
PAMD-06341,train,negative
PAMD-06342,train,negative
PAMD-06343,train,negative
PAMD-06344,train,negative
PAMD-06345,train,negative
PAMD-06346,test,negative
PAMD-06347,train,negative
PAMD-06348,train,negative
PAMD-06349,train,negative
PAMD-06350,train,negative
PAMD-06351,train,negative
PAMD-06352,train,negative
PAMD-06353,train,negative
PAMD-06354,train,negative
PAMD-06355,train,negative
PAMD-06356,train,negative
PAMD-06357,train,negative
PAMD-06358,train,negative
PAMD-06359,train,negative
PAMD-06360,train,negative
PAMD-06361,train,negative
PAMD-06362,train,negative
PAMD-06363,train,negative
PAMD-06364,train,negative
PAMD-06365,train,negative
PAMD-06366,train,negative
PAMD-06367,train,negative
PAMD-06368,test,negative
PAMD-06369,train,negative
PAMD-06370,train,negative
PAMD-06371,train,negative
PAMD-06372,train,negative
PAMD-06373,train,negative
PAMD-06374,test,negative
PAMD-06375,train,negative
PAMD-06376,train,negative
PAMD-06377,train,negative
PAMD-06378,train,negative
PAMD-06379,test,negative
PAMD-06380,train,negative
PAMD-06381,test,negative
PAMD-06382,train,negative
PAMD-06383,train,negative
PAMD-06384,train,negative
PAMD-06385,train,negative
PAMD-06386,train,negative
PAMD-06387,train,negative
PAMD-06388,train,negative
PAMD-06389,train,negative
PAMD-06390,train,negative
PAMD-06391,train,negative
PAMD-06392,train,negative
PAMD-06393,train,negative
PAMD-06394,train,negative
PAMD-06395,train,negative
PAMD-06396,test,negative
PAMD-06397,train,negative
PAMD-06398,train,negative
PAMD-06399,train,negative
PAMD-06400,train,negative
PAMD-06401,train,negative
PAMD-06402,train,negative
PAMD-06403,train,negative
PAMD-06404,train,negative
PAMD-06405,train,negative
PAMD-06406,train,negative
PAMD-06407,train,negative
PAMD-06408,train,negative
PAMD-06409,train,negative
PAMD-06410,test,negative
PAMD-06411,train,negative
PAMD-06412,train,negative
PAMD-06413,train,negative
PAMD-06414,train,negative
PAMD-06415,train,negative
PAMD-06416,train,negative
PAMD-06417,train,negative
PAMD-06418,train,negative
PAMD-06419,train,negative
PAMD-06420,train,negative
PAMD-06421,train,negative
PAMD-06422,train,negative
PAMD-06423,train,negative
PAMD-06424,train,negative
PAMD-06425,train,negative
PAMD-06426,train,negative
PAMD-06427,test,negative
PAMD-06428,train,negative
PAMD-06429,train,negative
PAMD-06430,train,negative
PAMD-06431,train,negative
PAMD-06432,train,negative
PAMD-06433,train,negative
PAMD-06434,train,negative
PAMD-06435,train,negative
PAMD-06436,train,negative
PAMD-06437,train,negative
PAMD-06438,train,positive
PAMD-06439,test,negative
PAMD-06440,train,negative
PAMD-06441,train,negative
PAMD-06442,train,positive
PAMD-06443,train,positive
PAMD-06444,train,positive
PAMD-06445,train,positive
PAMD-06446,train,negative
PAMD-06447,train,negative
PAMD-06448,train,negative
PAMD-06449,train,negative
PAMD-06450,train,negative
PAMD-06451,train,negative
PAMD-06452,train,negative
PAMD-06453,test,negative
PAMD-06454,train,negative
PAMD-06455,train,negative
PAMD-06456,train,negative
PAMD-06457,train,negative
PAMD-06458,train,negative
PAMD-06459,train,negative
PAMD-06460,train,negative
PAMD-06461,train,negative
PAMD-06462,train,negative
PAMD-06463,train,negative
PAMD-06464,train,negative
PAMD-06465,train,negative
PAMD-06466,train,negative
PAMD-06467,train,negative
PAMD-06468,train,negative
PAMD-06469,test,negative
PAMD-06470,train,negative
PAMD-06471,train,negative
PAMD-06472,train,negative
PAMD-06473,train,negative
PAMD-06474,train,positive
PAMD-06475,train,positive
PAMD-06476,train,positive
PAMD-06477,train,positive
PAMD-06478,train,positive
PAMD-06479,train,positive
PAMD-06480,train,positive
PAMD-06481,train,positive
PAMD-06482,train,positive
PAMD-06483,train,positive
PAMD-06484,train,positive
PAMD-06485,train,positive
PAMD-06486,train,positive
PAMD-06487,test,positive
PAMD-06488,train,positive
PAMD-06489,train,positive
PAMD-06490,train,negative
PAMD-06491,train,negative
PAMD-06492,train,negative
PAMD-06493,train,negative
PAMD-06494,train,negative
PAMD-06495,train,negative
PAMD-06496,train,negative
PAMD-06497,train,negative
PAMD-06498,train,negative
PAMD-06499,test,negative
PAMD-06500,train,negative
PAMD-06501,train,negative
PAMD-06502,train,negative
PAMD-06503,train,negative
PAMD-06504,train,negative
PAMD-06505,train,negative
PAMD-06506,test,negative
PAMD-06507,train,negative
PAMD-06508,train,negative
PAMD-06509,train,positive
PAMD-06510,train,negative
PAMD-06511,train,positive
PAMD-06512,train,negative
PAMD-06513,train,negative
PAMD-06514,train,negative
PAMD-06515,train,negative
PAMD-06516,test,negative
PAMD-06517,train,negative
PAMD-06518,test,negative
PAMD-06519,train,negative
PAMD-06520,train,negative
PAMD-06521,train,negative
PAMD-06522,train,negative
PAMD-06523,train,negative
PAMD-06524,train,negative
PAMD-06525,train,negative
PAMD-06526,train,negative
PAMD-06527,train,negative
PAMD-06528,train,negative
PAMD-06529,train,negative
PAMD-06530,test,negative
PAMD-06531,train,negative
PAMD-06532,train,negative
PAMD-06533,train,negative
PAMD-06534,train,negative
PAMD-06535,train,negative
PAMD-06536,train,negative
PAMD-06537,train,negative
PAMD-06538,train,negative
PAMD-06539,train,negative
PAMD-06540,train,negative
PAMD-06541,train,negative
PAMD-06542,train,negative
PAMD-06543,train,negative
PAMD-06544,train,negative
PAMD-06545,train,negative
PAMD-06546,train,negative
PAMD-06547,train,negative
PAMD-06548,train,negative
PAMD-06549,train,negative
PAMD-06550,test,negative
PAMD-06551,train,negative
PAMD-06552,train,negative
PAMD-06553,train,negative
PAMD-06554,train,negative
PAMD-06555,train,negative
PAMD-06556,test,negative
PAMD-06557,train,negative
PAMD-06558,test,negative
PAMD-06559,train,negative
PAMD-06560,train,negative
PAMD-06561,train,negative
PAMD-06562,train,negative
PAMD-06563,train,negative
PAMD-06564,train,negative
PAMD-06565,test,negative
PAMD-06566,train,negative
PAMD-06567,train,negative
PAMD-06568,train,negative
PAMD-06569,train,negative
PAMD-06570,train,negative
PAMD-06571,train,negative
PAMD-06572,train,negative
PAMD-06573,train,negative
PAMD-06574,train,negative
PAMD-06575,train,negative
PAMD-06576,train,negative
PAMD-06577,train,negative
PAMD-06578,train,negative
PAMD-06579,train,negative
PAMD-06580,test,negative
PAMD-06581,train,negative
PAMD-06582,train,negative
PAMD-06583,train,negative
PAMD-06584,train,negative
PAMD-06585,test,negative
PAMD-06586,train,negative
PAMD-06587,train,negative
PAMD-06588,test,negative
PAMD-06589,train,negative
PAMD-06590,train,negative
PAMD-06591,train,negative
PAMD-06592,test,negative
PAMD-06593,train,negative
PAMD-06594,train,negative
PAMD-06595,train,negative
PAMD-06596,train,negative
PAMD-06597,train,negative
PAMD-06598,train,negative
PAMD-06599,train,negative
PAMD-06600,train,negative
PAMD-06601,train,negative
PAMD-06602,train,negative
PAMD-06603,test,negative
PAMD-06604,train,negative
PAMD-06605,train,negative
PAMD-06606,train,negative
PAMD-06607,train,negative
PAMD-06608,train,negative
PAMD-06609,train,negative
PAMD-06610,train,negative
PAMD-06611,train,negative
PAMD-06612,train,negative
PAMD-06613,test,negative
PAMD-06614,train,negative
PAMD-06615,train,negative
PAMD-06616,train,negative
PAMD-06617,train,negative
PAMD-06618,train,negative
PAMD-06619,train,negative
PAMD-06620,test,negative
PAMD-06621,train,negative
PAMD-06622,train,negative
PAMD-06623,train,negative
PAMD-06624,train,negative
PAMD-06625,train,negative
PAMD-06626,train,negative
PAMD-06627,train,negative
PAMD-06628,train,negative
PAMD-06629,train,negative
PAMD-06630,train,negative
PAMD-06631,test,negative
PAMD-06632,train,negative
PAMD-06633,test,negative
PAMD-06634,train,negative
PAMD-06635,train,negative
PAMD-06636,train,negative
PAMD-06637,train,negative
PAMD-06638,train,negative
PAMD-06639,train,negative
PAMD-06640,train,negative
PAMD-06641,train,negative
PAMD-06642,train,negative
PAMD-06643,train,negative
PAMD-06644,test,negative
PAMD-06645,train,negative
PAMD-06646,train,negative
PAMD-06647,train,negative
PAMD-06648,train,negative
PAMD-06649,train,negative
PAMD-06650,train,negative
PAMD-06651,test,negative
PAMD-06652,train,negative
PAMD-06653,train,negative
PAMD-06654,train,negative
PAMD-06655,train,negative
PAMD-06656,train,negative
PAMD-06657,train,negative
PAMD-06658,train,negative
PAMD-06659,train,negative
PAMD-06660,train,negative
PAMD-06661,train,negative
PAMD-06662,test,negative
PAMD-06663,train,negative
PAMD-06664,test,negative
PAMD-06665,train,negative
PAMD-06666,train,negative
PAMD-06667,test,negative
PAMD-06668,train,negative
PAMD-06669,train,negative
PAMD-06670,test,negative
PAMD-06671,train,negative
PAMD-06672,train,negative
PAMD-06673,train,negative
PAMD-06674,train,negative
PAMD-06675,train,negative
PAMD-06676,train,negative
PAMD-06677,train,negative
PAMD-06678,train,negative
PAMD-06679,train,negative
PAMD-06680,test,negative
PAMD-06681,train,negative
PAMD-06682,train,negative
PAMD-06683,train,negative
PAMD-06684,test,negative
PAMD-06685,train,negative
PAMD-06686,train,negative
PAMD-06687,train,negative
PAMD-06688,test,negative
PAMD-06689,test,negative
PAMD-06690,train,negative
PAMD-06691,test,negative
PAMD-06692,train,negative
PAMD-06693,train,negative
PAMD-06694,test,negative
PAMD-06695,train,negative
PAMD-06696,train,negative
PAMD-06697,train,negative
PAMD-06698,train,negative
PAMD-06699,train,negative
PAMD-06700,train,negative
PAMD-06701,train,negative
PAMD-06702,train,negative
PAMD-06703,train,negative
PAMD-06704,train,negative
PAMD-06705,train,negative
PAMD-06706,train,negative
PAMD-06707,train,negative
PAMD-06708,train,negative
PAMD-06709,train,negative
PAMD-06710,train,negative
PAMD-06711,train,negative
PAMD-06712,test,negative
PAMD-06713,test,negative
PAMD-06714,train,negative
PAMD-06715,train,negative
PAMD-06716,train,negative
PAMD-06717,train,negative
PAMD-06718,train,negative
PAMD-06719,train,negative
PAMD-06720,train,negative
PAMD-06721,test,negative
PAMD-06722,train,negative
PAMD-06723,train,negative
PAMD-06724,train,negative
PAMD-06725,train,negative
PAMD-06726,train,negative
PAMD-06727,test,negative
PAMD-06728,test,negative
PAMD-06729,train,negative
PAMD-06730,train,negative
PAMD-06731,train,negative
PAMD-06732,train,negative
PAMD-06733,train,negative
PAMD-06734,train,negative
PAMD-06735,train,negative
PAMD-06736,train,negative
PAMD-06737,train,negative
PAMD-06738,train,negative
PAMD-06739,train,negative
PAMD-06740,train,negative
PAMD-06741,train,negative
PAMD-06742,test,negative
PAMD-06743,train,negative
PAMD-06744,train,negative
PAMD-06745,train,negative
PAMD-06746,test,negative
PAMD-06747,train,negative
PAMD-06748,train,negative
PAMD-06749,train,negative
PAMD-06750,train,negative
PAMD-06751,train,negative
PAMD-06752,train,negative
PAMD-06753,train,negative
PAMD-06754,train,negative
PAMD-06755,train,negative
PAMD-06756,test,negative
PAMD-06757,train,negative
PAMD-06758,train,negative
PAMD-06759,train,negative
PAMD-06760,train,negative
PAMD-06761,train,negative
PAMD-06762,train,negative
PAMD-06763,train,negative
PAMD-06764,train,negative
PAMD-06765,test,negative
PAMD-06766,train,negative
PAMD-06767,train,negative
PAMD-06768,train,negative
PAMD-06769,train,negative
PAMD-06770,test,negative
PAMD-06771,test,negative
PAMD-06772,train,negative
PAMD-06773,train,negative
PAMD-06774,train,negative
PAMD-06775,train,negative
PAMD-06776,train,negative
PAMD-06777,train,negative
PAMD-06778,test,negative
PAMD-06779,train,negative
PAMD-06780,train,negative
PAMD-06781,test,negative
PAMD-06782,train,negative
PAMD-06783,train,negative
PAMD-06784,train,negative
PAMD-06785,train,negative
PAMD-06786,train,negative
PAMD-06787,train,negative
PAMD-06788,train,negative
PAMD-06789,train,negative
PAMD-06790,train,negative
PAMD-06791,train,negative
PAMD-06792,train,negative
PAMD-06793,train,negative
PAMD-06794,train,negative
PAMD-06795,train,negative
PAMD-06796,train,negative
PAMD-06797,train,negative
PAMD-06798,train,negative
PAMD-06799,train,negative
PAMD-06800,train,negative
PAMD-06801,test,negative
PAMD-06802,train,negative
PAMD-06803,train,negative
PAMD-06804,train,negative
PAMD-06805,train,negative
PAMD-06806,train,negative
PAMD-06807,train,negative
PAMD-06808,train,negative
PAMD-06809,train,negative
PAMD-06810,train,negative
PAMD-06811,train,negative
PAMD-06812,train,negative
PAMD-06813,train,negative
PAMD-06814,train,negative
PAMD-06815,train,negative
PAMD-06816,train,negative
PAMD-06817,train,negative
PAMD-06818,train,negative
PAMD-06819,train,negative
PAMD-06820,test,negative
PAMD-06821,test,negative
PAMD-06822,test,negative
PAMD-06823,train,negative
PAMD-06824,train,negative
PAMD-06825,train,negative
PAMD-06826,train,negative
PAMD-06827,train,negative
PAMD-06828,train,negative
PAMD-06829,train,negative
PAMD-06830,test,negative
PAMD-06831,train,negative
PAMD-06832,train,negative
PAMD-06833,train,negative
PAMD-06834,test,negative
PAMD-06835,train,negative
PAMD-06836,train,negative
PAMD-06837,train,negative
PAMD-06838,train,negative
PAMD-06839,train,negative
PAMD-06840,train,negative
PAMD-06841,train,negative
PAMD-06842,test,negative
PAMD-06843,train,negative
PAMD-06844,train,negative
PAMD-06845,train,negative
PAMD-06846,train,negative
PAMD-06847,train,negative
PAMD-06848,train,negative
PAMD-06849,train,negative
PAMD-06850,train,negative
PAMD-06851,train,negative
PAMD-06852,train,negative
PAMD-06853,train,negative
PAMD-06854,train,negative
PAMD-06855,train,negative
PAMD-06856,test,negative
PAMD-06857,train,negative
PAMD-06858,train,negative
PAMD-06859,train,negative
PAMD-06860,train,negative
PAMD-06861,train,negative
PAMD-06862,train,negative
PAMD-06863,test,negative
PAMD-06864,train,negative
PAMD-06865,train,negative
PAMD-06866,train,negative
PAMD-06867,train,negative
PAMD-06868,train,negative
PAMD-06869,train,negative
PAMD-06870,train,negative
PAMD-06871,train,negative
PAMD-06872,train,negative
PAMD-06873,train,negative
PAMD-06874,train,negative
PAMD-06875,train,negative
PAMD-06876,train,negative
PAMD-06877,test,negative
PAMD-06878,test,negative
PAMD-06879,train,negative
PAMD-06880,train,negative
PAMD-06881,train,negative
PAMD-06882,train,negative
PAMD-06883,train,negative
PAMD-06884,train,negative
PAMD-06885,train,negative
PAMD-06886,train,negative
PAMD-06887,train,negative
PAMD-06888,train,negative
PAMD-06889,train,negative
PAMD-06890,train,negative
PAMD-06891,test,negative
PAMD-06892,test,negative
PAMD-06893,test,negative
PAMD-06894,train,negative
PAMD-06895,train,negative
PAMD-06896,train,negative
PAMD-06897,train,negative
PAMD-06898,train,negative
PAMD-06899,test,negative
PAMD-06900,train,negative
PAMD-06901,train,negative
PAMD-06902,train,negative
PAMD-06903,train,negative
PAMD-06904,train,negative
PAMD-06905,train,negative
PAMD-06906,train,negative
PAMD-06907,train,negative
PAMD-06908,train,negative
PAMD-06909,train,negative
PAMD-06910,train,negative
PAMD-06911,train,negative
PAMD-06912,train,negative
PAMD-06913,train,negative
PAMD-06914,train,negative
PAMD-06915,train,negative
PAMD-06916,train,negative
PAMD-06917,train,negative
PAMD-06918,train,negative
PAMD-06919,train,negative
PAMD-06920,train,negative
PAMD-06921,train,negative
PAMD-06922,train,negative
PAMD-06923,train,negative
PAMD-06924,train,negative
PAMD-06925,train,negative
PAMD-06926,train,negative
PAMD-06927,test,negative
PAMD-06928,train,negative
PAMD-06929,train,negative
PAMD-06930,train,negative
PAMD-06931,train,negative
PAMD-06932,train,negative
PAMD-06933,train,negative
PAMD-06934,train,negative
PAMD-06935,test,negative
PAMD-06936,train,negative
PAMD-06937,train,negative
PAMD-06938,train,negative
PAMD-06939,train,negative
PAMD-06940,train,negative
PAMD-06941,train,negative
PAMD-06942,test,negative
PAMD-06943,train,negative
PAMD-06944,train,negative
PAMD-06945,train,negative
PAMD-06946,train,negative
PAMD-06947,test,negative
PAMD-06948,train,negative
PAMD-06949,train,negative
PAMD-06950,train,negative
PAMD-06951,train,negative
PAMD-06952,train,negative
PAMD-06953,train,negative
PAMD-06954,train,negative
PAMD-06955,test,negative
PAMD-06956,train,negative
PAMD-06957,train,negative
PAMD-06958,train,negative
PAMD-06959,train,negative
PAMD-06960,train,negative
PAMD-06961,train,negative
PAMD-06962,train,negative
PAMD-06963,train,negative
PAMD-06964,train,negative
PAMD-06965,train,negative
PAMD-06966,train,negative
PAMD-06967,train,negative
PAMD-06968,train,negative
PAMD-06969,train,negative
PAMD-06970,train,negative
PAMD-06971,train,negative
PAMD-06972,train,negative
PAMD-06973,train,negative
PAMD-06974,train,negative
PAMD-06975,train,negative
PAMD-06976,train,negative
PAMD-06977,train,negative
PAMD-06978,test,negative
PAMD-06979,train,negative
PAMD-06980,train,negative
PAMD-06981,train,negative
PAMD-06982,train,negative
PAMD-06983,train,negative
PAMD-06984,test,negative
PAMD-06985,train,negative
PAMD-06986,train,negative
PAMD-06987,train,negative
PAMD-06988,train,negative
PAMD-06989,train,negative
PAMD-06990,train,negative
PAMD-06991,train,negative
PAMD-06992,train,negative
PAMD-06993,train,negative
PAMD-06994,train,negative
PAMD-06995,train,negative
PAMD-06996,train,negative
PAMD-06997,train,negative
PAMD-06998,train,negative
PAMD-06999,train,negative
PAMD-07000,train,negative
PAMD-07001,train,negative
PAMD-07002,train,negative
PAMD-07003,test,negative
PAMD-07004,train,negative
PAMD-07005,train,negative
PAMD-07006,train,negative
PAMD-07007,train,negative
PAMD-07008,train,negative
PAMD-07009,train,negative
PAMD-07010,train,negative
PAMD-07011,train,negative
PAMD-07012,test,negative
PAMD-07013,train,negative
PAMD-07014,train,negative
PAMD-07015,train,negative
PAMD-07016,train,negative
PAMD-07017,train,negative
PAMD-07018,train,negative
PAMD-07019,train,negative
PAMD-07020,train,negative
PAMD-07021,test,negative
PAMD-07022,train,negative
PAMD-07023,train,negative
PAMD-07024,train,negative
PAMD-07025,train,negative
PAMD-07026,train,negative
PAMD-07027,train,negative
PAMD-07028,train,negative
PAMD-07029,train,negative
PAMD-07030,train,negative
PAMD-07031,train,negative
PAMD-07032,train,negative
PAMD-07033,train,negative
PAMD-07034,train,negative
PAMD-07035,train,negative
PAMD-07036,train,negative
PAMD-07037,train,negative
PAMD-07038,train,negative
PAMD-07039,train,negative
PAMD-07040,train,negative
PAMD-07041,train,negative
PAMD-07042,train,negative
PAMD-07043,train,negative
PAMD-07044,train,negative
PAMD-07045,train,negative
PAMD-07046,train,negative
PAMD-07047,train,negative
PAMD-07048,train,negative
PAMD-07049,train,negative
PAMD-07050,train,negative
PAMD-07051,train,negative
PAMD-07052,train,negative
PAMD-07053,train,negative
PAMD-07054,test,negative
PAMD-07055,train,negative
PAMD-07056,train,negative
PAMD-07057,train,negative
PAMD-07058,train,negative
PAMD-07059,test,negative
PAMD-07060,train,negative
PAMD-07061,train,negative
PAMD-07062,train,negative
PAMD-07063,train,negative
PAMD-07064,train,negative
PAMD-07065,train,negative
PAMD-07066,train,negative
PAMD-07067,train,negative
PAMD-07068,train,negative
PAMD-07069,train,negative
PAMD-07070,train,negative
PAMD-07071,train,negative
PAMD-07072,test,negative
PAMD-07073,train,negative
PAMD-07074,train,negative
PAMD-07075,train,negative
PAMD-07076,train,negative
PAMD-07077,train,negative
PAMD-07078,test,negative
PAMD-07079,train,negative
PAMD-07080,train,negative
PAMD-07081,train,negative
PAMD-07082,train,negative
PAMD-07083,test,negative
PAMD-07084,train,negative
PAMD-07085,train,negative
PAMD-07086,test,negative
PAMD-07087,test,negative
PAMD-07088,test,negative
PAMD-07089,train,negative
PAMD-07090,test,negative
PAMD-07091,train,negative
PAMD-07092,train,negative
PAMD-07093,train,negative
PAMD-07094,train,negative
PAMD-07095,train,negative
PAMD-07096,train,negative
PAMD-07097,test,negative
PAMD-07098,train,negative
PAMD-07099,test,negative
PAMD-07100,train,negative
PAMD-07101,train,negative
PAMD-07102,train,negative
PAMD-07103,train,negative
PAMD-07104,train,negative
PAMD-07105,train,negative
PAMD-07106,test,negative
PAMD-07107,train,negative
PAMD-07108,train,negative
PAMD-07109,train,negative
PAMD-07110,train,negative
PAMD-07111,train,negative
PAMD-07112,train,negative
PAMD-07113,train,negative
PAMD-07114,train,negative
PAMD-07115,train,negative
PAMD-07116,train,negative
PAMD-07117,train,negative
PAMD-07118,train,negative
PAMD-07119,train,negative
PAMD-07120,train,negative
PAMD-07121,train,negative
PAMD-07122,train,negative
PAMD-07123,train,negative
PAMD-07124,train,negative
PAMD-07125,train,negative
PAMD-07126,train,negative
PAMD-07127,train,negative
PAMD-07128,train,negative
PAMD-07129,train,negative
PAMD-07130,train,negative
PAMD-07131,train,negative
PAMD-07132,train,negative
PAMD-07133,train,negative
PAMD-07134,train,negative
PAMD-07135,train,negative
PAMD-07136,train,negative
PAMD-07137,train,negative
PAMD-07138,train,negative
PAMD-07139,train,negative
PAMD-07140,train,negative
PAMD-07141,train,negative
PAMD-07142,train,negative
PAMD-07143,train,negative
PAMD-07144,train,negative
PAMD-07145,train,negative
PAMD-07146,train,negative
PAMD-07147,train,negative
PAMD-07148,train,negative
PAMD-07149,train,negative
PAMD-07150,train,negative
PAMD-07151,train,negative
PAMD-07152,test,negative
PAMD-07153,train,negative
PAMD-07154,train,negative
PAMD-07155,train,negative
PAMD-07156,train,negative
PAMD-07157,train,negative
PAMD-07158,train,negative
PAMD-07159,train,negative
PAMD-07160,train,negative
PAMD-07161,train,negative
PAMD-07162,train,negative
PAMD-07163,train,negative
PAMD-07164,train,negative
PAMD-07165,test,negative
PAMD-07166,train,negative
PAMD-07167,train,negative
PAMD-07168,train,negative
PAMD-07169,train,negative
PAMD-07170,test,negative
PAMD-07171,train,negative
PAMD-07172,train,negative
PAMD-07173,train,negative
PAMD-07174,train,negative
PAMD-07175,train,negative
PAMD-07176,train,negative
PAMD-07177,train,negative
PAMD-07178,train,negative
PAMD-07179,train,negative
PAMD-07180,train,negative
PAMD-07181,train,negative
PAMD-07182,train,negative
PAMD-07183,train,negative
PAMD-07184,train,negative
PAMD-07185,train,negative
PAMD-07186,train,negative
PAMD-07187,train,negative
PAMD-07188,train,negative
PAMD-07189,train,negative
PAMD-07190,train,negative
PAMD-07191,train,negative
PAMD-07192,train,negative
PAMD-07193,train,negative
PAMD-07194,train,negative
PAMD-07195,test,negative
PAMD-07196,test,negative
PAMD-07197,train,negative
PAMD-07198,train,negative
PAMD-07199,train,negative
PAMD-07200,test,negative
PAMD-07201,train,negative
PAMD-07202,train,negative
PAMD-07203,test,negative
PAMD-07204,train,negative
PAMD-07205,train,negative
PAMD-07206,train,negative
PAMD-07207,train,negative
PAMD-07208,train,negative
PAMD-07209,train,negative
PAMD-07210,train,negative
PAMD-07211,test,negative
PAMD-07212,train,negative
PAMD-07213,train,negative
PAMD-07214,train,negative
PAMD-07215,train,negative
PAMD-07216,train,negative
PAMD-07217,train,negative
PAMD-07218,train,negative
PAMD-07219,train,negative
PAMD-07220,test,negative
PAMD-07221,train,negative
PAMD-07222,train,negative
PAMD-07223,train,negative
PAMD-07224,train,negative
PAMD-07225,train,negative
PAMD-07226,train,negative
PAMD-07227,train,negative
PAMD-07228,train,negative
PAMD-07229,train,negative
PAMD-07230,test,negative
PAMD-07231,test,negative
PAMD-07232,train,negative
PAMD-07233,train,negative
PAMD-07234,train,negative
PAMD-07235,test,negative
PAMD-07236,test,negative
PAMD-07237,train,negative
PAMD-07238,test,negative
PAMD-07239,train,negative
PAMD-07240,train,negative
PAMD-07241,train,negative
PAMD-07242,train,negative
PAMD-07243,train,negative
PAMD-07244,train,negative
PAMD-07245,train,negative
PAMD-07246,train,negative
PAMD-07247,train,negative
PAMD-07248,train,negative
PAMD-07249,train,negative
PAMD-07250,train,negative
PAMD-07251,train,negative
PAMD-07252,train,negative
PAMD-07253,test,negative
PAMD-07254,train,negative
PAMD-07255,train,negative
PAMD-07256,train,negative
PAMD-07257,train,negative
PAMD-07258,train,negative
PAMD-07259,train,negative
PAMD-07260,train,negative
PAMD-07261,train,negative
PAMD-07262,train,negative
PAMD-07263,train,negative
PAMD-07264,train,negative
PAMD-07265,train,negative
PAMD-07266,test,negative
PAMD-07267,train,negative
PAMD-07268,test,negative
PAMD-07269,train,negative
PAMD-07270,train,negative
PAMD-07271,train,negative
PAMD-07272,train,negative
PAMD-07273,train,negative
PAMD-07274,train,negative
PAMD-07275,test,negative
PAMD-07276,train,negative
PAMD-07277,test,negative
PAMD-07278,train,negative
PAMD-07279,train,negative
PAMD-07280,train,negative
PAMD-07281,train,negative
PAMD-07282,train,negative
PAMD-07283,train,negative
PAMD-07284,test,negative
PAMD-07285,train,negative
PAMD-07286,train,negative
PAMD-07287,train,negative
PAMD-07288,train,negative
PAMD-07289,train,negative
PAMD-07290,train,negative
PAMD-07291,train,negative
PAMD-07292,train,negative
PAMD-07293,train,negative
PAMD-07294,train,negative
PAMD-07295,train,negative
PAMD-07296,train,negative
PAMD-07297,test,negative
PAMD-07298,train,negative
PAMD-07299,test,negative
PAMD-07300,train,negative
PAMD-07301,test,negative
PAMD-07302,train,negative
PAMD-07303,train,negative
PAMD-07304,train,negative
PAMD-07305,train,negative
PAMD-07306,train,negative
PAMD-07307,train,negative
PAMD-07308,train,negative
PAMD-07309,train,negative
PAMD-07310,train,negative
PAMD-07311,test,negative
PAMD-07312,train,negative
PAMD-07313,train,negative
PAMD-07314,train,negative
PAMD-07315,train,negative
PAMD-07316,train,negative
PAMD-07317,train,negative
PAMD-07318,train,negative
PAMD-07319,train,negative
PAMD-07320,train,negative
PAMD-07321,train,negative
PAMD-07322,train,negative
PAMD-07323,train,negative
PAMD-07324,train,negative
PAMD-07325,train,negative
PAMD-07326,train,negative
PAMD-07327,train,negative
PAMD-07328,train,negative
PAMD-07329,train,negative
PAMD-07330,test,negative
PAMD-07331,train,negative
PAMD-07332,train,negative
PAMD-07333,train,negative
PAMD-07334,test,negative
PAMD-07335,train,negative
PAMD-07336,train,negative
PAMD-07337,train,negative
PAMD-07338,train,negative
PAMD-07339,train,negative
PAMD-07340,train,negative
PAMD-07341,train,negative
PAMD-07342,train,negative
PAMD-07343,train,negative
PAMD-07344,train,negative
PAMD-07345,train,negative
PAMD-07346,train,negative
PAMD-07347,train,negative
PAMD-07348,train,negative
PAMD-07349,train,negative
PAMD-07350,train,negative
PAMD-07351,train,negative
PAMD-07352,train,negative
PAMD-07353,test,negative
PAMD-07354,train,negative
PAMD-07355,train,negative
PAMD-07356,test,negative
PAMD-07357,train,negative
PAMD-07358,train,negative
PAMD-07359,test,negative
PAMD-07360,train,negative
PAMD-07361,train,negative
PAMD-07362,test,negative
PAMD-07363,train,negative
PAMD-07364,train,negative
PAMD-07365,train,negative
PAMD-07366,train,negative
PAMD-07367,train,negative
PAMD-07368,train,negative
PAMD-07369,train,negative
PAMD-07370,train,negative
PAMD-07371,train,negative
PAMD-07372,train,negative
PAMD-07373,train,negative
PAMD-07374,train,negative
PAMD-07375,train,negative
PAMD-07376,train,negative
PAMD-07377,train,negative
PAMD-07378,train,negative
PAMD-07379,test,negative
PAMD-07380,train,negative
PAMD-07381,train,negative
PAMD-07382,train,negative
PAMD-07383,train,negative
PAMD-07384,train,negative
PAMD-07385,train,negative
PAMD-07386,train,negative
PAMD-07387,train,negative
PAMD-07388,train,negative
PAMD-07389,train,negative
PAMD-07390,test,negative
PAMD-07391,train,negative
PAMD-07392,train,negative
PAMD-07393,train,negative
PAMD-07394,train,negative
PAMD-07395,train,negative
PAMD-07396,train,negative
PAMD-07397,train,negative
PAMD-07398,train,negative
PAMD-07399,train,negative
PAMD-07400,train,negative
PAMD-07401,train,negative
PAMD-07402,train,negative
PAMD-07403,test,negative
PAMD-07404,train,negative
PAMD-07405,train,negative
PAMD-07406,train,negative
PAMD-07407,train,negative
PAMD-07408,train,negative
PAMD-07409,train,negative
PAMD-07410,train,negative
PAMD-07411,test,negative
PAMD-07412,train,negative
PAMD-07413,train,negative
PAMD-07414,train,negative
PAMD-07415,train,negative
PAMD-07416,test,negative
PAMD-07417,test,negative
PAMD-07418,train,negative
PAMD-07419,train,negative
PAMD-07420,train,negative
PAMD-07421,train,negative
PAMD-07422,train,negative
PAMD-07423,train,negative
PAMD-07424,train,negative
PAMD-07425,test,negative
PAMD-07426,train,negative
PAMD-07427,train,negative
PAMD-07428,train,negative
PAMD-07429,train,negative
PAMD-07430,train,negative
PAMD-07431,train,negative
PAMD-07432,test,negative
PAMD-07433,train,negative
PAMD-07434,train,negative
PAMD-07435,train,negative
PAMD-07436,test,negative
PAMD-07437,train,negative
PAMD-07438,train,negative
PAMD-07439,test,negative
PAMD-07440,train,negative
PAMD-07441,train,negative
PAMD-07442,train,negative
PAMD-07443,train,negative
PAMD-07444,train,negative
PAMD-07445,train,negative
PAMD-07446,train,negative
PAMD-07447,train,negative
PAMD-07448,test,negative
PAMD-07449,train,negative
PAMD-07450,train,negative
PAMD-07451,train,negative
PAMD-07452,train,negative
PAMD-07453,train,negative
PAMD-07454,train,negative
PAMD-07455,train,negative
PAMD-07456,test,negative
PAMD-07457,train,negative
PAMD-07458,train,negative
PAMD-07459,train,negative
PAMD-07460,train,negative
PAMD-07461,train,negative
PAMD-07462,train,negative
PAMD-07463,test,negative
PAMD-07464,train,negative
PAMD-07465,train,negative
PAMD-07466,train,negative
PAMD-07467,train,negative
PAMD-07468,train,negative
PAMD-07469,train,negative
PAMD-07470,train,negative
PAMD-07471,train,negative
PAMD-07472,train,negative
PAMD-07473,train,negative
PAMD-07474,train,negative
PAMD-07475,train,negative
PAMD-07476,train,negative
PAMD-07477,train,negative
PAMD-07478,train,negative
PAMD-07479,train,negative
PAMD-07480,train,negative
PAMD-07481,train,negative
PAMD-07482,train,negative
PAMD-07483,train,negative
PAMD-07484,train,negative
PAMD-07485,train,negative
PAMD-07486,train,negative
PAMD-07487,train,negative
PAMD-07488,train,negative
PAMD-07489,train,negative
PAMD-07490,train,negative
PAMD-07491,train,negative
PAMD-07492,train,negative
PAMD-07493,train,negative
PAMD-07494,train,negative
PAMD-07495,train,negative
PAMD-07496,train,negative
PAMD-07497,train,negative
PAMD-07498,train,negative
PAMD-07499,train,negative
PAMD-07500,train,negative
PAMD-07501,test,negative
PAMD-07502,train,negative
PAMD-07503,train,negative
PAMD-07504,train,negative
PAMD-07505,train,negative
PAMD-07506,train,negative
PAMD-07507,train,negative
PAMD-07508,train,negative
PAMD-07509,train,negative
PAMD-07510,train,negative
PAMD-07511,train,negative
PAMD-07512,train,negative
PAMD-07513,train,negative
PAMD-07514,train,negative
PAMD-07515,train,negative
PAMD-07516,train,negative
PAMD-07517,train,negative
PAMD-07518,train,negative
PAMD-07519,train,negative
PAMD-07520,train,negative
PAMD-07521,train,negative
PAMD-07522,train,negative
PAMD-07523,train,negative
PAMD-07524,train,negative
PAMD-07525,train,negative
PAMD-07526,train,negative
PAMD-07527,train,negative
PAMD-07528,train,negative
PAMD-07529,train,negative
PAMD-07530,train,negative
PAMD-07531,train,negative
PAMD-07532,train,negative
PAMD-07533,train,negative
PAMD-07534,train,negative
PAMD-07535,train,negative
PAMD-07536,train,negative
PAMD-07537,train,negative
PAMD-07538,train,negative
PAMD-07539,train,negative
PAMD-07540,train,negative
PAMD-07541,train,negative
PAMD-07542,train,negative
PAMD-07543,train,negative
PAMD-07544,train,negative
PAMD-07545,train,negative
PAMD-07546,train,negative
PAMD-07547,train,negative
PAMD-07548,train,negative
PAMD-07549,test,negative
PAMD-07550,train,negative
PAMD-07551,train,negative
PAMD-07552,train,negative
PAMD-07553,test,negative
PAMD-07554,train,negative
PAMD-07555,train,negative
PAMD-07556,train,negative
PAMD-07557,train,negative
PAMD-07558,test,negative
PAMD-07559,train,negative
PAMD-07560,train,negative
PAMD-07561,train,negative
PAMD-07562,train,negative
PAMD-07563,train,negative
PAMD-07564,train,negative
PAMD-07565,train,negative
PAMD-07566,train,negative
PAMD-07567,test,negative
PAMD-07568,train,negative
PAMD-07569,train,negative
PAMD-07570,train,negative
PAMD-07571,train,negative
PAMD-07572,train,negative
PAMD-07573,train,negative
PAMD-07574,train,negative
PAMD-07575,train,negative
PAMD-07576,test,negative
PAMD-07577,train,negative
PAMD-07578,train,negative
PAMD-07579,train,negative
PAMD-07580,train,negative
PAMD-07581,train,negative
PAMD-07582,test,negative
PAMD-07583,train,negative
PAMD-07584,train,negative
PAMD-07585,train,negative
PAMD-07586,train,negative
PAMD-07587,train,negative
PAMD-07588,train,negative
PAMD-07589,train,negative
PAMD-07590,test,negative
PAMD-07591,train,negative
PAMD-07592,train,negative
PAMD-07593,train,negative
PAMD-07594,train,negative
PAMD-07595,train,negative
PAMD-07596,test,negative
PAMD-07597,test,negative
PAMD-07598,train,negative
PAMD-07599,train,negative
PAMD-07600,train,negative
PAMD-07601,train,negative
PAMD-07602,train,negative
PAMD-07603,train,negative
PAMD-07604,test,negative
PAMD-07605,train,negative
PAMD-07606,train,negative
PAMD-07607,train,negative
PAMD-07608,train,negative
PAMD-07609,train,negative
PAMD-07610,train,negative
PAMD-07611,train,negative
PAMD-07612,train,negative
PAMD-07613,train,negative
PAMD-07614,train,negative
PAMD-07615,test,negative
PAMD-07616,train,negative
PAMD-07617,train,negative
PAMD-07618,train,negative
PAMD-07619,train,negative
PAMD-07620,train,negative
PAMD-07621,train,negative
PAMD-07622,train,negative
PAMD-07623,train,negative
PAMD-07624,train,negative
PAMD-07625,train,negative
PAMD-07626,train,negative
PAMD-07627,train,negative
PAMD-07628,train,negative
PAMD-07629,train,negative
PAMD-07630,train,negative
PAMD-07631,train,negative
PAMD-07632,train,negative
PAMD-07633,train,negative
PAMD-07634,train,negative
PAMD-07635,test,negative
PAMD-07636,train,negative
PAMD-07637,train,negative
PAMD-07638,train,negative
PAMD-07639,test,negative
PAMD-07640,train,negative
PAMD-07641,train,negative
PAMD-07642,train,negative
PAMD-07643,train,negative
PAMD-07644,train,negative
PAMD-07645,train,negative
PAMD-07646,train,negative
PAMD-07647,train,negative
PAMD-07648,train,negative
PAMD-07649,train,negative
PAMD-07650,train,negative
PAMD-07651,train,negative
PAMD-07652,train,negative
PAMD-07653,train,negative
PAMD-07654,train,negative
PAMD-07655,test,negative
PAMD-07656,train,negative
PAMD-07657,train,negative
PAMD-07658,train,negative
PAMD-07659,train,negative
PAMD-07660,train,negative
PAMD-07661,train,negative
PAMD-07662,train,negative
PAMD-07663,train,negative
PAMD-07664,train,negative
PAMD-07665,train,negative
PAMD-07666,train,negative
PAMD-07667,train,negative
PAMD-07668,train,negative
PAMD-07669,train,negative
PAMD-07670,train,negative
PAMD-07671,train,negative
PAMD-07672,train,negative
PAMD-07673,test,negative
PAMD-07674,train,negative
PAMD-07675,train,negative
PAMD-07676,train,negative
PAMD-07677,train,negative
PAMD-07678,train,negative
PAMD-07679,train,negative
PAMD-07680,train,negative
PAMD-07681,test,negative
PAMD-07682,train,negative
PAMD-07683,train,negative
PAMD-07684,test,negative
PAMD-07685,train,negative
PAMD-07686,train,negative
PAMD-07687,train,negative
PAMD-07688,train,negative
PAMD-07689,train,negative
PAMD-07690,train,negative
PAMD-07691,train,negative
PAMD-07692,train,negative
PAMD-07693,test,negative
PAMD-07694,train,negative
PAMD-07695,train,negative
PAMD-07696,train,negative
PAMD-07697,train,negative
PAMD-07698,train,negative
PAMD-07699,test,negative
PAMD-07700,train,negative
PAMD-07701,train,negative
PAMD-07702,train,negative
PAMD-07703,train,negative
PAMD-07704,train,negative
PAMD-07705,train,negative
PAMD-07706,train,negative
PAMD-07707,train,negative
PAMD-07708,train,negative
PAMD-07709,train,negative
PAMD-07710,train,negative
PAMD-07711,train,negative
PAMD-07712,train,negative
PAMD-07713,test,negative
PAMD-07714,train,negative
PAMD-07715,train,negative
PAMD-07716,train,negative
PAMD-07717,train,negative
PAMD-07718,train,negative
PAMD-07719,train,negative
PAMD-07720,train,negative
PAMD-07721,train,negative
PAMD-07722,train,negative
PAMD-07723,train,negative
PAMD-07724,train,negative
PAMD-07725,train,negative
PAMD-07726,test,negative
PAMD-07727,test,negative
PAMD-07728,train,negative
PAMD-07729,train,negative
PAMD-07730,train,negative
PAMD-07731,train,negative
PAMD-07732,train,negative
PAMD-07733,train,negative
PAMD-07734,train,negative
PAMD-07735,train,negative
PAMD-07736,train,negative
PAMD-07737,train,negative
PAMD-07738,train,negative
PAMD-07739,train,negative
PAMD-07740,train,negative
PAMD-07741,train,negative
PAMD-07742,train,negative
PAMD-07743,train,negative
PAMD-07744,train,negative
PAMD-07745,train,negative
PAMD-07746,train,negative
PAMD-07747,train,negative
PAMD-07748,test,negative
PAMD-07749,train,negative
PAMD-07750,train,negative
PAMD-07751,train,negative
PAMD-07752,train,negative
PAMD-07753,train,negative
PAMD-07754,train,negative
PAMD-07755,train,negative
PAMD-07756,train,negative
PAMD-07757,test,negative
PAMD-07758,train,negative
PAMD-07759,train,negative
PAMD-07760,train,negative
PAMD-07761,train,negative
PAMD-07762,train,negative
PAMD-07763,train,negative
PAMD-07764,train,negative
PAMD-07765,train,negative
PAMD-07766,test,negative
PAMD-07767,train,negative
PAMD-07768,train,negative
PAMD-07769,train,negative
PAMD-07770,train,negative
PAMD-07771,train,negative
PAMD-07772,test,negative
PAMD-07773,train,negative
PAMD-07774,test,negative
PAMD-07775,train,negative
PAMD-07776,train,negative
PAMD-07777,train,negative
PAMD-07778,train,negative
PAMD-07779,train,negative
PAMD-07780,train,negative
PAMD-07781,train,negative
PAMD-07782,train,negative
PAMD-07783,train,negative
PAMD-07784,train,negative
PAMD-07785,train,negative
PAMD-07786,train,negative
PAMD-07787,train,negative
PAMD-07788,train,negative
PAMD-07789,train,negative
PAMD-07790,test,negative
PAMD-07791,train,negative
PAMD-07792,train,negative
PAMD-07793,train,negative
PAMD-07794,train,negative
PAMD-07795,train,negative
PAMD-07796,train,negative
PAMD-07797,train,negative
PAMD-07798,test,negative
PAMD-07799,train,negative
PAMD-07800,train,negative
PAMD-07801,train,negative
PAMD-07802,train,negative
PAMD-07803,train,negative
PAMD-07804,train,negative
PAMD-07805,train,negative
PAMD-07806,train,negative
PAMD-07807,train,negative
PAMD-07808,test,negative
PAMD-07809,train,negative
PAMD-07810,test,negative
PAMD-07811,train,negative
PAMD-07812,train,negative
PAMD-07813,train,negative
PAMD-07814,test,negative
PAMD-07815,train,negative
PAMD-07816,train,negative
PAMD-07817,train,negative
PAMD-07818,train,negative
PAMD-07819,train,negative
PAMD-07820,train,negative
PAMD-07821,train,negative
PAMD-07822,train,negative
PAMD-07823,train,negative
PAMD-07824,train,negative
PAMD-07825,test,negative
PAMD-07826,train,negative
PAMD-07827,test,negative
PAMD-07828,train,negative
PAMD-07829,train,negative
PAMD-07830,train,negative
PAMD-07831,train,negative
PAMD-07832,train,negative
PAMD-07833,train,negative
PAMD-07834,train,negative
PAMD-07835,train,negative
PAMD-07836,train,negative
PAMD-07837,test,negative
PAMD-07838,train,negative
PAMD-07839,train,negative
PAMD-07840,train,negative
PAMD-07841,train,negative
PAMD-07842,train,negative
PAMD-07843,train,negative
PAMD-07844,train,negative
PAMD-07845,test,negative
PAMD-07846,train,negative
PAMD-07847,train,negative
PAMD-07848,test,negative
PAMD-07849,train,negative
PAMD-07850,train,negative
PAMD-07851,train,negative
PAMD-07852,train,negative
PAMD-07853,train,negative
PAMD-07854,train,negative
PAMD-07855,train,negative
PAMD-07856,train,negative
PAMD-07857,train,negative
PAMD-07858,train,negative
PAMD-07859,train,negative
PAMD-07860,train,negative
PAMD-07861,train,negative
PAMD-07862,train,negative
PAMD-07863,train,negative
PAMD-07864,train,negative
PAMD-07865,test,negative
PAMD-07866,train,negative
PAMD-07867,train,negative
PAMD-07868,train,negative
PAMD-07869,train,negative
PAMD-07870,train,negative
PAMD-07871,train,negative
PAMD-07872,train,negative
PAMD-07873,test,negative
PAMD-07874,train,negative
PAMD-07875,test,negative
PAMD-07876,train,negative
PAMD-07877,train,negative
PAMD-07878,train,negative
PAMD-07879,train,negative
PAMD-07880,train,negative
PAMD-07881,train,negative
PAMD-07882,train,negative
PAMD-07883,test,negative
PAMD-07884,train,negative
PAMD-07885,train,negative
PAMD-07886,train,negative
PAMD-07887,train,negative
PAMD-07888,train,negative
PAMD-07889,train,negative
PAMD-07890,train,negative
PAMD-07891,test,negative
PAMD-07892,train,negative
PAMD-07893,test,negative
PAMD-07894,train,negative
PAMD-07895,train,negative
PAMD-07896,train,negative
PAMD-07897,train,negative
PAMD-07898,train,negative
PAMD-07899,test,negative
PAMD-07900,train,negative
PAMD-07901,train,negative
PAMD-07902,train,negative
PAMD-07903,train,negative
PAMD-07904,train,negative
PAMD-07905,train,negative
PAMD-07906,train,negative
PAMD-07907,train,negative
PAMD-07908,train,negative
PAMD-07909,train,negative
PAMD-07910,train,negative
PAMD-07911,train,negative
PAMD-07912,train,negative
PAMD-07913,train,negative
PAMD-07914,train,negative
PAMD-07915,train,negative
PAMD-07916,train,negative
PAMD-07917,train,negative
PAMD-07918,train,negative
PAMD-07919,test,negative
PAMD-07920,train,negative
PAMD-07921,train,negative
PAMD-07922,train,negative
PAMD-07923,train,negative
PAMD-07924,train,negative
PAMD-07925,train,negative
PAMD-07926,train,negative
PAMD-07927,train,negative
PAMD-07928,train,negative
PAMD-07929,train,negative
PAMD-07930,test,negative
PAMD-07931,train,negative
PAMD-07932,train,negative
PAMD-07933,train,negative
PAMD-07934,train,negative
PAMD-07935,train,negative
PAMD-07936,train,negative
PAMD-07937,train,negative
PAMD-07938,train,negative
PAMD-07939,train,negative
PAMD-07940,train,negative
PAMD-07941,train,negative
PAMD-07942,train,negative
PAMD-07943,train,negative
PAMD-07944,train,negative
PAMD-07945,train,negative
PAMD-07946,train,negative
PAMD-07947,train,negative
PAMD-07948,train,negative
PAMD-07949,train,negative
PAMD-07950,train,negative
PAMD-07951,train,negative
PAMD-07952,train,negative
PAMD-07953,train,negative
PAMD-07954,train,negative
PAMD-07955,train,negative
PAMD-07956,train,negative
PAMD-07957,train,negative
PAMD-07958,train,negative
PAMD-07959,train,negative
PAMD-07960,train,negative
PAMD-07961,train,negative
PAMD-07962,test,negative
PAMD-07963,test,negative
PAMD-07964,test,negative
PAMD-07965,test,negative
PAMD-07966,train,negative
PAMD-07967,train,negative
PAMD-07968,train,negative
PAMD-07969,test,negative
PAMD-07970,train,negative
PAMD-07971,train,negative
PAMD-07972,train,negative
PAMD-07973,train,negative
PAMD-07974,train,negative
PAMD-07975,train,negative
PAMD-07976,train,negative
PAMD-07977,test,negative
PAMD-07978,train,negative
PAMD-07979,train,negative
PAMD-07980,test,negative
PAMD-07981,train,negative
PAMD-07982,train,negative
PAMD-07983,train,negative
PAMD-07984,train,negative
PAMD-07985,train,negative
PAMD-07986,train,negative
PAMD-07987,train,negative
PAMD-07988,train,negative
PAMD-07989,train,negative
PAMD-07990,train,negative
PAMD-07991,train,negative
PAMD-07992,train,negative
PAMD-07993,train,negative
PAMD-07994,train,negative
PAMD-07995,train,negative
PAMD-07996,train,negative
PAMD-07997,train,negative
PAMD-07998,train,negative
PAMD-07999,train,negative
PAMD-08000,train,negative
PAMD-08001,train,negative
PAMD-08002,train,negative
PAMD-08003,train,negative
PAMD-08004,train,negative
PAMD-08005,train,negative
PAMD-08006,train,negative
PAMD-08007,train,negative
PAMD-08008,train,negative
PAMD-08009,train,negative
PAMD-08010,train,negative
PAMD-08011,train,negative
PAMD-08012,train,negative
PAMD-08013,train,negative
PAMD-08014,test,negative
PAMD-08015,train,negative
PAMD-08016,train,negative
PAMD-08017,train,negative
PAMD-08018,train,negative
PAMD-08019,train,negative
PAMD-08020,train,negative
PAMD-08021,train,negative
PAMD-08022,train,negative
PAMD-08023,train,negative
PAMD-08024,train,negative
PAMD-08025,train,negative
PAMD-08026,test,negative
PAMD-08027,train,negative
PAMD-08028,train,negative
PAMD-08029,train,negative
PAMD-08030,test,negative
PAMD-08031,train,negative
PAMD-08032,train,negative
PAMD-08033,train,negative
PAMD-08034,test,negative
PAMD-08035,train,negative
PAMD-08036,train,negative
PAMD-08037,train,negative
PAMD-08038,train,negative
PAMD-08039,train,negative
PAMD-08040,train,negative
PAMD-08041,test,negative
PAMD-08042,train,negative
PAMD-08043,train,negative
PAMD-08044,train,negative
PAMD-08045,train,negative
PAMD-08046,train,negative
PAMD-08047,train,negative
PAMD-08048,test,negative
PAMD-08049,test,negative
PAMD-08050,train,negative
PAMD-08051,train,negative
PAMD-08052,train,negative
PAMD-08053,train,negative
PAMD-08054,train,negative
PAMD-08055,train,negative
PAMD-08056,train,negative
PAMD-08057,train,negative
PAMD-08058,train,negative
PAMD-08059,train,negative
PAMD-08060,train,negative
PAMD-08061,train,negative
PAMD-08062,train,negative
PAMD-08063,test,negative
PAMD-08064,train,negative
PAMD-08065,train,negative
PAMD-08066,test,negative
PAMD-08067,train,negative
PAMD-08068,test,negative
PAMD-08069,train,negative
PAMD-08070,train,negative
PAMD-08071,test,negative
PAMD-08072,train,negative
PAMD-08073,train,negative
PAMD-08074,train,negative
PAMD-08075,train,negative
PAMD-08076,train,negative
PAMD-08077,train,negative
PAMD-08078,train,negative
PAMD-08079,train,negative
PAMD-08080,train,negative
PAMD-08081,train,negative
PAMD-08082,train,negative
PAMD-08083,train,negative
PAMD-08084,train,negative
PAMD-08085,train,negative
PAMD-08086,test,negative
PAMD-08087,train,negative
PAMD-08088,train,negative
PAMD-08089,test,negative
PAMD-08090,train,negative
PAMD-08091,train,negative
PAMD-08092,train,negative
PAMD-08093,train,negative
PAMD-08094,train,negative
PAMD-08095,train,negative
PAMD-08096,train,negative
PAMD-08097,train,negative
PAMD-08098,train,negative
PAMD-08099,train,negative
PAMD-08100,train,negative
PAMD-08101,train,negative
PAMD-08102,train,negative
PAMD-08103,test,negative
PAMD-08104,train,negative
PAMD-08105,test,negative
PAMD-08106,train,negative
PAMD-08107,train,negative
PAMD-08108,train,negative
PAMD-08109,train,negative
PAMD-08110,train,negative
PAMD-08111,train,negative
PAMD-08112,train,negative
PAMD-08113,train,negative
PAMD-08114,train,negative
PAMD-08115,train,negative
PAMD-08116,train,negative
PAMD-08117,train,negative
PAMD-08118,train,negative
PAMD-08119,train,negative
PAMD-08120,train,negative
PAMD-08121,test,negative
PAMD-08122,train,negative
PAMD-08123,train,negative
PAMD-08124,train,negative
PAMD-08125,train,negative
PAMD-08126,test,negative
PAMD-08127,train,negative
PAMD-08128,train,negative
PAMD-08129,train,negative
PAMD-08130,train,negative
PAMD-08131,train,negative
PAMD-08132,train,negative
PAMD-08133,train,negative
PAMD-08134,train,negative
PAMD-08135,train,negative
PAMD-08136,train,negative
PAMD-08137,train,negative
PAMD-08138,train,negative
PAMD-08139,train,negative
PAMD-08140,train,negative
PAMD-08141,test,negative
PAMD-08142,train,negative
PAMD-08143,train,negative
PAMD-08144,train,negative
PAMD-08145,train,negative
PAMD-08146,train,negative
PAMD-08147,train,negative
PAMD-08148,train,negative
PAMD-08149,train,negative
PAMD-08150,train,negative
PAMD-08151,train,negative
PAMD-08152,train,negative
PAMD-08153,train,negative
PAMD-08154,train,negative
PAMD-08155,train,negative
PAMD-08156,test,negative
PAMD-08157,train,negative
PAMD-08158,test,negative
PAMD-08159,train,negative
PAMD-08160,train,negative
PAMD-08161,train,negative
PAMD-08162,train,negative
PAMD-08163,train,negative
PAMD-08164,train,negative
PAMD-08165,train,negative
PAMD-08166,train,negative
PAMD-08167,train,negative
PAMD-08168,train,negative
PAMD-08169,train,negative
PAMD-08170,train,negative
PAMD-08171,train,negative
PAMD-08172,train,negative
PAMD-08173,train,negative
PAMD-08174,train,negative
PAMD-08175,train,negative
PAMD-08176,train,negative
PAMD-08177,train,negative
PAMD-08178,train,negative
PAMD-08179,train,negative
PAMD-08180,train,negative
PAMD-08181,train,negative
PAMD-08182,test,negative
PAMD-08183,test,negative
PAMD-08184,train,negative
PAMD-08185,train,negative
PAMD-08186,test,negative
PAMD-08187,train,negative
PAMD-08188,train,negative
PAMD-08189,train,negative
PAMD-08190,train,negative
PAMD-08191,train,negative
PAMD-08192,train,negative
PAMD-08193,train,negative
PAMD-08194,train,negative
PAMD-08195,train,negative
PAMD-08196,train,negative
PAMD-08197,train,negative
PAMD-08198,train,negative
PAMD-08199,train,negative
PAMD-08200,train,negative
PAMD-08201,train,negative
PAMD-08202,train,negative
PAMD-08203,test,negative
PAMD-08204,train,negative
PAMD-08205,train,negative
PAMD-08206,train,negative
PAMD-08207,test,negative
PAMD-08208,train,negative
PAMD-08209,train,negative
PAMD-08210,train,negative
PAMD-08211,train,negative
PAMD-08212,train,negative
PAMD-08213,train,negative
PAMD-08214,train,negative
PAMD-08215,train,negative
PAMD-08216,test,negative
PAMD-08217,train,negative
PAMD-08218,train,negative
PAMD-08219,train,negative
PAMD-08220,train,negative
PAMD-08221,train,negative
PAMD-08222,train,negative
PAMD-08223,train,negative
PAMD-08224,train,negative
PAMD-08225,train,negative
PAMD-08226,train,negative
PAMD-08227,train,negative
PAMD-08228,test,negative
PAMD-08229,train,negative
PAMD-08230,train,negative
PAMD-08231,train,negative
PAMD-08232,test,negative
PAMD-08233,train,negative
PAMD-08234,train,negative
PAMD-08235,train,negative
PAMD-08236,train,negative
PAMD-08237,train,negative
PAMD-08238,train,negative
PAMD-08239,train,negative
PAMD-08240,train,negative
PAMD-08241,train,negative
PAMD-08242,train,negative
PAMD-08243,train,negative
PAMD-08244,train,negative
PAMD-08245,train,negative
PAMD-08246,train,negative
PAMD-08247,train,negative
PAMD-08248,train,negative
PAMD-08249,train,negative
PAMD-08250,train,negative
PAMD-08251,train,negative
PAMD-08252,train,negative
PAMD-08253,train,negative
PAMD-08254,test,negative
PAMD-08255,train,negative
PAMD-08256,train,negative
PAMD-08257,train,negative
PAMD-08258,train,negative
PAMD-08259,train,negative
PAMD-08260,train,negative
PAMD-08261,train,negative
PAMD-08262,train,negative
PAMD-08263,train,negative
PAMD-08264,train,negative
PAMD-08265,train,negative
PAMD-08266,train,negative
PAMD-08267,train,negative
PAMD-08268,train,negative
PAMD-08269,train,negative
PAMD-08270,test,negative
PAMD-08271,train,negative
PAMD-08272,train,negative
PAMD-08273,train,negative
PAMD-08274,train,negative
PAMD-08275,train,negative
PAMD-08276,test,negative
PAMD-08277,test,negative
PAMD-08278,train,negative
PAMD-08279,train,negative
PAMD-08280,train,negative
PAMD-08281,train,negative
PAMD-08282,train,negative
PAMD-08283,train,negative
PAMD-08284,train,negative
PAMD-08285,train,negative
PAMD-08286,train,negative
PAMD-08287,train,negative
PAMD-08288,train,negative
PAMD-08289,train,negative
PAMD-08290,train,negative
PAMD-08291,train,negative
PAMD-08292,train,negative
PAMD-08293,train,negative
PAMD-08294,train,negative
PAMD-08295,train,negative
PAMD-08296,train,negative
PAMD-08297,train,negative
PAMD-08298,train,negative
PAMD-08299,test,negative
PAMD-08300,train,negative
PAMD-08301,train,negative
PAMD-08302,train,negative
PAMD-08303,train,negative
PAMD-08304,train,negative
PAMD-08305,train,negative
PAMD-08306,train,negative
PAMD-08307,train,negative
PAMD-08308,train,negative
PAMD-08309,test,negative
PAMD-08310,train,negative
PAMD-08311,train,negative
PAMD-08312,test,negative
PAMD-08313,train,negative
PAMD-08314,train,negative
PAMD-08315,test,negative
PAMD-08316,train,negative
PAMD-08317,train,negative
PAMD-08318,train,negative
PAMD-08319,train,negative
PAMD-08320,train,negative
PAMD-08321,test,negative
PAMD-08322,train,negative
PAMD-08323,train,negative
PAMD-08324,train,negative
PAMD-08325,train,negative
PAMD-08326,train,negative
PAMD-08327,train,negative
PAMD-08328,train,negative
PAMD-08329,test,negative
PAMD-08330,test,negative
PAMD-08331,train,negative
PAMD-08332,train,negative
PAMD-08333,train,negative
PAMD-08334,train,negative
PAMD-08335,test,negative
PAMD-08336,train,negative
PAMD-08337,test,negative
PAMD-08338,train,negative
PAMD-08339,train,negative
PAMD-08340,train,negative
PAMD-08341,train,negative
PAMD-08342,train,negative
PAMD-08343,train,negative
PAMD-08344,train,negative
PAMD-08345,train,negative
PAMD-08346,train,negative
PAMD-08347,test,negative
PAMD-08348,train,negative
PAMD-08349,train,negative
PAMD-08350,train,negative
PAMD-08351,train,negative
PAMD-08352,test,negative
PAMD-08353,train,negative
PAMD-08354,train,negative
PAMD-08355,test,negative
PAMD-08356,train,negative
PAMD-08357,train,negative
PAMD-08358,train,negative
PAMD-08359,train,negative
PAMD-08360,train,negative
PAMD-08361,train,negative
PAMD-08362,test,negative
PAMD-08363,train,negative
PAMD-08364,train,negative
PAMD-08365,train,negative
PAMD-08366,train,negative
PAMD-08367,train,negative
PAMD-08368,train,negative
PAMD-08369,train,negative
PAMD-08370,train,negative
PAMD-08371,train,negative
PAMD-08372,train,negative
PAMD-08373,train,negative
PAMD-08374,train,negative
PAMD-08375,train,negative
PAMD-08376,train,negative
PAMD-08377,train,negative
PAMD-08378,test,negative
PAMD-08379,train,negative
PAMD-08380,train,negative
PAMD-08381,train,negative
PAMD-08382,train,negative
PAMD-08383,train,negative
PAMD-08384,train,negative
PAMD-08385,train,negative
PAMD-08386,train,negative
PAMD-08387,train,negative
PAMD-08388,train,negative
PAMD-08389,train,negative
PAMD-08390,test,negative
PAMD-08391,train,negative
PAMD-08392,train,negative
PAMD-08393,train,negative
PAMD-08394,train,negative
PAMD-08395,train,negative
PAMD-08396,train,negative
PAMD-08397,train,negative
PAMD-08398,train,negative
PAMD-08399,train,negative
PAMD-08400,train,negative
PAMD-08401,train,negative
PAMD-08402,train,negative
PAMD-08403,test,negative
PAMD-08404,train,negative
PAMD-08405,train,negative
PAMD-08406,test,negative
PAMD-08407,train,negative
PAMD-08408,train,negative
PAMD-08409,train,negative
PAMD-08410,test,negative
PAMD-08411,train,negative
PAMD-08412,train,negative
PAMD-08413,train,negative
PAMD-08414,train,negative
PAMD-08415,test,negative
PAMD-08416,train,negative
PAMD-08417,train,negative
PAMD-08418,train,negative
PAMD-08419,train,negative
PAMD-08420,train,negative
PAMD-08421,train,negative
PAMD-08422,train,negative
PAMD-08423,train,negative
PAMD-08424,train,negative
PAMD-08425,train,negative
PAMD-08426,train,negative
PAMD-08427,train,negative
PAMD-08428,train,negative
PAMD-08429,train,negative
PAMD-08430,train,negative
PAMD-08431,test,negative
PAMD-08432,train,negative
PAMD-08433,test,negative
PAMD-08434,train,negative
PAMD-08435,train,negative
PAMD-08436,test,negative
PAMD-08437,test,negative
PAMD-08438,test,negative
PAMD-08439,train,negative
PAMD-08440,train,negative
PAMD-08441,test,negative
PAMD-08442,train,negative
PAMD-08443,train,negative
PAMD-08444,train,negative
PAMD-08445,train,negative
PAMD-08446,train,negative
PAMD-08447,train,negative
PAMD-08448,train,negative
PAMD-08449,test,negative
PAMD-08450,train,negative
PAMD-08451,train,negative
PAMD-08452,train,negative
PAMD-08453,train,negative
PAMD-08454,train,negative
PAMD-08455,train,negative
PAMD-08456,train,negative
PAMD-08457,train,negative
PAMD-08458,train,negative
PAMD-08459,train,negative
PAMD-08460,train,negative
PAMD-08461,train,negative
PAMD-08462,train,negative
PAMD-08463,train,negative
PAMD-08464,train,negative
PAMD-08465,train,negative
PAMD-08466,train,negative
PAMD-08467,train,negative
PAMD-08468,train,negative
PAMD-08469,train,negative
PAMD-08470,train,negative
PAMD-08471,train,negative
PAMD-08472,train,negative
PAMD-08473,train,negative
PAMD-08474,train,negative
PAMD-08475,test,negative
PAMD-08476,train,negative
PAMD-08477,train,negative
PAMD-08478,test,negative
PAMD-08479,train,negative
PAMD-08480,train,negative
PAMD-08481,train,negative
PAMD-08482,train,negative
PAMD-08483,train,negative
PAMD-08484,train,negative
PAMD-08485,train,negative
PAMD-08486,train,negative
PAMD-08487,train,negative
PAMD-08488,train,negative
PAMD-08489,train,negative
PAMD-08490,train,negative
PAMD-08491,train,negative
PAMD-08492,train,negative
PAMD-08493,train,negative
PAMD-08494,train,negative
PAMD-08495,train,negative
PAMD-08496,test,negative
PAMD-08497,train,negative
PAMD-08498,train,negative
PAMD-08499,test,negative
PAMD-08500,train,negative
PAMD-08501,train,negative
PAMD-08502,train,negative
PAMD-08503,train,negative
PAMD-08504,train,negative
PAMD-08505,train,negative
PAMD-08506,train,negative
PAMD-08507,train,negative
PAMD-08508,test,negative
PAMD-08509,train,negative
PAMD-08510,train,negative
PAMD-08511,train,negative
PAMD-08512,train,negative
PAMD-08513,train,negative
PAMD-08514,train,negative
PAMD-08515,train,negative
PAMD-08516,test,negative
PAMD-08517,train,negative
PAMD-08518,train,negative
PAMD-08519,train,negative
PAMD-08520,train,negative
PAMD-08521,test,negative
PAMD-08522,train,negative
PAMD-08523,train,negative
PAMD-08524,test,negative
PAMD-08525,train,negative
PAMD-08526,test,negative
PAMD-08527,train,negative
PAMD-08528,train,negative
PAMD-08529,train,negative
PAMD-08530,train,negative
PAMD-08531,train,negative
PAMD-08532,train,negative
PAMD-08533,train,negative
PAMD-08534,train,negative
PAMD-08535,train,negative
PAMD-08536,train,negative
PAMD-08537,train,negative
PAMD-08538,train,negative
PAMD-08539,train,negative
PAMD-08540,train,negative
PAMD-08541,train,negative
PAMD-08542,train,negative
PAMD-08543,train,negative
PAMD-08544,train,negative
PAMD-08545,train,negative
PAMD-08546,train,negative
PAMD-08547,train,negative
PAMD-08548,train,negative
PAMD-08549,test,negative
PAMD-08550,train,negative
PAMD-08551,train,negative
PAMD-08552,train,negative
PAMD-08553,train,negative
PAMD-08554,train,negative
PAMD-08555,train,negative
PAMD-08556,train,negative
PAMD-08557,train,negative
PAMD-08558,train,negative
PAMD-08559,train,negative
PAMD-08560,train,negative
PAMD-08561,train,negative
PAMD-08562,train,negative
PAMD-08563,train,negative
PAMD-08564,train,negative
PAMD-08565,train,negative
PAMD-08566,train,negative
PAMD-08567,train,negative
PAMD-08568,train,negative
PAMD-08569,train,negative
PAMD-08570,train,negative
PAMD-08571,test,negative
PAMD-08572,train,negative
PAMD-08573,train,negative
PAMD-08574,train,negative
PAMD-08575,train,negative
PAMD-08576,train,negative
PAMD-08577,train,negative
PAMD-08578,train,negative
PAMD-08579,train,negative
PAMD-08580,train,negative
PAMD-08581,train,negative
PAMD-08582,train,negative
PAMD-08583,train,negative
PAMD-08584,train,negative
PAMD-08585,train,negative
PAMD-08586,train,negative
PAMD-08587,test,negative
PAMD-08588,train,negative
PAMD-08589,train,negative
PAMD-08590,train,negative
PAMD-08591,train,negative
PAMD-08592,test,negative
PAMD-08593,train,negative
PAMD-08594,train,negative
PAMD-08595,train,negative
PAMD-08596,train,negative
PAMD-08597,train,negative
PAMD-08598,train,negative
PAMD-08599,train,negative
PAMD-08600,train,negative
PAMD-08601,train,negative
PAMD-08602,train,negative
PAMD-08603,test,negative
PAMD-08604,test,negative
PAMD-08605,train,negative
PAMD-08606,train,negative
PAMD-08607,test,negative
PAMD-08608,train,negative
PAMD-08609,train,negative
PAMD-08610,train,negative
PAMD-08611,train,negative
PAMD-08612,train,negative
PAMD-08613,test,negative
PAMD-08614,train,negative
PAMD-08615,train,negative
PAMD-08616,train,negative
PAMD-08617,train,negative
PAMD-08618,train,negative
PAMD-08619,train,negative
PAMD-08620,train,negative
PAMD-08621,train,negative
PAMD-08622,train,negative
PAMD-08623,train,negative
PAMD-08624,train,negative
PAMD-08625,train,negative
PAMD-08626,train,negative
PAMD-08627,train,negative
PAMD-08628,train,negative
PAMD-08629,train,negative
PAMD-08630,train,negative
PAMD-08631,train,negative
PAMD-08632,train,negative
PAMD-08633,train,negative
PAMD-08634,test,negative
PAMD-08635,train,negative
PAMD-08636,train,negative
PAMD-08637,train,negative
PAMD-08638,train,negative
PAMD-08639,train,negative
PAMD-08640,test,negative
PAMD-08641,train,negative
PAMD-08642,train,negative
PAMD-08643,train,negative
PAMD-08644,test,negative
PAMD-08645,test,negative
PAMD-08646,train,negative
PAMD-08647,train,negative
PAMD-08648,train,negative
PAMD-08649,train,negative
PAMD-08650,train,negative
PAMD-08651,train,negative
PAMD-08652,train,negative
PAMD-08653,train,negative
PAMD-08654,train,negative
PAMD-08655,train,negative
PAMD-08656,train,negative
PAMD-08657,train,negative
PAMD-08658,train,negative
PAMD-08659,train,negative
PAMD-08660,train,negative
PAMD-08661,train,negative
PAMD-08662,train,negative
PAMD-08663,train,negative
PAMD-08664,train,negative
PAMD-08665,train,negative
PAMD-08666,train,negative
PAMD-08667,train,negative
PAMD-08668,train,negative
PAMD-08669,train,negative
PAMD-08670,train,negative
PAMD-08671,train,negative
PAMD-08672,test,negative
PAMD-08673,test,negative
PAMD-08674,train,negative
PAMD-08675,train,negative
PAMD-08676,train,negative
PAMD-08677,train,negative
PAMD-08678,test,negative
PAMD-08679,train,negative
PAMD-08680,train,negative
PAMD-08681,train,negative
PAMD-08682,train,negative
PAMD-08683,train,negative
PAMD-08684,test,negative
PAMD-08685,train,negative
PAMD-08686,train,negative
PAMD-08687,test,negative
PAMD-08688,train,negative
PAMD-08689,train,negative
PAMD-08690,train,negative
PAMD-08691,train,negative
PAMD-08692,train,negative
PAMD-08693,train,negative
PAMD-08694,train,negative
PAMD-08695,train,negative
PAMD-08696,train,negative
PAMD-08697,train,negative
PAMD-08698,train,negative
PAMD-08699,test,negative
PAMD-08700,train,negative
PAMD-08701,train,negative
PAMD-08702,train,negative
PAMD-08703,train,negative
PAMD-08704,train,negative
PAMD-08705,train,negative
PAMD-08706,train,negative
PAMD-08707,train,negative
PAMD-08708,train,negative
PAMD-08709,train,negative
PAMD-08710,train,negative
PAMD-08711,train,negative
PAMD-08712,train,negative
PAMD-08713,train,negative
PAMD-08714,train,negative
PAMD-08715,train,negative
PAMD-08716,train,negative
PAMD-08717,train,negative
PAMD-08718,train,negative
PAMD-08719,train,negative
PAMD-08720,train,negative
PAMD-08721,test,negative
PAMD-08722,train,negative
PAMD-08723,train,negative
PAMD-08724,test,negative
PAMD-08725,train,negative
PAMD-08726,train,negative
PAMD-08727,train,negative
PAMD-08728,train,negative
PAMD-08729,train,negative
PAMD-08730,train,negative
PAMD-08731,train,negative
PAMD-08732,train,negative
PAMD-08733,train,negative
PAMD-08734,train,negative
PAMD-08735,train,negative
PAMD-08736,train,negative
PAMD-08737,train,negative
PAMD-08738,train,negative
PAMD-08739,train,negative
PAMD-08740,train,negative
PAMD-08741,train,negative
PAMD-08742,train,negative
PAMD-08743,train,negative
PAMD-08744,train,negative
PAMD-08745,train,negative
PAMD-08746,train,negative
PAMD-08747,train,negative
PAMD-08748,train,negative
PAMD-08749,train,negative
PAMD-08750,test,negative
PAMD-08751,train,negative
PAMD-08752,test,negative
PAMD-08753,train,negative
PAMD-08754,train,negative
PAMD-08755,train,negative
PAMD-08756,train,negative
PAMD-08757,train,negative
PAMD-08758,test,negative
PAMD-08759,train,negative
PAMD-08760,train,negative
PAMD-08761,train,negative
PAMD-08762,train,negative
PAMD-08763,train,negative
PAMD-08764,train,negative
PAMD-08765,train,negative
PAMD-08766,train,negative
PAMD-08767,train,negative
PAMD-08768,train,negative
PAMD-08769,train,negative
PAMD-08770,train,negative
PAMD-08771,train,negative
PAMD-08772,train,negative
PAMD-08773,train,negative
PAMD-08774,test,negative
PAMD-08775,train,negative
PAMD-08776,test,negative
PAMD-08777,train,negative
PAMD-08778,train,negative
PAMD-08779,train,negative
PAMD-08780,train,negative
PAMD-08781,test,negative
PAMD-08782,train,negative
PAMD-08783,train,negative
PAMD-08784,train,negative
PAMD-08785,train,negative
PAMD-08786,train,negative
PAMD-08787,train,negative
PAMD-08788,test,negative
PAMD-08789,train,negative
PAMD-08790,train,negative
PAMD-08791,train,negative
PAMD-08792,train,negative
PAMD-08793,train,negative
PAMD-08794,train,negative
PAMD-08795,train,negative
PAMD-08796,train,negative
PAMD-08797,test,negative
PAMD-08798,test,negative
PAMD-08799,train,negative
PAMD-08800,train,negative
PAMD-08801,train,negative
PAMD-08802,test,negative
PAMD-08803,train,negative
PAMD-08804,train,negative
PAMD-08805,test,negative
PAMD-08806,train,negative
PAMD-08807,train,negative
PAMD-08808,train,negative
PAMD-08809,train,negative
PAMD-08810,train,negative
PAMD-08811,test,negative
PAMD-08812,train,negative
PAMD-08813,train,negative
PAMD-08814,train,negative
PAMD-08815,train,negative
PAMD-08816,train,negative
PAMD-08817,train,negative
PAMD-08818,train,negative
PAMD-08819,train,negative
PAMD-08820,train,negative
PAMD-08821,train,negative
PAMD-08822,train,negative
PAMD-08823,train,negative
PAMD-08824,test,negative
PAMD-08825,test,negative
PAMD-08826,train,negative
PAMD-08827,train,negative
PAMD-08828,train,negative
PAMD-08829,train,negative
PAMD-08830,train,negative
PAMD-08831,train,negative
PAMD-08832,train,negative
PAMD-08833,train,negative
PAMD-08834,train,negative
PAMD-08835,train,negative
PAMD-08836,train,negative
PAMD-08837,train,negative
PAMD-08838,train,negative
PAMD-08839,train,negative
PAMD-08840,train,negative
PAMD-08841,train,negative
PAMD-08842,train,negative
PAMD-08843,train,negative
PAMD-08844,train,negative
PAMD-08845,train,negative
PAMD-08846,train,negative
PAMD-08847,train,negative
PAMD-08848,train,negative
PAMD-08849,train,negative
PAMD-08850,train,negative
PAMD-08851,test,negative
PAMD-08852,train,negative
PAMD-08853,train,negative
PAMD-08854,train,negative
PAMD-08855,train,negative
PAMD-08856,train,negative
PAMD-08857,train,negative
PAMD-08858,train,negative
PAMD-08859,train,negative
PAMD-08860,train,negative
PAMD-08861,train,negative
PAMD-08862,train,negative
PAMD-08863,train,negative
PAMD-08864,train,negative
PAMD-08865,train,negative
PAMD-08866,train,negative
PAMD-08867,train,negative
PAMD-08868,train,negative
PAMD-08869,train,negative
PAMD-08870,train,negative
PAMD-08871,train,negative
PAMD-08872,train,negative
PAMD-08873,test,negative
PAMD-08874,train,negative
PAMD-08875,train,negative
PAMD-08876,train,negative
PAMD-08877,train,negative
PAMD-08878,train,negative
PAMD-08879,train,negative
PAMD-08880,train,negative
PAMD-08881,test,negative
PAMD-08882,test,negative
PAMD-08883,train,negative
PAMD-08884,train,negative
PAMD-08885,train,negative
PAMD-08886,train,negative
PAMD-08887,train,negative
PAMD-08888,train,negative
PAMD-08889,train,negative
PAMD-08890,train,negative
PAMD-08891,train,negative
PAMD-08892,train,negative
PAMD-08893,train,negative
PAMD-08894,train,negative
PAMD-08895,train,negative
PAMD-08896,train,negative
PAMD-08897,train,negative
PAMD-08898,train,negative
PAMD-08899,train,negative
PAMD-08900,train,negative
PAMD-08901,train,negative
PAMD-08902,test,negative
PAMD-08903,train,negative
PAMD-08904,test,negative
PAMD-08905,train,negative
PAMD-08906,train,negative
PAMD-08907,train,negative
PAMD-08908,train,negative
PAMD-08909,train,negative
PAMD-08910,train,negative
PAMD-08911,train,negative
PAMD-08912,train,negative
PAMD-08913,train,negative
PAMD-08914,train,negative
PAMD-08915,train,negative
PAMD-08916,train,negative
PAMD-08917,train,negative
PAMD-08918,train,negative
PAMD-08919,train,negative
PAMD-08920,train,negative
PAMD-08921,train,negative
PAMD-08922,train,negative
PAMD-08923,train,negative
PAMD-08924,train,negative
PAMD-08925,test,negative
PAMD-08926,train,negative
PAMD-08927,train,negative
PAMD-08928,train,negative
PAMD-08929,train,negative
PAMD-08930,train,negative
PAMD-08931,train,negative
PAMD-08932,train,negative
PAMD-08933,test,negative
PAMD-08934,train,negative
PAMD-08935,train,negative
PAMD-08936,train,negative
PAMD-08937,train,negative
PAMD-08938,train,negative
PAMD-08939,train,negative
PAMD-08940,train,negative
PAMD-08941,train,negative
PAMD-08942,train,negative
PAMD-08943,train,negative
PAMD-08944,train,negative
PAMD-08945,train,negative
PAMD-08946,train,negative
PAMD-08947,train,negative
PAMD-08948,train,negative
PAMD-08949,train,negative
PAMD-08950,train,negative
PAMD-08951,test,negative
PAMD-08952,train,negative
PAMD-08953,train,negative
PAMD-08954,test,negative
PAMD-08955,train,negative
PAMD-08956,train,negative
PAMD-08957,train,negative
PAMD-08958,train,negative
PAMD-08959,train,negative
PAMD-08960,train,negative
PAMD-08961,train,negative
PAMD-08962,test,negative
PAMD-08963,train,negative
PAMD-08964,train,negative
PAMD-08965,train,negative
PAMD-08966,train,negative
PAMD-08967,train,negative
PAMD-08968,train,negative
PAMD-08969,train,negative
PAMD-08970,train,negative
PAMD-08971,train,negative
PAMD-08972,train,negative
PAMD-08973,train,negative
PAMD-08974,train,negative
PAMD-08975,train,negative
PAMD-08976,train,negative
PAMD-08977,train,negative
PAMD-08978,train,negative
PAMD-08979,train,negative
PAMD-08980,train,negative
PAMD-08981,train,negative
PAMD-08982,train,negative
PAMD-08983,test,negative
PAMD-08984,train,negative
PAMD-08985,train,negative
PAMD-08986,train,negative
PAMD-08987,train,negative
PAMD-08988,test,negative
PAMD-08989,train,negative
PAMD-08990,train,negative
PAMD-08991,train,negative
PAMD-08992,train,negative
PAMD-08993,train,negative
PAMD-08994,train,negative
PAMD-08995,train,negative
PAMD-08996,train,negative
PAMD-08997,train,negative
PAMD-08998,train,negative
PAMD-08999,train,negative
PAMD-09000,train,negative
PAMD-09001,train,negative
PAMD-09002,train,negative
PAMD-09003,test,negative
PAMD-09004,train,negative
PAMD-09005,train,negative
PAMD-09006,train,negative
PAMD-09007,train,negative
PAMD-09008,train,negative
PAMD-09009,train,negative
PAMD-09010,test,negative
PAMD-09011,train,negative
PAMD-09012,train,negative
PAMD-09013,train,negative
PAMD-09014,train,negative
PAMD-09015,train,negative
PAMD-09016,test,negative
PAMD-09017,train,negative
PAMD-09018,train,negative
PAMD-09019,train,negative
PAMD-09020,train,negative
PAMD-09021,train,negative
PAMD-09022,train,negative
PAMD-09023,train,negative
PAMD-09024,train,negative
PAMD-09025,train,negative
PAMD-09026,train,negative
PAMD-09027,train,negative
PAMD-09028,train,negative
PAMD-09029,train,negative
PAMD-09030,train,negative
PAMD-09031,train,negative
PAMD-09032,train,negative
PAMD-09033,train,negative
PAMD-09034,train,negative
PAMD-09035,train,negative
PAMD-09036,train,negative
PAMD-09037,train,negative
PAMD-09038,train,negative
PAMD-09039,test,negative
PAMD-09040,train,negative
PAMD-09041,train,negative
PAMD-09042,train,negative
PAMD-09043,train,negative
PAMD-09044,train,negative
PAMD-09045,train,negative
PAMD-09046,train,negative
PAMD-09047,train,negative
PAMD-09048,train,negative
PAMD-09049,train,negative
PAMD-09050,train,negative
PAMD-09051,train,negative
PAMD-09052,train,negative
PAMD-09053,train,negative
PAMD-09054,test,negative
PAMD-09055,train,negative
PAMD-09056,train,negative
PAMD-09057,train,negative
PAMD-09058,train,negative
PAMD-09059,test,negative
PAMD-09060,train,negative
PAMD-09061,train,negative
PAMD-09062,train,negative
PAMD-09063,train,negative
PAMD-09064,train,negative
PAMD-09065,train,negative
PAMD-09066,test,negative
PAMD-09067,train,negative
PAMD-09068,train,negative
PAMD-09069,train,negative
PAMD-09070,train,negative
PAMD-09071,train,negative
PAMD-09072,train,negative
PAMD-09073,train,negative
PAMD-09074,train,negative
PAMD-09075,train,negative
PAMD-09076,train,negative
PAMD-09077,train,negative
PAMD-09078,train,negative
PAMD-09079,train,negative
PAMD-09080,train,negative
PAMD-09081,train,negative
PAMD-09082,train,negative
PAMD-09083,train,negative
PAMD-09084,train,negative
PAMD-09085,train,negative
PAMD-09086,train,negative
PAMD-09087,train,negative
PAMD-09088,train,negative
PAMD-09089,train,negative
PAMD-09090,train,negative
PAMD-09091,train,negative
PAMD-09092,train,negative
PAMD-09093,train,negative
PAMD-09094,train,negative
PAMD-09095,test,negative
PAMD-09096,test,negative
PAMD-09097,train,negative
PAMD-09098,train,negative
PAMD-09099,test,negative
PAMD-09100,train,negative
PAMD-09101,train,negative
PAMD-09102,train,negative
PAMD-09103,train,negative
PAMD-09104,train,negative
PAMD-09105,train,negative
PAMD-09106,train,negative
PAMD-09107,train,negative
PAMD-09108,train,negative
PAMD-09109,train,negative
PAMD-09110,train,negative
PAMD-09111,test,negative
PAMD-09112,train,negative
PAMD-09113,train,negative
PAMD-09114,train,negative
PAMD-09115,test,negative
PAMD-09116,train,negative
PAMD-09117,train,negative
PAMD-09118,train,negative
PAMD-09119,train,negative
PAMD-09120,train,negative
PAMD-09121,train,negative
PAMD-09122,train,negative
PAMD-09123,test,negative
PAMD-09124,train,negative
PAMD-09125,train,negative
PAMD-09126,train,negative
PAMD-09127,train,negative
PAMD-09128,train,negative
PAMD-09129,train,negative
PAMD-09130,train,negative
PAMD-09131,test,negative
PAMD-09132,train,negative
PAMD-09133,train,negative
PAMD-09134,train,negative
PAMD-09135,train,negative
PAMD-09136,train,negative
PAMD-09137,train,negative
PAMD-09138,train,negative
PAMD-09139,train,negative
PAMD-09140,test,negative
PAMD-09141,train,negative
PAMD-09142,train,negative
PAMD-09143,train,negative
PAMD-09144,test,negative
PAMD-09145,train,negative
PAMD-09146,train,negative
PAMD-09147,train,negative
PAMD-09148,train,negative
PAMD-09149,train,negative
PAMD-09150,train,negative
PAMD-09151,train,negative
PAMD-09152,train,negative
PAMD-09153,train,negative
PAMD-09154,train,negative
PAMD-09155,train,negative
PAMD-09156,test,negative
PAMD-09157,train,negative
PAMD-09158,train,negative
PAMD-09159,test,negative
PAMD-09160,test,negative
PAMD-09161,train,negative
PAMD-09162,train,negative
PAMD-09163,train,negative
PAMD-09164,train,negative
PAMD-09165,train,negative
PAMD-09166,train,negative
PAMD-09167,train,negative
PAMD-09168,train,negative
PAMD-09169,train,negative
PAMD-09170,train,negative
PAMD-09171,train,negative
PAMD-09172,train,negative
PAMD-09173,train,negative
PAMD-09174,train,negative
PAMD-09175,train,negative
PAMD-09176,train,negative
PAMD-09177,train,negative
PAMD-09178,test,negative
PAMD-09179,train,negative
PAMD-09180,test,negative
PAMD-09181,train,negative
PAMD-09182,train,negative
PAMD-09183,train,negative
PAMD-09184,train,negative
PAMD-09185,train,negative
PAMD-09186,train,negative
PAMD-09187,train,negative
PAMD-09188,train,negative
PAMD-09189,train,negative
PAMD-09190,test,negative
PAMD-09191,train,negative
PAMD-09192,train,negative
PAMD-09193,train,negative
PAMD-09194,train,negative
PAMD-09195,train,negative
PAMD-09196,train,negative
PAMD-09197,train,negative
PAMD-09198,train,negative
PAMD-09199,train,negative
PAMD-09200,train,negative
PAMD-09201,train,negative
PAMD-09202,train,negative
PAMD-09203,test,negative
PAMD-09204,train,negative
PAMD-09205,train,negative
PAMD-09206,train,negative
PAMD-09207,train,negative
PAMD-09208,train,negative
PAMD-09209,train,negative
PAMD-09210,train,negative
PAMD-09211,train,negative
PAMD-09212,train,negative
PAMD-09213,train,negative
PAMD-09214,train,negative
PAMD-09215,train,negative
PAMD-09216,train,negative
PAMD-09217,train,negative
PAMD-09218,train,negative
PAMD-09219,train,negative
PAMD-09220,train,negative
PAMD-09221,train,negative
PAMD-09222,train,negative
PAMD-09223,train,negative
PAMD-09224,train,negative
PAMD-09225,train,negative
PAMD-09226,train,negative
PAMD-09227,train,negative
PAMD-09228,train,negative
PAMD-09229,train,negative
PAMD-09230,train,negative
PAMD-09231,train,negative
PAMD-09232,train,negative
PAMD-09233,train,negative
PAMD-09234,train,negative
PAMD-09235,train,negative
PAMD-09236,train,negative
PAMD-09237,train,negative
PAMD-09238,test,negative
PAMD-09239,train,negative
PAMD-09240,train,negative
PAMD-09241,train,negative
PAMD-09242,train,negative
PAMD-09243,train,negative
PAMD-09244,train,negative
PAMD-09245,train,negative
PAMD-09246,train,negative
PAMD-09247,train,negative
PAMD-09248,test,negative
PAMD-09249,train,negative
PAMD-09250,train,negative
PAMD-09251,train,negative
PAMD-09252,train,negative
PAMD-09253,train,negative
PAMD-09254,train,negative
PAMD-09255,test,negative
PAMD-09256,train,negative
PAMD-09257,train,negative
PAMD-09258,train,negative
PAMD-09259,train,negative
PAMD-09260,train,negative
PAMD-09261,train,negative
PAMD-09262,train,negative
PAMD-09263,train,negative
PAMD-09264,train,negative
PAMD-09265,train,negative
PAMD-09266,test,negative
PAMD-09267,train,negative
PAMD-09268,test,negative
PAMD-09269,train,negative
PAMD-09270,train,negative
PAMD-09271,train,negative
PAMD-09272,test,negative
PAMD-09273,train,negative
PAMD-09274,train,negative
PAMD-09275,train,negative
PAMD-09276,train,negative
PAMD-09277,train,negative
PAMD-09278,train,negative
PAMD-09279,test,negative
PAMD-09280,train,negative
PAMD-09281,train,negative
PAMD-09282,train,negative
PAMD-09283,train,negative
PAMD-09284,train,negative
PAMD-09285,train,negative
PAMD-09286,train,negative
PAMD-09287,train,negative
PAMD-09288,train,negative
PAMD-09289,train,negative
PAMD-09290,train,negative
PAMD-09291,train,negative
PAMD-09292,test,negative
PAMD-09293,train,negative
PAMD-09294,train,negative
PAMD-09295,train,negative
PAMD-09296,train,negative
PAMD-09297,train,negative
PAMD-09298,train,negative
PAMD-09299,train,negative
PAMD-09300,train,negative
PAMD-09301,train,negative
PAMD-09302,train,negative
PAMD-09303,train,negative
PAMD-09304,train,negative
PAMD-09305,train,negative
PAMD-09306,train,negative
PAMD-09307,train,negative
PAMD-09308,train,negative
PAMD-09309,train,negative
PAMD-09310,train,negative
PAMD-09311,train,negative
PAMD-09312,train,negative
PAMD-09313,train,negative
PAMD-09314,train,negative
PAMD-09315,train,negative
PAMD-09316,train,negative
PAMD-09317,train,negative
PAMD-09318,train,negative
PAMD-09319,train,negative
PAMD-09320,train,negative
PAMD-09321,train,negative
PAMD-09322,train,negative
PAMD-09323,train,negative
PAMD-09324,train,negative
PAMD-09325,train,negative
PAMD-09326,train,negative
PAMD-09327,train,negative
PAMD-09328,train,negative
PAMD-09329,train,negative
PAMD-09330,train,negative
PAMD-09331,train,negative
PAMD-09332,test,negative
PAMD-09333,test,negative
PAMD-09334,train,negative
PAMD-09335,train,negative
PAMD-09336,test,negative
PAMD-09337,train,negative
PAMD-09338,train,negative
PAMD-09339,train,negative
PAMD-09340,train,negative
PAMD-09341,train,negative
PAMD-09342,train,negative
PAMD-09343,train,negative
PAMD-09344,train,negative
PAMD-09345,train,negative
PAMD-09346,train,negative
PAMD-09347,train,negative
PAMD-09348,train,negative
PAMD-09349,train,negative
PAMD-09350,train,negative
PAMD-09351,train,negative
PAMD-09352,train,negative
PAMD-09353,train,negative
PAMD-09354,test,negative
PAMD-09355,train,negative
PAMD-09356,train,negative
PAMD-09357,train,negative
PAMD-09358,train,negative
PAMD-09359,train,negative
PAMD-09360,train,negative
PAMD-09361,train,negative
PAMD-09362,train,negative
PAMD-09363,train,negative
PAMD-09364,train,negative
PAMD-09365,train,negative
PAMD-09366,train,negative
PAMD-09367,train,negative
PAMD-09368,test,negative
PAMD-09369,train,negative
PAMD-09370,train,negative
PAMD-09371,test,negative
PAMD-09372,train,negative
PAMD-09373,train,negative
PAMD-09374,train,negative
PAMD-09375,train,negative
PAMD-09376,train,negative
PAMD-09377,train,negative
PAMD-09378,train,negative
PAMD-09379,train,negative
PAMD-09380,train,negative
PAMD-09381,train,negative
PAMD-09382,train,negative
PAMD-09383,train,negative
PAMD-09384,train,negative
PAMD-09385,test,negative
PAMD-09386,train,negative
PAMD-09387,train,negative
PAMD-09388,train,negative
PAMD-09389,train,negative
PAMD-09390,train,negative
PAMD-09391,train,negative
PAMD-09392,test,negative
PAMD-09393,train,negative
PAMD-09394,train,negative
PAMD-09395,train,negative
PAMD-09396,train,negative
PAMD-09397,train,negative
PAMD-09398,train,negative
PAMD-09399,train,negative
PAMD-09400,train,negative
PAMD-09401,train,negative
PAMD-09402,train,negative
PAMD-09403,train,negative
PAMD-09404,train,negative
PAMD-09405,train,negative
PAMD-09406,train,negative
PAMD-09407,train,negative
PAMD-09408,train,negative
PAMD-09409,train,negative
PAMD-09410,train,negative
PAMD-09411,test,negative
PAMD-09412,test,negative
PAMD-09413,train,negative
PAMD-09414,train,negative
PAMD-09415,train,negative
PAMD-09416,test,negative
PAMD-09417,train,negative
PAMD-09418,train,negative
PAMD-09419,train,negative
PAMD-09420,train,negative
PAMD-09421,train,negative
PAMD-09422,train,negative
PAMD-09423,train,negative
PAMD-09424,test,negative
PAMD-09425,test,negative
PAMD-09426,train,negative
PAMD-09427,test,negative
PAMD-09428,train,negative
PAMD-09429,train,negative
PAMD-09430,train,negative
PAMD-09431,train,negative
PAMD-09432,train,negative
PAMD-09433,train,negative
PAMD-09434,train,negative
PAMD-09435,train,negative
PAMD-09436,train,negative
PAMD-09437,train,negative
PAMD-09438,train,negative
PAMD-09439,train,negative
PAMD-09440,train,negative
PAMD-09441,train,negative
PAMD-09442,train,negative
PAMD-09443,test,negative
PAMD-09444,train,negative
PAMD-09445,test,negative
PAMD-09446,train,negative
PAMD-09447,test,negative
PAMD-09448,train,negative
PAMD-09449,train,negative
PAMD-09450,train,negative
PAMD-09451,test,negative
PAMD-09452,train,negative
PAMD-09453,train,negative
PAMD-09454,train,negative
PAMD-09455,train,negative
PAMD-09456,train,negative
PAMD-09457,train,negative
PAMD-09458,train,negative
PAMD-09459,train,negative
PAMD-09460,train,negative
PAMD-09461,train,negative
PAMD-09462,train,negative
PAMD-09463,test,negative
PAMD-09464,train,negative
PAMD-09465,train,negative
PAMD-09466,train,negative
PAMD-09467,train,negative
PAMD-09468,train,negative
PAMD-09469,train,negative
PAMD-09470,train,negative
PAMD-09471,train,negative
PAMD-09472,train,negative
PAMD-09473,train,negative
PAMD-09474,train,negative
PAMD-09475,train,negative
PAMD-09476,train,negative
PAMD-09477,train,negative
PAMD-09478,train,negative
PAMD-09479,train,negative
PAMD-09480,train,negative
PAMD-09481,train,negative
PAMD-09482,train,negative
PAMD-09483,train,negative
PAMD-09484,train,negative
PAMD-09485,train,negative
PAMD-09486,train,negative
PAMD-09487,train,negative
PAMD-09488,test,negative
PAMD-09489,train,negative
PAMD-09490,train,negative
PAMD-09491,train,negative
PAMD-09492,train,negative
PAMD-09493,train,negative
PAMD-09494,train,negative
PAMD-09495,train,negative
PAMD-09496,test,negative
PAMD-09497,train,negative
PAMD-09498,train,negative
PAMD-09499,train,negative
PAMD-09500,train,negative
PAMD-09501,train,negative
PAMD-09502,train,negative
PAMD-09503,train,negative
PAMD-09504,train,negative
PAMD-09505,train,negative
PAMD-09506,train,negative
PAMD-09507,train,negative
PAMD-09508,train,negative
PAMD-09509,test,negative
PAMD-09510,train,negative
PAMD-09511,train,negative
PAMD-09512,train,negative
PAMD-09513,train,negative
PAMD-09514,train,negative
PAMD-09515,train,negative
PAMD-09516,train,negative
PAMD-09517,train,negative
PAMD-09518,train,negative
PAMD-09519,train,negative
PAMD-09520,test,negative
PAMD-09521,train,negative
PAMD-09522,train,negative
PAMD-09523,train,negative
PAMD-09524,test,negative
PAMD-09525,train,negative
PAMD-09526,train,negative
PAMD-09527,train,negative
PAMD-09528,train,negative
PAMD-09529,train,negative
PAMD-09530,train,negative
PAMD-09531,train,negative
PAMD-09532,test,negative
PAMD-09533,train,negative
PAMD-09534,train,negative
PAMD-09535,train,negative
PAMD-09536,train,negative
PAMD-09537,test,negative
PAMD-09538,train,negative
PAMD-09539,train,negative
PAMD-09540,train,negative
PAMD-09541,test,negative
PAMD-09542,train,negative
PAMD-09543,train,negative
PAMD-09544,train,negative
PAMD-09545,train,negative
PAMD-09546,test,negative
PAMD-09547,train,negative
PAMD-09548,train,negative
PAMD-09549,train,negative
PAMD-09550,test,negative
PAMD-09551,train,negative
PAMD-09552,train,negative
PAMD-09553,train,negative
PAMD-09554,train,negative
PAMD-09555,train,negative
PAMD-09556,train,negative
PAMD-09557,train,negative
PAMD-09558,train,negative
PAMD-09559,train,negative
PAMD-09560,test,negative
PAMD-09561,train,negative
PAMD-09562,train,negative
PAMD-09563,train,negative
PAMD-09564,train,negative
PAMD-09565,train,negative
PAMD-09566,train,negative
PAMD-09567,train,negative
PAMD-09568,test,negative
PAMD-09569,train,negative
PAMD-09570,train,negative
PAMD-09571,train,negative
PAMD-09572,train,negative
PAMD-09573,train,negative
PAMD-09574,train,negative
PAMD-09575,train,negative
PAMD-09576,train,negative
PAMD-09577,train,negative
PAMD-09578,train,negative
PAMD-09579,train,negative
PAMD-09580,train,negative
PAMD-09581,train,negative
PAMD-09582,train,negative
PAMD-09583,train,negative
PAMD-09584,train,negative
PAMD-09585,train,negative
PAMD-09586,train,negative
PAMD-09587,train,negative
PAMD-09588,train,negative
PAMD-09589,train,negative
PAMD-09590,train,negative
PAMD-09591,train,negative
PAMD-09592,train,negative
PAMD-09593,train,negative
PAMD-09594,train,negative
PAMD-09595,train,negative
PAMD-09596,train,negative
PAMD-09597,train,negative
PAMD-09598,test,negative
PAMD-09599,train,negative
PAMD-09600,train,negative
PAMD-09601,train,negative
PAMD-09602,train,negative
PAMD-09603,train,negative
PAMD-09604,train,negative
PAMD-09605,train,negative
PAMD-09606,train,negative
PAMD-09607,train,negative
PAMD-09608,train,negative
PAMD-09609,train,negative
PAMD-09610,test,negative
PAMD-09611,test,negative
PAMD-09612,train,negative
PAMD-09613,train,negative
PAMD-09614,train,negative
PAMD-09615,train,negative
PAMD-09616,train,negative
PAMD-09617,test,negative
PAMD-09618,train,negative
PAMD-09619,train,negative
PAMD-09620,train,negative
PAMD-09621,train,negative
PAMD-09622,train,negative
PAMD-09623,train,negative
PAMD-09624,train,negative
PAMD-09625,train,negative
PAMD-09626,train,negative
PAMD-09627,train,negative
PAMD-09628,train,negative
PAMD-09629,train,negative
PAMD-09630,train,negative
PAMD-09631,train,negative
PAMD-09632,train,negative
PAMD-09633,train,negative
PAMD-09634,train,negative
PAMD-09635,train,negative
PAMD-09636,train,negative
PAMD-09637,train,negative
PAMD-09638,train,negative
PAMD-09639,train,negative
PAMD-09640,test,negative
PAMD-09641,train,negative
PAMD-09642,train,negative
PAMD-09643,train,negative
PAMD-09644,train,negative
PAMD-09645,train,negative
PAMD-09646,train,negative
PAMD-09647,test,negative
PAMD-09648,train,negative
PAMD-09649,train,negative
PAMD-09650,train,negative
PAMD-09651,train,negative
PAMD-09652,train,negative
PAMD-09653,train,negative
PAMD-09654,train,negative
PAMD-09655,train,negative
PAMD-09656,train,negative
PAMD-09657,train,negative
PAMD-09658,train,negative
PAMD-09659,train,negative
PAMD-09660,train,negative
PAMD-09661,train,negative
PAMD-09662,train,negative
PAMD-09663,train,negative
PAMD-09664,train,negative
PAMD-09665,train,negative
PAMD-09666,train,negative
PAMD-09667,train,negative
PAMD-09668,train,negative
PAMD-09669,train,negative
PAMD-09670,train,negative
PAMD-09671,train,negative
PAMD-09672,train,negative
PAMD-09673,train,negative
PAMD-09674,train,negative
PAMD-09675,train,negative
PAMD-09676,train,negative
PAMD-09677,train,negative
PAMD-09678,train,negative
PAMD-09679,train,negative
PAMD-09680,train,negative
PAMD-09681,train,negative
PAMD-09682,train,negative
PAMD-09683,train,negative
PAMD-09684,train,negative
PAMD-09685,test,negative
PAMD-09686,train,negative
PAMD-09687,train,negative
PAMD-09688,train,negative
PAMD-09689,train,negative
PAMD-09690,train,negative
PAMD-09691,train,negative
PAMD-09692,test,negative
PAMD-09693,train,negative
PAMD-09694,test,negative
PAMD-09695,train,negative
PAMD-09696,train,negative
PAMD-09697,train,negative
PAMD-09698,train,negative
PAMD-09699,train,negative
PAMD-09700,test,negative
PAMD-09701,train,negative
PAMD-09702,train,negative
PAMD-09703,train,negative
PAMD-09704,train,negative
PAMD-09705,train,negative
PAMD-09706,train,negative
PAMD-09707,train,negative
PAMD-09708,train,negative
PAMD-09709,train,negative
PAMD-09710,train,negative
PAMD-09711,train,negative
PAMD-09712,train,negative
PAMD-09713,train,negative
PAMD-09714,train,negative
PAMD-09715,train,negative
PAMD-09716,test,negative
PAMD-09717,train,negative
PAMD-09718,train,negative
PAMD-09719,train,negative
PAMD-09720,train,negative
PAMD-09721,train,negative
PAMD-09722,test,negative
PAMD-09723,train,negative
PAMD-09724,train,negative
PAMD-09725,train,negative
PAMD-09726,train,negative
PAMD-09727,train,negative
PAMD-09728,train,negative
PAMD-09729,train,negative
PAMD-09730,train,negative
PAMD-09731,train,negative
PAMD-09732,train,negative
PAMD-09733,train,negative
PAMD-09734,train,negative
PAMD-09735,train,negative
PAMD-09736,train,negative
PAMD-09737,train,negative
PAMD-09738,train,negative
PAMD-09739,train,negative
PAMD-09740,train,negative
PAMD-09741,train,negative
PAMD-09742,train,negative
PAMD-09743,train,negative
PAMD-09744,test,negative
PAMD-09745,train,negative
PAMD-09746,train,negative
PAMD-09747,train,negative
PAMD-09748,train,negative
PAMD-09749,train,negative
PAMD-09750,train,negative
PAMD-09751,train,negative
PAMD-09752,train,negative
PAMD-09753,train,negative
PAMD-09754,train,negative
PAMD-09755,train,negative
PAMD-09756,train,negative
PAMD-09757,test,negative
PAMD-09758,train,negative
PAMD-09759,train,negative
PAMD-09760,train,negative
PAMD-09761,train,negative
PAMD-09762,train,negative
PAMD-09763,train,negative
PAMD-09764,train,negative
PAMD-09765,train,negative
PAMD-09766,train,negative
PAMD-09767,train,negative
PAMD-09768,train,negative
PAMD-09769,train,negative
PAMD-09770,train,negative
PAMD-09771,train,negative
PAMD-09772,train,negative
PAMD-09773,train,negative
PAMD-09774,train,negative
PAMD-09775,train,negative
PAMD-09776,train,negative
PAMD-09777,train,negative
PAMD-09778,train,negative
PAMD-09779,train,negative
PAMD-09780,train,negative
PAMD-09781,train,negative
PAMD-09782,train,negative
PAMD-09783,test,negative
PAMD-09784,train,negative
PAMD-09785,train,negative
PAMD-09786,train,negative
PAMD-09787,train,negative
PAMD-09788,train,negative
PAMD-09789,train,negative
PAMD-09790,train,negative
PAMD-09791,train,negative
PAMD-09792,train,negative
PAMD-09793,train,negative
PAMD-09794,train,negative
PAMD-09795,train,negative
PAMD-09796,train,negative
PAMD-09797,train,negative
PAMD-09798,train,negative
PAMD-09799,train,negative
PAMD-09800,train,negative
PAMD-09801,train,negative
PAMD-09802,train,negative
PAMD-09803,train,negative
PAMD-09804,train,negative
PAMD-09805,train,negative
PAMD-09806,train,negative
PAMD-09807,train,negative
PAMD-09808,train,negative
PAMD-09809,train,negative
PAMD-09810,train,negative
PAMD-09811,train,negative
PAMD-09812,test,negative
PAMD-09813,train,negative
PAMD-09814,train,negative
PAMD-09815,test,negative
PAMD-09816,train,negative
PAMD-09817,train,negative
PAMD-09818,train,negative
PAMD-09819,train,negative
PAMD-09820,train,negative
PAMD-09821,train,negative
PAMD-09822,train,negative
PAMD-09823,train,negative
PAMD-09824,train,negative
PAMD-09825,train,negative
PAMD-09826,test,negative
PAMD-09827,train,negative
PAMD-09828,train,negative
PAMD-09829,train,negative
PAMD-09830,train,negative
PAMD-09831,train,negative
PAMD-09832,train,negative
PAMD-09833,train,negative
PAMD-09834,train,negative
PAMD-09835,train,negative
PAMD-09836,train,negative
PAMD-09837,train,negative
PAMD-09838,train,negative
PAMD-09839,train,negative
PAMD-09840,train,negative
PAMD-09841,train,negative
PAMD-09842,train,negative
PAMD-09843,train,negative
PAMD-09844,train,negative
PAMD-09845,train,negative
PAMD-09846,train,negative
PAMD-09847,train,negative
PAMD-09848,test,negative
PAMD-09849,train,negative
PAMD-09850,train,negative
PAMD-09851,train,negative
PAMD-09852,train,negative
PAMD-09853,train,negative
PAMD-09854,train,negative
PAMD-09855,test,negative
PAMD-09856,train,negative
PAMD-09857,train,negative
PAMD-09858,train,negative
PAMD-09859,train,negative
PAMD-09860,test,negative
PAMD-09861,train,negative
PAMD-09862,train,negative
PAMD-09863,train,negative
PAMD-09864,train,negative
PAMD-09865,train,negative
PAMD-09866,train,negative
PAMD-09867,train,negative
PAMD-09868,train,negative
PAMD-09869,train,negative
PAMD-09870,train,negative
PAMD-09871,train,negative
PAMD-09872,train,negative
PAMD-09873,train,negative
PAMD-09874,train,negative
PAMD-09875,train,negative
PAMD-09876,test,negative
PAMD-09877,train,negative
PAMD-09878,train,negative
PAMD-09879,train,negative
PAMD-09880,train,negative
PAMD-09881,train,negative
PAMD-09882,train,negative
PAMD-09883,train,negative
PAMD-09884,train,negative
PAMD-09885,train,negative
PAMD-09886,train,negative
PAMD-09887,train,negative
PAMD-09888,train,negative
PAMD-09889,train,negative
PAMD-09890,train,negative
PAMD-09891,train,negative
PAMD-09892,train,negative
PAMD-09893,test,negative
PAMD-09894,train,negative
PAMD-09895,train,negative
PAMD-09896,train,negative
PAMD-09897,train,negative
PAMD-09898,train,negative
PAMD-09899,train,negative
PAMD-09900,train,negative
PAMD-09901,train,negative
PAMD-09902,train,negative
PAMD-09903,train,negative
PAMD-09904,train,negative
PAMD-09905,train,negative
PAMD-09906,train,negative
PAMD-09907,train,negative
PAMD-09908,train,negative
PAMD-09909,train,negative
PAMD-09910,train,negative
PAMD-09911,train,negative
PAMD-09912,train,negative
PAMD-09913,train,negative
PAMD-09914,train,negative
PAMD-09915,train,negative
PAMD-09916,train,negative
PAMD-09917,train,negative
PAMD-09918,train,negative
PAMD-09919,test,negative
PAMD-09920,train,negative
PAMD-09921,train,negative
PAMD-09922,train,negative
PAMD-09923,train,negative
PAMD-09924,train,negative
PAMD-09925,train,negative
PAMD-09926,train,negative
PAMD-09927,train,negative
PAMD-09928,train,negative
PAMD-09929,train,negative
PAMD-09930,train,negative
PAMD-09931,test,negative
PAMD-09932,train,negative
PAMD-09933,train,negative
PAMD-09934,test,negative
PAMD-09935,train,negative
PAMD-09936,train,negative
PAMD-09937,train,negative
PAMD-09938,train,negative
PAMD-09939,train,negative
PAMD-09940,train,negative
PAMD-09941,train,negative
PAMD-09942,train,negative
PAMD-09943,train,negative
PAMD-09944,train,negative
PAMD-09945,train,negative
PAMD-09946,train,negative
PAMD-09947,test,negative
PAMD-09948,train,negative
PAMD-09949,train,negative
PAMD-09950,train,negative
PAMD-09951,train,negative
PAMD-09952,train,negative
PAMD-09953,train,negative
PAMD-09954,train,negative
PAMD-09955,train,negative
PAMD-09956,train,negative
PAMD-09957,train,negative
PAMD-09958,train,negative
PAMD-09959,train,negative
PAMD-09960,train,negative
PAMD-09961,train,negative
PAMD-09962,train,negative
PAMD-09963,test,negative
PAMD-09964,train,negative
PAMD-09965,train,negative
PAMD-09966,test,negative
PAMD-09967,train,negative
PAMD-09968,train,negative
PAMD-09969,train,negative
PAMD-09970,train,negative
PAMD-09971,train,negative
PAMD-09972,train,negative
PAMD-09973,train,negative
PAMD-09974,train,negative
PAMD-09975,train,negative
PAMD-09976,test,negative
PAMD-09977,train,negative
PAMD-09978,train,negative
PAMD-09979,train,negative
PAMD-09980,train,negative
PAMD-09981,train,negative
PAMD-09982,train,negative
PAMD-09983,train,negative
PAMD-09984,train,negative
PAMD-09985,train,negative
PAMD-09986,train,negative
PAMD-09987,train,negative
PAMD-09988,train,negative
PAMD-09989,train,negative
PAMD-09990,train,negative
PAMD-09991,train,negative
PAMD-09992,train,negative
PAMD-09993,train,negative
PAMD-09994,train,negative
PAMD-09995,train,negative
PAMD-09996,train,negative
PAMD-09997,train,negative
PAMD-09998,train,negative
PAMD-09999,train,negative
PAMD-10000,test,negative
PAMD-10001,train,negative
PAMD-10002,train,negative
PAMD-10003,train,negative
PAMD-10004,train,negative
PAMD-10005,train,negative
PAMD-10006,train,negative
PAMD-10007,train,negative
PAMD-10008,train,negative
PAMD-10009,train,negative
PAMD-10010,train,negative
PAMD-10011,train,negative
PAMD-10012,train,negative
PAMD-10013,train,negative
PAMD-10014,train,negative
PAMD-10015,train,negative
PAMD-10016,train,negative
PAMD-10017,train,negative
PAMD-10018,train,negative
PAMD-10019,train,negative
PAMD-10020,train,negative
PAMD-10021,train,negative
PAMD-10022,train,negative
PAMD-10023,train,negative
PAMD-10024,train,negative
PAMD-10025,train,negative
PAMD-10026,train,negative
PAMD-10027,train,negative
PAMD-10028,train,negative
PAMD-10029,train,negative
PAMD-10030,train,negative
PAMD-10031,train,negative
PAMD-10032,train,negative
PAMD-10033,train,negative
PAMD-10034,train,negative
PAMD-10035,train,negative
PAMD-10036,train,negative
PAMD-10037,train,negative
PAMD-10038,test,negative
PAMD-10039,train,negative
PAMD-10040,train,negative
PAMD-10041,train,negative
PAMD-10042,train,negative
PAMD-10043,train,negative
PAMD-10044,train,negative
PAMD-10045,train,negative
PAMD-10046,train,negative
PAMD-10047,train,negative
PAMD-10048,train,negative
PAMD-10049,train,negative
PAMD-10050,train,negative
PAMD-10051,train,negative
PAMD-10052,train,negative
PAMD-10053,train,negative
PAMD-10054,train,negative
PAMD-10055,train,negative
PAMD-10056,train,negative
PAMD-10057,train,negative
PAMD-10058,train,negative
PAMD-10059,train,negative
PAMD-10060,train,negative
PAMD-10061,train,negative
PAMD-10062,train,negative
PAMD-10063,train,negative
PAMD-10064,train,negative
PAMD-10065,train,negative
PAMD-10066,test,negative
PAMD-10067,train,negative
PAMD-10068,train,negative
PAMD-10069,test,negative
PAMD-10070,train,negative
PAMD-10071,train,negative
PAMD-10072,train,negative
PAMD-10073,train,negative
PAMD-10074,test,negative
PAMD-10075,train,negative
PAMD-10076,train,negative
PAMD-10077,train,negative
PAMD-10078,train,negative
PAMD-10079,train,negative
PAMD-10080,train,negative
PAMD-10081,train,negative
PAMD-10082,train,negative
PAMD-10083,train,negative
PAMD-10084,train,negative
PAMD-10085,train,negative
PAMD-10086,train,negative
PAMD-10087,train,negative
PAMD-10088,train,negative
PAMD-10089,train,negative
PAMD-10090,train,negative
PAMD-10091,train,negative
PAMD-10092,train,negative
PAMD-10093,train,negative
PAMD-10094,train,negative
PAMD-10095,train,negative
PAMD-10096,train,negative
PAMD-10097,train,negative
PAMD-10098,train,negative
PAMD-10099,train,negative
PAMD-10100,train,negative
PAMD-10101,train,negative
PAMD-10102,train,negative
PAMD-10103,train,negative
PAMD-10104,train,negative
PAMD-10105,train,negative
PAMD-10106,train,negative
PAMD-10107,train,negative
PAMD-10108,train,negative
PAMD-10109,train,negative
PAMD-10110,train,negative
PAMD-10111,train,negative
PAMD-10112,train,negative
PAMD-10113,train,negative
PAMD-10114,train,negative
PAMD-10115,train,negative
PAMD-10116,train,negative
PAMD-10117,train,negative
PAMD-10118,train,negative
PAMD-10119,train,negative
PAMD-10120,test,negative
PAMD-10121,train,negative
PAMD-10122,train,negative
PAMD-10123,train,negative
PAMD-10124,train,negative
PAMD-10125,train,negative
PAMD-10126,train,negative
PAMD-10127,train,negative
PAMD-10128,train,negative
PAMD-10129,test,negative
PAMD-10130,train,negative
PAMD-10131,train,negative
PAMD-10132,train,negative
PAMD-10133,train,negative
PAMD-10134,train,negative
PAMD-10135,train,negative
PAMD-10136,test,negative
PAMD-10137,train,negative
PAMD-10138,train,negative
PAMD-10139,test,negative
PAMD-10140,train,negative
PAMD-10141,train,negative
PAMD-10142,test,negative
PAMD-10143,train,negative
PAMD-10144,train,negative
PAMD-10145,train,negative
PAMD-10146,train,negative
PAMD-10147,train,negative
PAMD-10148,train,negative
PAMD-10149,train,negative
PAMD-10150,test,negative
PAMD-10151,train,negative
PAMD-10152,train,negative
PAMD-10153,test,negative
PAMD-10154,train,negative
PAMD-10155,train,negative
PAMD-10156,train,negative
PAMD-10157,train,negative
PAMD-10158,train,negative
PAMD-10159,train,negative
PAMD-10160,train,negative
PAMD-10161,train,negative
PAMD-10162,train,negative
PAMD-10163,train,negative
PAMD-10164,train,negative
PAMD-10165,train,negative
PAMD-10166,train,negative
PAMD-10167,train,negative
PAMD-10168,train,negative
PAMD-10169,train,negative
PAMD-10170,train,negative
PAMD-10171,train,negative
PAMD-10172,train,negative
PAMD-10173,train,negative
PAMD-10174,train,negative
PAMD-10175,train,negative
PAMD-10176,train,negative
PAMD-10177,train,negative
PAMD-10178,train,negative
PAMD-10179,train,negative
PAMD-10180,train,negative
PAMD-10181,test,negative
PAMD-10182,train,negative
PAMD-10183,train,negative
PAMD-10184,train,negative
PAMD-10185,train,negative
PAMD-10186,train,negative
PAMD-10187,train,negative
PAMD-10188,train,negative
PAMD-10189,train,negative
PAMD-10190,train,negative
PAMD-10191,train,negative
PAMD-10192,train,negative
PAMD-10193,train,negative
PAMD-10194,train,negative
PAMD-10195,train,negative
PAMD-10196,train,negative
PAMD-10197,train,negative
PAMD-10198,train,negative
PAMD-10199,train,negative
PAMD-10200,train,negative
PAMD-10201,test,negative
PAMD-10202,train,negative
PAMD-10203,test,negative
PAMD-10204,train,negative
PAMD-10205,test,negative
PAMD-10206,train,negative
PAMD-10207,train,negative
PAMD-10208,train,negative
PAMD-10209,train,negative
PAMD-10210,train,negative
PAMD-10211,train,negative
PAMD-10212,train,negative
PAMD-10213,train,negative
PAMD-10214,train,negative
PAMD-10215,train,negative
PAMD-10216,train,negative
PAMD-10217,train,negative
PAMD-10218,train,negative
PAMD-10219,train,negative
PAMD-10220,train,negative
PAMD-10221,train,negative
PAMD-10222,train,negative
PAMD-10223,train,negative
PAMD-10224,train,negative
PAMD-10225,train,negative
PAMD-10226,train,negative
PAMD-10227,train,negative
PAMD-10228,train,negative
PAMD-10229,train,negative
PAMD-10230,train,negative
PAMD-10231,train,negative
PAMD-10232,train,negative
PAMD-10233,train,negative
PAMD-10234,train,negative
PAMD-10235,train,negative
PAMD-10236,train,negative
PAMD-10237,train,negative
PAMD-10238,train,negative
PAMD-10239,test,negative
PAMD-10240,train,negative
PAMD-10241,train,negative
PAMD-10242,train,negative
PAMD-10243,train,negative
PAMD-10244,train,negative
PAMD-10245,train,negative
PAMD-10246,train,negative
PAMD-10247,train,negative
PAMD-10248,train,negative
PAMD-10249,train,negative
PAMD-10250,test,negative
PAMD-10251,train,negative
PAMD-10252,train,negative
PAMD-10253,train,negative
PAMD-10254,train,negative
PAMD-10255,train,negative
PAMD-10256,train,negative
PAMD-10257,train,negative
PAMD-10258,test,negative
PAMD-10259,train,negative
PAMD-10260,train,negative
PAMD-10261,train,negative
PAMD-10262,train,negative
PAMD-10263,train,negative
PAMD-10264,train,negative
PAMD-10265,train,negative
PAMD-10266,train,negative
PAMD-10267,train,negative
PAMD-10268,train,negative
PAMD-10269,train,negative
PAMD-10270,train,negative
PAMD-10271,train,negative
PAMD-10272,train,negative
PAMD-10273,train,negative
PAMD-10274,train,negative
PAMD-10275,train,negative
PAMD-10276,train,negative
PAMD-10277,train,negative
PAMD-10278,train,negative
PAMD-10279,train,negative
PAMD-10280,train,negative
PAMD-10281,train,negative
PAMD-10282,train,negative
PAMD-10283,train,negative
PAMD-10284,test,negative
PAMD-10285,train,negative
PAMD-10286,train,negative
PAMD-10287,train,negative
PAMD-10288,train,negative
PAMD-10289,train,negative
PAMD-10290,train,negative
PAMD-10291,train,negative
PAMD-10292,train,negative
PAMD-10293,train,negative
PAMD-10294,train,negative
PAMD-10295,test,negative
PAMD-10296,train,negative
PAMD-10297,train,negative
PAMD-10298,train,negative
PAMD-10299,train,negative
PAMD-10300,train,negative
PAMD-10301,train,negative
PAMD-10302,train,negative
PAMD-10303,test,negative
PAMD-10304,train,negative
PAMD-10305,train,negative
PAMD-10306,train,negative
PAMD-10307,train,negative
PAMD-10308,test,negative
PAMD-10309,train,negative
PAMD-10310,train,negative
PAMD-10311,train,negative
PAMD-10312,test,negative
PAMD-10313,train,negative
PAMD-10314,train,negative
PAMD-10315,train,negative
PAMD-10316,train,negative
PAMD-10317,train,negative
PAMD-10318,train,negative
PAMD-10319,train,negative
PAMD-10320,train,negative
PAMD-10321,train,negative
PAMD-10322,train,negative
PAMD-10323,train,negative
PAMD-10324,train,negative
PAMD-10325,train,negative
PAMD-10326,test,negative
PAMD-10327,train,negative
PAMD-10328,train,negative
PAMD-10329,test,negative
PAMD-10330,train,negative
PAMD-10331,train,negative
PAMD-10332,train,negative
PAMD-10333,train,negative
PAMD-10334,train,negative
PAMD-10335,train,negative
PAMD-10336,train,negative
PAMD-10337,train,negative
PAMD-10338,train,negative
PAMD-10339,train,negative
PAMD-10340,train,negative
PAMD-10341,train,negative
PAMD-10342,train,negative
PAMD-10343,train,negative
PAMD-10344,train,negative
PAMD-10345,test,negative
PAMD-10346,train,negative
PAMD-10347,train,negative
PAMD-10348,train,negative
PAMD-10349,train,negative
PAMD-10350,train,negative
PAMD-10351,train,negative
PAMD-10352,train,negative
PAMD-10353,train,negative
PAMD-10354,train,negative
PAMD-10355,train,negative
PAMD-10356,train,negative
PAMD-10357,train,negative
PAMD-10358,train,negative
PAMD-10359,train,negative
PAMD-10360,train,negative
PAMD-10361,train,negative
PAMD-10362,train,negative
PAMD-10363,train,negative
PAMD-10364,train,negative
PAMD-10365,train,negative
PAMD-10366,train,negative
PAMD-10367,train,negative
PAMD-10368,train,negative
PAMD-10369,train,negative
PAMD-10370,train,negative
PAMD-10371,train,negative
PAMD-10372,train,negative
PAMD-10373,train,negative
PAMD-10374,train,negative
PAMD-10375,test,negative
PAMD-10376,train,negative
PAMD-10377,train,negative
PAMD-10378,test,negative
PAMD-10379,train,negative
PAMD-10380,train,negative
PAMD-10381,train,negative
PAMD-10382,train,negative
PAMD-10383,test,negative
PAMD-10384,train,negative
PAMD-10385,train,negative
PAMD-10386,train,negative
PAMD-10387,train,negative
PAMD-10388,train,negative
PAMD-10389,test,negative
PAMD-10390,train,negative
PAMD-10391,train,negative
PAMD-10392,train,negative
PAMD-10393,train,negative
PAMD-10394,train,negative
PAMD-10395,train,negative
PAMD-10396,train,negative
PAMD-10397,train,negative
PAMD-10398,train,negative
PAMD-10399,test,negative
PAMD-10400,train,negative
PAMD-10401,train,negative
PAMD-10402,train,negative
PAMD-10403,train,negative
PAMD-10404,train,negative
PAMD-10405,train,negative
PAMD-10406,train,negative
PAMD-10407,train,negative
PAMD-10408,train,negative
PAMD-10409,train,negative
PAMD-10410,train,negative
PAMD-10411,train,negative
PAMD-10412,train,negative
PAMD-10413,train,negative
PAMD-10414,test,negative
PAMD-10415,train,negative
PAMD-10416,test,negative
PAMD-10417,train,negative
PAMD-10418,train,negative
PAMD-10419,train,negative
PAMD-10420,train,negative
PAMD-10421,train,negative
PAMD-10422,train,negative
PAMD-10423,test,negative
PAMD-10424,train,negative
PAMD-10425,train,negative
PAMD-10426,train,negative
PAMD-10427,train,negative
PAMD-10428,train,negative
PAMD-10429,train,negative
PAMD-10430,train,negative
PAMD-10431,train,negative
PAMD-10432,train,negative
PAMD-10433,train,negative
PAMD-10434,train,negative
PAMD-10435,train,negative
PAMD-10436,train,negative
PAMD-10437,train,negative
PAMD-10438,test,negative
PAMD-10439,test,negative
PAMD-10440,train,negative
PAMD-10441,train,negative
PAMD-10442,train,negative
PAMD-10443,train,negative
PAMD-10444,train,negative
PAMD-10445,train,negative
PAMD-10446,train,negative
PAMD-10447,test,negative
PAMD-10448,train,negative
PAMD-10449,train,negative
PAMD-10450,train,negative
PAMD-10451,test,negative
PAMD-10452,train,negative
PAMD-10453,train,negative
PAMD-10454,train,negative
PAMD-10455,train,negative
PAMD-10456,train,negative
PAMD-10457,train,negative
PAMD-10458,train,negative
PAMD-10459,train,negative
PAMD-10460,test,negative
PAMD-10461,train,negative
PAMD-10462,train,negative
PAMD-10463,train,negative
PAMD-10464,train,negative
PAMD-10465,test,negative
PAMD-10466,train,negative
PAMD-10467,train,negative
PAMD-10468,train,negative
PAMD-10469,train,negative
PAMD-10470,train,negative
PAMD-10471,train,negative
PAMD-10472,train,negative
PAMD-10473,train,negative
PAMD-10474,train,negative
PAMD-10475,train,negative
PAMD-10476,train,negative
PAMD-10477,train,negative
PAMD-10478,train,negative
PAMD-10479,train,negative
PAMD-10480,train,negative
PAMD-10481,train,negative
PAMD-10482,train,negative
PAMD-10483,train,negative
PAMD-10484,train,negative
PAMD-10485,train,negative
PAMD-10486,train,negative
PAMD-10487,train,negative
PAMD-10488,test,negative
PAMD-10489,train,negative
PAMD-10490,test,negative
PAMD-10491,train,negative
PAMD-10492,train,negative
PAMD-10493,train,negative
PAMD-10494,train,negative
PAMD-10495,train,negative
PAMD-10496,test,negative
PAMD-10497,train,negative
PAMD-10498,train,negative
PAMD-10499,train,negative
PAMD-10500,train,negative
PAMD-10501,train,negative
PAMD-10502,train,negative
PAMD-10503,train,negative
PAMD-10504,train,negative
PAMD-10505,train,negative
PAMD-10506,train,negative
PAMD-10507,train,negative
PAMD-10508,train,negative
PAMD-10509,train,negative
PAMD-10510,train,negative
PAMD-10511,train,negative
PAMD-10512,train,negative
PAMD-10513,train,negative
PAMD-10514,train,negative
PAMD-10515,train,negative
PAMD-10516,train,negative
PAMD-10517,train,negative
PAMD-10518,train,negative
PAMD-10519,train,negative
PAMD-10520,train,negative
PAMD-10521,test,negative
PAMD-10522,train,negative
PAMD-10523,test,negative
PAMD-10524,train,negative
PAMD-10525,train,negative
PAMD-10526,test,negative
PAMD-10527,train,negative
PAMD-10528,train,negative
PAMD-10529,train,negative
PAMD-10530,test,negative
PAMD-10531,train,negative
PAMD-10532,train,negative
PAMD-10533,train,negative
PAMD-10534,train,negative
PAMD-10535,train,negative
PAMD-10536,train,negative
PAMD-10537,test,negative
PAMD-10538,train,negative
PAMD-10539,train,negative
PAMD-10540,train,negative
PAMD-10541,train,negative
PAMD-10542,train,negative
PAMD-10543,train,negative
PAMD-10544,train,negative
PAMD-10545,train,negative
PAMD-10546,train,negative
PAMD-10547,train,negative
PAMD-10548,train,negative
PAMD-10549,train,negative
PAMD-10550,train,negative
PAMD-10551,train,negative
PAMD-10552,train,negative
PAMD-10553,train,negative
PAMD-10554,train,negative
PAMD-10555,train,negative
PAMD-10556,train,negative
PAMD-10557,train,negative
PAMD-10558,train,negative
PAMD-10559,test,negative
PAMD-10560,train,negative
PAMD-10561,train,negative
PAMD-10562,train,negative
PAMD-10563,train,negative
PAMD-10564,test,negative
PAMD-10565,train,negative
PAMD-10566,train,negative
PAMD-10567,train,negative
PAMD-10568,train,negative
PAMD-10569,test,negative
PAMD-10570,train,negative
PAMD-10571,train,negative
PAMD-10572,train,negative
PAMD-10573,train,negative
PAMD-10574,train,negative
PAMD-10575,train,negative
PAMD-10576,train,negative
PAMD-10577,train,negative
PAMD-10578,train,negative
PAMD-10579,train,negative
PAMD-10580,train,negative
PAMD-10581,train,negative
PAMD-10582,train,negative
PAMD-10583,train,negative
PAMD-10584,train,negative
PAMD-10585,train,negative
PAMD-10586,train,negative
PAMD-10587,train,negative
PAMD-10588,train,negative
PAMD-10589,train,negative
PAMD-10590,test,negative
PAMD-10591,train,negative
PAMD-10592,train,negative
PAMD-10593,train,negative
PAMD-10594,train,negative
PAMD-10595,train,negative
PAMD-10596,train,negative
PAMD-10597,train,negative
PAMD-10598,train,negative
PAMD-10599,train,negative
PAMD-10600,train,negative
PAMD-10601,train,negative
PAMD-10602,train,negative
PAMD-10603,train,negative
PAMD-10604,train,negative
PAMD-10605,train,negative
PAMD-10606,train,negative
PAMD-10607,train,negative
PAMD-10608,train,negative
PAMD-10609,test,negative
PAMD-10610,train,negative
PAMD-10611,train,negative
PAMD-10612,train,negative
PAMD-10613,train,negative
PAMD-10614,train,negative
PAMD-10615,train,negative
PAMD-10616,train,negative
PAMD-10617,train,negative
PAMD-10618,train,negative
PAMD-10619,train,negative
PAMD-10620,train,negative
PAMD-10621,train,negative
PAMD-10622,train,negative
PAMD-10623,train,negative
PAMD-10624,test,negative
PAMD-10625,train,negative
PAMD-10626,train,negative
PAMD-10627,train,negative
PAMD-10628,train,negative
PAMD-10629,train,negative
PAMD-10630,train,negative
PAMD-10631,train,negative
PAMD-10632,train,negative
PAMD-10633,train,negative
PAMD-10634,test,negative
PAMD-10635,train,negative
PAMD-10636,train,negative
PAMD-10637,train,negative
PAMD-10638,test,negative
PAMD-10639,train,negative
PAMD-10640,train,negative
PAMD-10641,train,negative
PAMD-10642,train,negative
PAMD-10643,train,negative
PAMD-10644,train,negative
PAMD-10645,train,negative
PAMD-10646,train,negative
PAMD-10647,train,negative
PAMD-10648,train,negative
PAMD-10649,train,negative
PAMD-10650,train,negative
PAMD-10651,test,negative
PAMD-10652,train,negative
PAMD-10653,train,negative
PAMD-10654,train,negative
PAMD-10655,train,negative
PAMD-10656,train,negative
PAMD-10657,train,negative
PAMD-10658,test,negative
PAMD-10659,train,negative
PAMD-10660,train,negative
PAMD-10661,train,negative
PAMD-10662,train,negative
PAMD-10663,train,negative
PAMD-10664,train,negative
PAMD-10665,train,negative
PAMD-10666,train,negative
PAMD-10667,train,negative
PAMD-10668,train,negative
PAMD-10669,train,negative
PAMD-10670,train,negative
PAMD-10671,train,negative
PAMD-10672,train,negative
PAMD-10673,test,negative
PAMD-10674,train,negative
PAMD-10675,train,negative
PAMD-10676,test,negative
PAMD-10677,train,negative
PAMD-10678,test,negative
PAMD-10679,train,negative
PAMD-10680,train,negative
PAMD-10681,train,negative
PAMD-10682,train,negative
PAMD-10683,train,negative
PAMD-10684,train,negative
PAMD-10685,train,negative
PAMD-10686,test,negative
PAMD-10687,train,negative
PAMD-10688,train,negative
PAMD-10689,train,negative
PAMD-10690,test,negative
PAMD-10691,train,negative
PAMD-10692,train,negative
PAMD-10693,train,negative
PAMD-10694,train,negative
PAMD-10695,train,negative
PAMD-10696,train,negative
PAMD-10697,train,negative
PAMD-10698,train,negative
PAMD-10699,train,negative
PAMD-10700,train,negative
PAMD-10701,train,negative
PAMD-10702,test,negative
PAMD-10703,train,negative
PAMD-10704,train,negative
PAMD-10705,train,negative
PAMD-10706,test,negative
PAMD-10707,train,negative
PAMD-10708,test,negative
PAMD-10709,train,negative
PAMD-10710,test,negative
PAMD-10711,train,negative
PAMD-10712,train,negative
PAMD-10713,train,negative
PAMD-10714,train,negative
PAMD-10715,train,negative
PAMD-10716,train,negative
PAMD-10717,train,negative
PAMD-10718,train,negative
PAMD-10719,train,negative
PAMD-10720,train,negative
PAMD-10721,train,negative
PAMD-10722,train,negative
PAMD-10723,train,negative
PAMD-10724,train,negative
PAMD-10725,train,negative
PAMD-10726,train,negative
PAMD-10727,train,negative
PAMD-10728,train,negative
PAMD-10729,train,negative
PAMD-10730,train,negative
PAMD-10731,train,negative
PAMD-10732,train,negative
PAMD-10733,train,negative
PAMD-10734,train,negative
PAMD-10735,train,negative
PAMD-10736,train,negative
PAMD-10737,train,negative
PAMD-10738,train,negative
PAMD-10739,train,negative
PAMD-10740,train,negative
PAMD-10741,train,negative
PAMD-10742,train,negative
PAMD-10743,test,negative
PAMD-10744,train,negative
PAMD-10745,train,negative
PAMD-10746,train,negative
PAMD-10747,train,negative
PAMD-10748,train,negative
PAMD-10749,train,negative
PAMD-10750,train,negative
PAMD-10751,train,negative
PAMD-10752,train,negative
PAMD-10753,train,negative
PAMD-10754,test,negative
PAMD-10755,train,negative
PAMD-10756,train,negative
PAMD-10757,train,negative
PAMD-10758,train,negative
PAMD-10759,train,negative
PAMD-10760,test,negative
PAMD-10761,train,negative
PAMD-10762,train,negative
PAMD-10763,test,negative
PAMD-10764,train,negative
PAMD-10765,train,negative
PAMD-10766,train,negative
PAMD-10767,train,negative
PAMD-10768,train,negative
PAMD-10769,train,negative
PAMD-10770,train,negative
PAMD-10771,test,negative
PAMD-10772,train,negative
PAMD-10773,train,negative
PAMD-10774,test,negative
PAMD-10775,train,negative
PAMD-10776,train,negative
PAMD-10777,test,negative
PAMD-10778,train,negative
PAMD-10779,train,negative
PAMD-10780,train,negative
PAMD-10781,train,negative
PAMD-10782,train,negative
PAMD-10783,train,negative
PAMD-10784,train,negative
PAMD-10785,train,negative
PAMD-10786,train,negative
PAMD-10787,train,negative
PAMD-10788,train,negative
PAMD-10789,train,negative
PAMD-10790,train,negative
PAMD-10791,train,negative
PAMD-10792,train,negative
PAMD-10793,train,negative
PAMD-10794,train,negative
PAMD-10795,train,negative
PAMD-10796,train,negative
PAMD-10797,train,negative
PAMD-10798,train,negative
PAMD-10799,test,negative
PAMD-10800,test,negative
PAMD-10801,train,negative
PAMD-10802,train,negative
PAMD-10803,train,negative
PAMD-10804,train,negative
PAMD-10805,train,negative
PAMD-10806,train,negative
PAMD-10807,test,negative
PAMD-10808,train,negative
PAMD-10809,train,negative
PAMD-10810,train,negative
PAMD-10811,test,negative
PAMD-10812,train,negative
PAMD-10813,train,negative
PAMD-10814,train,negative
PAMD-10815,train,negative
PAMD-10816,train,negative
PAMD-10817,train,negative
PAMD-10818,test,negative
PAMD-10819,train,negative
PAMD-10820,train,negative
PAMD-10821,train,negative
PAMD-10822,train,negative
PAMD-10823,train,negative
PAMD-10824,train,negative
PAMD-10825,train,negative
PAMD-10826,train,negative
PAMD-10827,train,negative
PAMD-10828,train,negative
PAMD-10829,test,negative
PAMD-10830,train,negative
PAMD-10831,train,negative
PAMD-10832,train,negative
PAMD-10833,train,negative
PAMD-10834,train,negative
PAMD-10835,test,negative
PAMD-10836,train,negative
PAMD-10837,test,negative
PAMD-10838,train,negative
PAMD-10839,train,negative
PAMD-10840,train,negative
PAMD-10841,train,negative
PAMD-10842,train,negative
PAMD-10843,test,negative
PAMD-10844,train,negative
PAMD-10845,train,negative
PAMD-10846,train,negative
PAMD-10847,train,negative
PAMD-10848,train,negative
PAMD-10849,train,negative
PAMD-10850,train,negative
PAMD-10851,train,negative
PAMD-10852,train,negative
PAMD-10853,test,negative
PAMD-10854,train,negative
PAMD-10855,train,negative
PAMD-10856,train,negative
PAMD-10857,train,negative
PAMD-10858,train,negative
PAMD-10859,train,negative
PAMD-10860,train,negative
PAMD-10861,test,negative
PAMD-10862,train,negative
PAMD-10863,train,negative
PAMD-10864,train,negative
PAMD-10865,train,negative
PAMD-10866,train,negative
PAMD-10867,train,negative
PAMD-10868,train,negative
PAMD-10869,train,negative
PAMD-10870,train,negative
PAMD-10871,train,negative
PAMD-10872,train,negative
PAMD-10873,train,negative
PAMD-10874,train,negative
PAMD-10875,train,negative
PAMD-10876,train,negative
PAMD-10877,train,negative
PAMD-10878,train,negative
PAMD-10879,train,negative
PAMD-10880,train,negative
PAMD-10881,train,negative
PAMD-10882,train,negative
PAMD-10883,train,negative
PAMD-10884,train,negative
PAMD-10885,train,negative
PAMD-10886,train,negative
PAMD-10887,train,negative
PAMD-10888,test,negative
PAMD-10889,train,negative
PAMD-10890,train,negative
PAMD-10891,train,negative
PAMD-10892,train,negative
PAMD-10893,train,negative
PAMD-10894,train,negative
PAMD-10895,train,negative
PAMD-10896,train,negative
PAMD-10897,train,negative
PAMD-10898,train,negative
PAMD-10899,train,negative
PAMD-10900,train,negative
PAMD-10901,train,negative
PAMD-10902,train,negative
PAMD-10903,train,negative
PAMD-10904,train,negative
PAMD-10905,train,negative
PAMD-10906,train,negative
PAMD-10907,train,negative
PAMD-10908,train,negative
PAMD-10909,train,negative
PAMD-10910,train,negative
PAMD-10911,train,negative
PAMD-10912,train,negative
PAMD-10913,train,negative
PAMD-10914,train,negative
PAMD-10915,train,negative
PAMD-10916,train,negative
PAMD-10917,train,negative
PAMD-10918,test,negative
PAMD-10919,train,negative
PAMD-10920,train,negative
PAMD-10921,train,negative
PAMD-10922,train,negative
PAMD-10923,train,negative
PAMD-10924,train,negative
PAMD-10925,train,negative
PAMD-10926,train,negative
PAMD-10927,train,negative
PAMD-10928,train,negative
PAMD-10929,train,negative
PAMD-10930,train,negative
PAMD-10931,train,negative
PAMD-10932,train,negative
PAMD-10933,train,negative
PAMD-10934,train,negative
PAMD-10935,train,negative
PAMD-10936,test,negative
PAMD-10937,train,negative
PAMD-10938,train,negative
PAMD-10939,train,negative
PAMD-10940,train,negative
PAMD-10941,train,negative
PAMD-10942,train,negative
PAMD-10943,train,negative
PAMD-10944,train,negative
PAMD-10945,train,negative
PAMD-10946,train,negative
PAMD-10947,train,negative
PAMD-10948,train,negative
PAMD-10949,train,negative
PAMD-10950,train,negative
PAMD-10951,train,negative
PAMD-10952,train,negative
PAMD-10953,train,negative
PAMD-10954,train,negative
PAMD-10955,train,negative
PAMD-10956,train,negative
PAMD-10957,train,negative
PAMD-10958,train,negative
PAMD-10959,train,negative
PAMD-10960,train,negative
PAMD-10961,train,negative
PAMD-10962,train,negative
PAMD-10963,train,negative
PAMD-10964,train,negative
PAMD-10965,train,negative
PAMD-10966,train,negative
PAMD-10967,test,negative
PAMD-10968,train,negative
PAMD-10969,train,negative
PAMD-10970,train,negative
PAMD-10971,train,negative
PAMD-10972,train,negative
PAMD-10973,train,negative
PAMD-10974,train,negative
PAMD-10975,train,negative
PAMD-10976,train,negative
PAMD-10977,train,negative
PAMD-10978,test,negative
PAMD-10979,train,negative
PAMD-10980,train,negative
PAMD-10981,train,negative
PAMD-10982,train,negative
PAMD-10983,train,negative
PAMD-10984,train,negative
PAMD-10985,train,negative
PAMD-10986,train,negative
PAMD-10987,train,negative
PAMD-10988,train,negative
PAMD-10989,train,negative
PAMD-10990,train,negative
PAMD-10991,train,negative
PAMD-10992,train,negative
PAMD-10993,train,negative
PAMD-10994,train,negative
PAMD-10995,train,negative
PAMD-10996,train,negative
PAMD-10997,train,negative
PAMD-10998,train,negative
PAMD-10999,train,negative
PAMD-11000,train,negative
PAMD-11001,train,negative
PAMD-11002,train,negative
PAMD-11003,test,negative
PAMD-11004,train,negative
PAMD-11005,test,negative
PAMD-11006,train,negative
PAMD-11007,train,negative
PAMD-11008,train,negative
PAMD-11009,train,negative
PAMD-11010,train,negative
PAMD-11011,test,negative
PAMD-11012,train,negative
PAMD-11013,test,negative
PAMD-11014,train,negative
PAMD-11015,train,negative
PAMD-11016,train,negative
PAMD-11017,train,negative
PAMD-11018,train,negative
PAMD-11019,test,negative
PAMD-11020,test,negative
PAMD-11021,train,negative
PAMD-11022,train,negative
PAMD-11023,train,negative
PAMD-11024,train,negative
PAMD-11025,train,negative
PAMD-11026,train,negative
PAMD-11027,train,negative
PAMD-11028,train,negative
PAMD-11029,train,negative
PAMD-11030,train,negative
PAMD-11031,test,negative
PAMD-11032,train,negative
PAMD-11033,train,negative
PAMD-11034,train,negative
PAMD-11035,train,negative
PAMD-11036,train,negative
PAMD-11037,train,negative
PAMD-11038,train,negative
PAMD-11039,train,negative
PAMD-11040,test,negative
PAMD-11041,test,negative
PAMD-11042,train,negative
PAMD-11043,train,negative
PAMD-11044,train,negative
PAMD-11045,train,negative
PAMD-11046,train,negative
PAMD-11047,train,negative
PAMD-11048,train,negative
PAMD-11049,train,negative
PAMD-11050,train,negative
PAMD-11051,train,negative
PAMD-11052,train,negative
PAMD-11053,train,negative
PAMD-11054,train,negative
PAMD-11055,train,negative
PAMD-11056,train,negative
PAMD-11057,train,negative
PAMD-11058,train,negative
PAMD-11059,train,negative
PAMD-11060,train,negative
PAMD-11061,train,negative
PAMD-11062,train,negative
PAMD-11063,train,negative
PAMD-11064,train,negative
PAMD-11065,train,negative
PAMD-11066,train,negative
PAMD-11067,train,negative
PAMD-11068,train,negative
PAMD-11069,train,negative
PAMD-11070,train,negative
PAMD-11071,train,negative
PAMD-11072,train,negative
PAMD-11073,train,negative
PAMD-11074,train,negative
PAMD-11075,train,negative
PAMD-11076,train,negative
PAMD-11077,train,negative
PAMD-11078,train,negative
PAMD-11079,train,negative
PAMD-11080,train,negative
PAMD-11081,train,negative
PAMD-11082,train,negative
PAMD-11083,train,negative
PAMD-11084,train,negative
PAMD-11085,train,negative
PAMD-11086,train,negative
PAMD-11087,train,negative
PAMD-11088,train,negative
PAMD-11089,train,negative
PAMD-11090,test,negative
PAMD-11091,train,negative
PAMD-11092,train,negative
PAMD-11093,train,negative
PAMD-11094,train,negative
PAMD-11095,train,negative
PAMD-11096,train,negative
PAMD-11097,train,negative
PAMD-11098,train,negative
PAMD-11099,train,negative
PAMD-11100,train,negative
PAMD-11101,test,negative
PAMD-11102,test,negative
PAMD-11103,test,negative
PAMD-11104,train,negative
PAMD-11105,test,negative
PAMD-11106,train,negative
PAMD-11107,train,negative
PAMD-11108,train,negative
PAMD-11109,train,negative
PAMD-11110,train,negative
PAMD-11111,train,negative
PAMD-11112,test,negative
PAMD-11113,train,negative
PAMD-11114,train,negative
PAMD-11115,train,negative
PAMD-11116,train,negative
PAMD-11117,train,negative
PAMD-11118,train,negative
PAMD-11119,train,negative
PAMD-11120,train,negative
PAMD-11121,train,negative
PAMD-11122,train,negative
PAMD-11123,train,negative
PAMD-11124,train,negative
PAMD-11125,test,negative
PAMD-11126,train,negative
PAMD-11127,train,negative
PAMD-11128,train,negative
PAMD-11129,train,negative
PAMD-11130,train,negative
PAMD-11131,train,negative
PAMD-11132,train,negative
PAMD-11133,test,negative
PAMD-11134,test,negative
PAMD-11135,test,negative
PAMD-11136,train,negative
PAMD-11137,train,negative
PAMD-11138,train,negative
PAMD-11139,train,negative
PAMD-11140,train,negative
PAMD-11141,train,negative
PAMD-11142,train,negative
PAMD-11143,train,negative
PAMD-11144,train,negative
PAMD-11145,train,negative
PAMD-11146,test,negative
PAMD-11147,train,negative
PAMD-11148,train,negative
PAMD-11149,train,negative
PAMD-11150,train,negative
PAMD-11151,train,negative
PAMD-11152,train,negative
PAMD-11153,train,negative
PAMD-11154,train,negative
PAMD-11155,train,negative
PAMD-11156,train,negative
PAMD-11157,train,negative
PAMD-11158,train,negative
PAMD-11159,train,negative
PAMD-11160,train,negative
PAMD-11161,train,negative
PAMD-11162,train,negative
PAMD-11163,train,negative
PAMD-11164,train,negative
PAMD-11165,train,negative
PAMD-11166,train,negative
PAMD-11167,train,negative
PAMD-11168,train,negative
PAMD-11169,train,negative
PAMD-11170,train,negative
PAMD-11171,train,negative
PAMD-11172,train,negative
PAMD-11173,test,negative
PAMD-11174,train,negative
PAMD-11175,train,negative
PAMD-11176,train,negative
PAMD-11177,train,negative
PAMD-11178,train,negative
PAMD-11179,test,negative
PAMD-11180,train,negative
PAMD-11181,train,negative
PAMD-11182,train,negative
PAMD-11183,train,negative
PAMD-11184,train,negative
PAMD-11185,train,negative
PAMD-11186,train,negative
PAMD-11187,train,negative
PAMD-11188,train,negative
PAMD-11189,train,negative
PAMD-11190,train,negative
PAMD-11191,train,negative
PAMD-11192,train,negative
PAMD-11193,train,negative
PAMD-11194,train,negative
PAMD-11195,train,negative
PAMD-11196,train,negative
PAMD-11197,train,negative
PAMD-11198,train,negative
PAMD-11199,train,negative
PAMD-11200,test,negative
PAMD-11201,train,negative
PAMD-11202,train,negative
PAMD-11203,train,negative
PAMD-11204,train,negative
PAMD-11205,train,negative
PAMD-11206,train,negative
PAMD-11207,train,negative
PAMD-11208,train,negative
PAMD-11209,test,negative
PAMD-11210,train,negative
PAMD-11211,train,negative
PAMD-11212,train,negative
PAMD-11213,train,negative
PAMD-11214,train,negative
PAMD-11215,test,negative
PAMD-11216,train,negative
PAMD-11217,train,negative
PAMD-11218,train,negative
PAMD-11219,test,negative
PAMD-11220,train,negative
PAMD-11221,train,negative
PAMD-11222,train,negative
PAMD-11223,train,negative
PAMD-11224,train,negative
PAMD-11225,train,negative
PAMD-11226,train,negative
PAMD-11227,test,negative
PAMD-11228,test,negative
PAMD-11229,train,negative
PAMD-11230,train,negative
PAMD-11231,train,negative
PAMD-11232,test,negative
PAMD-11233,train,negative
PAMD-11234,test,negative
PAMD-11235,train,negative
PAMD-11236,train,negative
PAMD-11237,train,negative
PAMD-11238,train,negative
PAMD-11239,train,negative
PAMD-11240,test,negative
PAMD-11241,train,negative
PAMD-11242,train,negative
PAMD-11243,train,negative
PAMD-11244,train,negative
PAMD-11245,test,negative
PAMD-11246,train,negative
PAMD-11247,train,negative
PAMD-11248,test,negative
PAMD-11249,train,negative
PAMD-11250,train,negative
PAMD-11251,train,negative
PAMD-11252,test,negative
PAMD-11253,train,negative
PAMD-11254,train,negative
PAMD-11255,train,negative
PAMD-11256,train,negative
PAMD-11257,train,negative
PAMD-11258,train,negative
PAMD-11259,train,negative
PAMD-11260,train,negative
PAMD-11261,train,negative
PAMD-11262,test,negative
PAMD-11263,train,negative
PAMD-11264,train,negative
PAMD-11265,train,negative
PAMD-11266,train,negative
PAMD-11267,train,negative
PAMD-11268,test,negative
PAMD-11269,train,negative
PAMD-11270,train,negative
PAMD-11271,train,negative
PAMD-11272,train,negative
PAMD-11273,train,negative
PAMD-11274,train,negative
PAMD-11275,train,negative
PAMD-11276,train,negative
PAMD-11277,train,negative
PAMD-11278,train,negative
PAMD-11279,train,negative
PAMD-11280,train,negative
PAMD-11281,train,negative
PAMD-11282,train,negative
PAMD-11283,train,negative
PAMD-11284,train,negative
PAMD-11285,train,negative
PAMD-11286,train,negative
PAMD-11287,train,negative
PAMD-11288,train,negative
PAMD-11289,train,negative
PAMD-11290,train,negative
PAMD-11291,train,negative
PAMD-11292,test,negative
PAMD-11293,train,negative
PAMD-11294,train,negative
PAMD-11295,train,negative
PAMD-11296,train,negative
PAMD-11297,train,negative
PAMD-11298,train,negative
PAMD-11299,train,negative
PAMD-11300,train,negative
PAMD-11301,test,negative
PAMD-11302,train,negative
PAMD-11303,train,negative
PAMD-11304,train,negative
PAMD-11305,train,negative
PAMD-11306,train,negative
PAMD-11307,train,negative
PAMD-11308,train,negative
PAMD-11309,test,negative
PAMD-11310,train,negative
PAMD-11311,train,negative
PAMD-11312,train,negative
PAMD-11313,train,negative
PAMD-11314,train,negative
PAMD-11315,train,negative
PAMD-11316,train,negative
PAMD-11317,train,negative
PAMD-11318,train,negative
PAMD-11319,train,negative
PAMD-11320,train,negative
PAMD-11321,train,negative
PAMD-11322,train,negative
PAMD-11323,train,negative
PAMD-11324,train,negative
PAMD-11325,train,negative
PAMD-11326,train,negative
PAMD-11327,train,negative
PAMD-11328,train,negative
PAMD-11329,train,negative
PAMD-11330,train,negative
PAMD-11331,train,negative
PAMD-11332,train,negative
PAMD-11333,train,negative
PAMD-11334,train,negative
PAMD-11335,train,negative
PAMD-11336,train,negative
PAMD-11337,train,negative
PAMD-11338,train,negative
PAMD-11339,train,negative
PAMD-11340,train,negative
PAMD-11341,train,negative
PAMD-11342,test,negative
PAMD-11343,train,negative
PAMD-11344,train,negative
PAMD-11345,train,negative
PAMD-11346,train,negative
PAMD-11347,train,negative
PAMD-11348,train,negative
PAMD-11349,train,negative
PAMD-11350,train,negative
PAMD-11351,train,negative
PAMD-11352,train,negative
PAMD-11353,train,negative
PAMD-11354,train,negative
PAMD-11355,train,negative
PAMD-11356,train,negative
PAMD-11357,train,negative
PAMD-11358,train,negative
PAMD-11359,train,negative
PAMD-11360,train,negative
PAMD-11361,test,negative
PAMD-11362,train,negative
PAMD-11363,train,negative
PAMD-11364,train,negative
PAMD-11365,train,negative
PAMD-11366,train,negative
PAMD-11367,train,negative
PAMD-11368,train,negative
PAMD-11369,train,negative
PAMD-11370,train,negative
PAMD-11371,train,negative
PAMD-11372,train,negative
PAMD-11373,train,negative
PAMD-11374,train,negative
PAMD-11375,test,negative
PAMD-11376,train,negative
PAMD-11377,train,negative
PAMD-11378,train,negative
PAMD-11379,train,negative
PAMD-11380,train,negative
PAMD-11381,train,negative
PAMD-11382,train,negative
PAMD-11383,train,negative
PAMD-11384,train,negative
PAMD-11385,train,negative
PAMD-11386,train,negative
PAMD-11387,train,negative
PAMD-11388,train,negative
PAMD-11389,train,negative
PAMD-11390,train,negative
PAMD-11391,test,negative
PAMD-11392,train,negative
PAMD-11393,test,negative
PAMD-11394,train,negative
PAMD-11395,train,negative
PAMD-11396,train,negative
PAMD-11397,train,negative
PAMD-11398,train,negative
PAMD-11399,train,negative
PAMD-11400,test,negative
PAMD-11401,train,negative
PAMD-11402,train,negative
PAMD-11403,train,negative
PAMD-11404,train,negative
PAMD-11405,test,negative
PAMD-11406,train,negative
PAMD-11407,train,negative
PAMD-11408,train,negative
PAMD-11409,train,negative
PAMD-11410,train,negative
PAMD-11411,train,negative
PAMD-11412,train,negative
PAMD-11413,test,negative
PAMD-11414,train,negative
PAMD-11415,train,negative
PAMD-11416,train,negative
PAMD-11417,train,negative
PAMD-11418,train,negative
PAMD-11419,train,negative
PAMD-11420,test,negative
PAMD-11421,train,negative
PAMD-11422,train,negative
PAMD-11423,train,negative
PAMD-11424,test,negative
PAMD-11425,train,negative
PAMD-11426,train,negative
PAMD-11427,test,negative
PAMD-11428,train,negative
PAMD-11429,train,negative
PAMD-11430,train,negative
PAMD-11431,train,negative
PAMD-11432,train,negative
PAMD-11433,train,negative
PAMD-11434,train,negative
PAMD-11435,train,negative
PAMD-11436,train,negative
PAMD-11437,train,negative
PAMD-11438,train,negative
PAMD-11439,train,negative
PAMD-11440,train,negative
PAMD-11441,train,negative
PAMD-11442,train,negative
PAMD-11443,train,negative
PAMD-11444,train,negative
PAMD-11445,train,negative
PAMD-11446,train,negative
PAMD-11447,test,negative
PAMD-11448,train,negative
PAMD-11449,train,negative
PAMD-11450,train,negative
PAMD-11451,train,negative
PAMD-11452,train,negative
PAMD-11453,train,negative
PAMD-11454,train,negative
PAMD-11455,train,negative
PAMD-11456,train,negative
PAMD-11457,train,negative
PAMD-11458,train,negative
PAMD-11459,train,negative
PAMD-11460,train,negative
PAMD-11461,test,negative
PAMD-11462,train,negative
PAMD-11463,train,negative
PAMD-11464,train,negative
PAMD-11465,train,negative
PAMD-11466,train,negative
PAMD-11467,train,negative
PAMD-11468,train,negative
PAMD-11469,train,negative
PAMD-11470,train,negative
PAMD-11471,train,negative
PAMD-11472,train,negative
PAMD-11473,train,negative
PAMD-11474,train,negative
PAMD-11475,train,negative
PAMD-11476,train,negative
PAMD-11477,train,negative
PAMD-11478,train,negative
PAMD-11479,train,negative
PAMD-11480,train,negative
PAMD-11481,test,negative
PAMD-11482,train,negative
PAMD-11483,train,negative
PAMD-11484,train,negative
PAMD-11485,train,negative
PAMD-11486,train,negative
PAMD-11487,train,negative
PAMD-11488,train,negative
PAMD-11489,train,negative
PAMD-11490,train,negative
PAMD-11491,train,negative
PAMD-11492,train,negative
PAMD-11493,train,negative
PAMD-11494,train,negative
PAMD-11495,train,negative
PAMD-11496,train,negative
PAMD-11497,train,negative
PAMD-11498,train,negative
PAMD-11499,train,negative
PAMD-11500,train,negative
PAMD-11501,train,negative
PAMD-11502,train,negative
PAMD-11503,train,negative
PAMD-11504,train,negative
PAMD-11505,train,negative
PAMD-11506,train,negative
PAMD-11507,train,negative
PAMD-11508,train,negative
PAMD-11509,train,negative
PAMD-11510,train,negative
PAMD-11511,train,negative
PAMD-11512,train,negative
PAMD-11513,train,negative
PAMD-11514,train,negative
PAMD-11515,train,negative
PAMD-11516,train,negative
PAMD-11517,train,negative
PAMD-11518,train,negative
PAMD-11519,train,negative
PAMD-11520,train,negative
PAMD-11521,train,negative
PAMD-11522,train,negative
PAMD-11523,train,negative
PAMD-11524,train,negative
PAMD-11525,train,negative
PAMD-11526,train,negative
PAMD-11527,train,negative
PAMD-11528,train,negative
PAMD-11529,train,negative
PAMD-11530,train,negative
PAMD-11531,train,negative
PAMD-11532,train,negative
PAMD-11533,train,negative
PAMD-11534,test,negative
PAMD-11535,train,negative
PAMD-11536,train,negative
PAMD-11537,train,negative
PAMD-11538,train,negative
PAMD-11539,train,negative
PAMD-11540,train,negative
PAMD-11541,train,negative
PAMD-11542,train,negative
PAMD-11543,train,negative
PAMD-11544,train,negative
PAMD-11545,train,negative
PAMD-11546,train,negative
PAMD-11547,train,negative
PAMD-11548,train,negative
PAMD-11549,train,negative
PAMD-11550,train,negative
PAMD-11551,train,negative
PAMD-11552,test,negative
PAMD-11553,test,negative
PAMD-11554,train,negative
PAMD-11555,train,negative
PAMD-11556,train,negative
PAMD-11557,train,negative
PAMD-11558,train,negative
PAMD-11559,train,negative
PAMD-11560,train,negative
PAMD-11561,train,negative
PAMD-11562,train,negative
PAMD-11563,train,negative
PAMD-11564,train,negative
PAMD-11565,train,negative
PAMD-11566,train,negative
PAMD-11567,train,negative
PAMD-11568,train,negative
PAMD-11569,train,negative
PAMD-11570,train,negative
PAMD-11571,train,negative
PAMD-11572,test,negative
PAMD-11573,train,negative
PAMD-11574,train,negative
PAMD-11575,train,negative
PAMD-11576,test,negative
PAMD-11577,test,negative
PAMD-11578,test,negative
PAMD-11579,train,negative
PAMD-11580,train,negative
PAMD-11581,train,negative
PAMD-11582,train,negative
PAMD-11583,train,negative
PAMD-11584,train,negative
PAMD-11585,train,negative
PAMD-11586,train,negative
PAMD-11587,train,negative
PAMD-11588,train,negative
PAMD-11589,train,negative
PAMD-11590,test,negative
PAMD-11591,train,negative
PAMD-11592,train,negative
PAMD-11593,train,negative
PAMD-11594,train,negative
PAMD-11595,train,negative
PAMD-11596,test,negative
PAMD-11597,train,negative
PAMD-11598,train,negative
PAMD-11599,train,negative
PAMD-11600,train,negative
PAMD-11601,train,negative
PAMD-11602,train,negative
PAMD-11603,test,negative
PAMD-11604,train,negative
PAMD-11605,test,negative
PAMD-11606,train,negative
PAMD-11607,train,negative
PAMD-11608,train,negative
PAMD-11609,train,negative
PAMD-11610,train,negative
PAMD-11611,train,negative
PAMD-11612,train,negative
PAMD-11613,train,negative
PAMD-11614,train,negative
PAMD-11615,train,negative
PAMD-11616,train,negative
PAMD-11617,train,negative
PAMD-11618,train,negative
PAMD-11619,train,negative
PAMD-11620,train,negative
PAMD-11621,train,negative
PAMD-11622,train,negative
PAMD-11623,train,negative
PAMD-11624,train,negative
PAMD-11625,train,negative
PAMD-11626,train,negative
PAMD-11627,train,negative
PAMD-11628,train,negative
PAMD-11629,train,negative
PAMD-11630,train,negative
PAMD-11631,train,negative
PAMD-11632,test,negative
PAMD-11633,train,negative
PAMD-11634,train,negative
PAMD-11635,train,negative
PAMD-11636,train,negative
PAMD-11637,train,negative
PAMD-11638,test,negative
PAMD-11639,test,negative
PAMD-11640,train,negative
PAMD-11641,train,negative
PAMD-11642,train,negative
PAMD-11643,train,negative
PAMD-11644,train,negative
PAMD-11645,train,negative
PAMD-11646,train,negative
PAMD-11647,train,negative
PAMD-11648,train,negative
PAMD-11649,train,negative
PAMD-11650,train,negative
PAMD-11651,train,negative
PAMD-11652,test,negative
PAMD-11653,train,negative
PAMD-11654,train,negative
PAMD-11655,train,negative
PAMD-11656,train,negative
PAMD-11657,train,negative
PAMD-11658,train,negative
PAMD-11659,train,negative
PAMD-11660,train,negative
PAMD-11661,train,negative
PAMD-11662,train,negative
PAMD-11663,train,negative
PAMD-11664,train,negative
PAMD-11665,train,negative
PAMD-11666,train,negative
PAMD-11667,train,negative
PAMD-11668,train,negative
PAMD-11669,train,negative
PAMD-11670,train,negative
PAMD-11671,test,negative
PAMD-11672,train,negative
PAMD-11673,train,negative
PAMD-11674,test,negative
PAMD-11675,train,negative
PAMD-11676,train,negative
PAMD-11677,train,negative
PAMD-11678,train,negative
PAMD-11679,train,negative
PAMD-11680,test,negative
PAMD-11681,train,negative
PAMD-11682,train,negative
PAMD-11683,train,negative
PAMD-11684,train,negative
PAMD-11685,train,negative
PAMD-11686,train,negative
PAMD-11687,train,negative
PAMD-11688,train,negative
PAMD-11689,train,negative
PAMD-11690,train,negative
PAMD-11691,train,negative
PAMD-11692,test,negative
PAMD-11693,test,negative
PAMD-11694,train,negative
PAMD-11695,train,negative
PAMD-11696,test,negative
PAMD-11697,train,negative
PAMD-11698,train,negative
PAMD-11699,train,negative
PAMD-11700,train,negative
PAMD-11701,train,negative
PAMD-11702,train,negative
PAMD-11703,train,negative
PAMD-11704,train,negative
PAMD-11705,test,negative
PAMD-11706,train,negative
PAMD-11707,train,negative
PAMD-11708,train,negative
PAMD-11709,train,negative
PAMD-11710,train,negative
PAMD-11711,train,negative
PAMD-11712,train,negative
PAMD-11713,train,negative
PAMD-11714,train,negative
PAMD-11715,train,negative
PAMD-11716,train,negative
PAMD-11717,test,negative
PAMD-11718,train,negative
PAMD-11719,train,negative
PAMD-11720,train,negative
PAMD-11721,train,negative
PAMD-11722,train,negative
PAMD-11723,train,negative
PAMD-11724,train,negative
PAMD-11725,train,negative
PAMD-11726,test,negative
PAMD-11727,train,negative
PAMD-11728,train,negative
PAMD-11729,test,negative
PAMD-11730,train,negative
PAMD-11731,train,negative
PAMD-11732,train,negative
PAMD-11733,train,negative
PAMD-11734,train,negative
PAMD-11735,train,negative
PAMD-11736,train,negative
PAMD-11737,train,negative
PAMD-11738,train,negative
PAMD-11739,train,negative
PAMD-11740,train,negative
PAMD-11741,train,negative
PAMD-11742,train,negative
PAMD-11743,train,negative
PAMD-11744,test,negative
PAMD-11745,train,negative
PAMD-11746,train,negative
PAMD-11747,train,negative
PAMD-11748,train,negative
PAMD-11749,train,negative
PAMD-11750,train,negative
PAMD-11751,train,negative
PAMD-11752,test,negative
PAMD-11753,test,negative
PAMD-11754,train,negative
PAMD-11755,train,negative
PAMD-11756,train,negative
PAMD-11757,train,negative
PAMD-11758,train,negative
PAMD-11759,test,negative
PAMD-11760,train,negative
PAMD-11761,train,negative
PAMD-11762,train,negative
PAMD-11763,train,negative
PAMD-11764,train,negative
PAMD-11765,train,negative
PAMD-11766,test,negative
PAMD-11767,train,negative
PAMD-11768,train,negative
PAMD-11769,train,negative
PAMD-11770,train,negative
PAMD-11771,train,negative
PAMD-11772,train,negative
PAMD-11773,train,negative
PAMD-11774,train,negative
PAMD-11775,train,negative
PAMD-11776,train,negative
PAMD-11777,train,negative
PAMD-11778,train,negative
PAMD-11779,train,negative
PAMD-11780,train,negative
PAMD-11781,train,negative
PAMD-11782,train,negative
PAMD-11783,train,negative
PAMD-11784,train,negative
PAMD-11785,train,negative
PAMD-11786,test,negative
PAMD-11787,train,negative
PAMD-11788,train,negative
PAMD-11789,train,negative
PAMD-11790,train,negative
PAMD-11791,train,negative
PAMD-11792,train,negative
PAMD-11793,train,negative
PAMD-11794,train,negative
PAMD-11795,test,negative
PAMD-11796,train,negative
PAMD-11797,train,negative
PAMD-11798,train,negative
PAMD-11799,train,negative
PAMD-11800,train,negative
PAMD-11801,test,negative
PAMD-11802,train,negative
PAMD-11803,train,negative
PAMD-11804,train,negative
PAMD-11805,train,negative
PAMD-11806,train,negative
PAMD-11807,train,negative
PAMD-11808,train,negative
PAMD-11809,train,negative
PAMD-11810,train,negative
PAMD-11811,train,negative
PAMD-11812,train,negative
PAMD-11813,test,negative
PAMD-11814,train,negative
PAMD-11815,train,negative
PAMD-11816,test,negative
PAMD-11817,train,negative
PAMD-11818,train,negative
PAMD-11819,train,negative
PAMD-11820,train,negative
PAMD-11821,train,negative
PAMD-11822,train,negative
PAMD-11823,train,negative
PAMD-11824,train,negative
PAMD-11825,train,negative
PAMD-11826,train,negative
PAMD-11827,train,negative
PAMD-11828,train,negative
PAMD-11829,train,negative
PAMD-11830,train,negative
PAMD-11831,train,negative
PAMD-11832,train,negative
PAMD-11833,train,negative
PAMD-11834,train,negative
PAMD-11835,train,negative
PAMD-11836,train,negative
PAMD-11837,train,negative
PAMD-11838,test,negative
PAMD-11839,train,negative
PAMD-11840,train,negative
PAMD-11841,train,negative
PAMD-11842,train,negative
PAMD-11843,train,negative
PAMD-11844,train,negative
PAMD-11845,train,negative
PAMD-11846,train,negative
PAMD-11847,train,negative
PAMD-11848,train,negative
PAMD-11849,test,negative
PAMD-11850,train,negative
PAMD-11851,train,negative
PAMD-11852,train,negative
PAMD-11853,test,negative
PAMD-11854,train,negative
PAMD-11855,train,negative
PAMD-11856,train,negative
PAMD-11857,test,negative
PAMD-11858,train,negative
PAMD-11859,train,negative
PAMD-11860,test,negative
PAMD-11861,train,negative
PAMD-11862,train,negative
PAMD-11863,train,negative
PAMD-11864,train,negative
PAMD-11865,train,negative
PAMD-11866,train,negative
PAMD-11867,train,negative
PAMD-11868,train,negative
PAMD-11869,train,negative
PAMD-11870,train,negative
PAMD-11871,train,negative
PAMD-11872,train,negative
PAMD-11873,train,negative
PAMD-11874,train,negative
PAMD-11875,train,negative
PAMD-11876,train,negative
PAMD-11877,test,negative
PAMD-11878,train,negative
PAMD-11879,train,negative
PAMD-11880,train,negative
PAMD-11881,train,negative
PAMD-11882,train,negative
PAMD-11883,train,negative
PAMD-11884,train,negative
PAMD-11885,train,negative
PAMD-11886,train,negative
PAMD-11887,train,negative
PAMD-11888,train,negative
PAMD-11889,train,negative
PAMD-11890,train,negative
PAMD-11891,train,negative
PAMD-11892,train,negative
PAMD-11893,test,negative
PAMD-11894,train,negative
PAMD-11895,train,negative
PAMD-11896,train,negative
PAMD-11897,train,negative
PAMD-11898,train,negative
PAMD-11899,test,negative
PAMD-11900,train,negative
PAMD-11901,train,negative
PAMD-11902,train,negative
PAMD-11903,train,negative
PAMD-11904,train,negative
PAMD-11905,train,negative
PAMD-11906,train,negative
PAMD-11907,test,negative
PAMD-11908,test,negative
PAMD-11909,train,negative
PAMD-11910,train,negative
PAMD-11911,train,negative
PAMD-11912,train,negative
PAMD-11913,train,negative
PAMD-11914,train,negative
PAMD-11915,train,negative
PAMD-11916,test,negative
PAMD-11917,train,negative
PAMD-11918,train,negative
PAMD-11919,train,negative
PAMD-11920,train,negative
PAMD-11921,train,negative
PAMD-11922,train,negative
PAMD-11923,train,negative
PAMD-11924,train,negative
PAMD-11925,train,negative
PAMD-11926,train,negative
PAMD-11927,train,negative
PAMD-11928,train,negative
PAMD-11929,train,negative
PAMD-11930,train,negative
PAMD-11931,train,negative
PAMD-11932,train,negative
PAMD-11933,train,negative
PAMD-11934,train,negative
PAMD-11935,test,negative
PAMD-11936,train,negative
PAMD-11937,train,negative
PAMD-11938,train,negative
PAMD-11939,train,negative
PAMD-11940,train,negative
PAMD-11941,train,negative
PAMD-11942,train,negative
PAMD-11943,train,negative
PAMD-11944,test,negative
PAMD-11945,train,negative
PAMD-11946,train,negative
PAMD-11947,train,negative
PAMD-11948,train,negative
PAMD-11949,train,negative
PAMD-11950,train,negative
PAMD-11951,train,negative
PAMD-11952,train,negative
PAMD-11953,train,negative
PAMD-11954,train,negative
PAMD-11955,train,negative
PAMD-11956,train,negative
PAMD-11957,train,negative
PAMD-11958,train,negative
PAMD-11959,train,negative
PAMD-11960,train,negative
PAMD-11961,train,negative
PAMD-11962,train,negative
PAMD-11963,train,negative
PAMD-11964,train,negative
PAMD-11965,train,negative
PAMD-11966,train,negative
PAMD-11967,train,negative
PAMD-11968,train,negative
PAMD-11969,train,negative
PAMD-11970,test,negative
PAMD-11971,train,negative
PAMD-11972,train,negative
PAMD-11973,train,negative
PAMD-11974,train,negative
PAMD-11975,train,negative
PAMD-11976,train,negative
PAMD-11977,train,negative
PAMD-11978,train,negative
PAMD-11979,train,negative
PAMD-11980,test,negative
PAMD-11981,train,negative
PAMD-11982,train,negative
PAMD-11983,train,negative
PAMD-11984,train,negative
PAMD-11985,train,negative
PAMD-11986,train,negative
PAMD-11987,train,negative
PAMD-11988,train,negative
PAMD-11989,train,negative
PAMD-11990,train,negative
PAMD-11991,train,negative
PAMD-11992,train,negative
PAMD-11993,test,negative
PAMD-11994,train,negative
PAMD-11995,train,negative
PAMD-11996,train,negative
PAMD-11997,train,negative
PAMD-11998,train,negative
PAMD-11999,train,negative
PAMD-12000,train,negative
PAMD-12001,train,negative
PAMD-12002,test,negative
PAMD-12003,train,negative
PAMD-12004,train,negative
PAMD-12005,train,negative
PAMD-12006,train,negative
PAMD-12007,train,negative
PAMD-12008,test,negative
PAMD-12009,train,negative
PAMD-12010,test,negative
PAMD-12011,train,negative
PAMD-12012,train,negative
PAMD-12013,train,negative
PAMD-12014,test,negative
PAMD-12015,train,negative
PAMD-12016,train,negative
PAMD-12017,train,negative
PAMD-12018,train,negative
PAMD-12019,train,negative
PAMD-12020,train,negative
PAMD-12021,train,negative
PAMD-12022,train,negative
PAMD-12023,test,negative
PAMD-12024,train,negative
PAMD-12025,train,negative
PAMD-12026,train,negative
PAMD-12027,test,negative
PAMD-12028,train,negative
PAMD-12029,train,negative
PAMD-12030,train,negative
PAMD-12031,train,negative
PAMD-12032,train,negative
PAMD-12033,train,negative
PAMD-12034,train,negative
PAMD-12035,train,negative
PAMD-12036,train,negative
PAMD-12037,train,negative
PAMD-12038,train,negative
PAMD-12039,train,negative
PAMD-12040,train,negative
PAMD-12041,train,negative
PAMD-12042,train,negative
PAMD-12043,train,negative
PAMD-12044,train,negative
PAMD-12045,train,negative
PAMD-12046,train,negative
PAMD-12047,test,negative
PAMD-12048,test,negative
PAMD-12049,train,negative
PAMD-12050,train,negative
PAMD-12051,train,negative
PAMD-12052,train,negative
PAMD-12053,train,negative
PAMD-12054,train,negative
PAMD-12055,train,negative
PAMD-12056,train,negative
PAMD-12057,train,negative
PAMD-12058,train,negative
PAMD-12059,test,negative
PAMD-12060,train,negative
PAMD-12061,train,negative
PAMD-12062,train,negative
PAMD-12063,train,negative
PAMD-12064,train,negative
PAMD-12065,train,negative
PAMD-12066,train,negative
PAMD-12067,train,negative
PAMD-12068,train,negative
PAMD-12069,test,negative
PAMD-12070,train,negative
PAMD-12071,train,negative
PAMD-12072,train,negative
PAMD-12073,train,negative
PAMD-12074,train,negative
PAMD-12075,test,negative
PAMD-12076,train,negative
PAMD-12077,test,negative
PAMD-12078,train,negative
PAMD-12079,train,negative
PAMD-12080,train,negative
PAMD-12081,train,negative
PAMD-12082,train,negative
PAMD-12083,train,negative
PAMD-12084,train,negative
PAMD-12085,train,negative
PAMD-12086,train,negative
PAMD-12087,train,negative
PAMD-12088,train,negative
PAMD-12089,train,negative
PAMD-12090,train,negative
PAMD-12091,train,negative
PAMD-12092,train,negative
PAMD-12093,train,negative
PAMD-12094,train,negative
PAMD-12095,train,negative
PAMD-12096,train,negative
PAMD-12097,train,negative
PAMD-12098,train,negative
PAMD-12099,train,negative
PAMD-12100,train,negative
PAMD-12101,train,negative
PAMD-12102,train,negative
PAMD-12103,train,negative
PAMD-12104,train,negative
PAMD-12105,train,negative
PAMD-12106,train,negative
PAMD-12107,train,negative
PAMD-12108,train,negative
PAMD-12109,train,negative
PAMD-12110,train,negative
PAMD-12111,train,negative
PAMD-12112,train,negative
PAMD-12113,train,negative
PAMD-12114,train,negative
PAMD-12115,train,negative
PAMD-12116,train,negative
PAMD-12117,train,negative
PAMD-12118,train,negative
PAMD-12119,train,negative
PAMD-12120,test,negative
PAMD-12121,train,negative
PAMD-12122,train,negative
PAMD-12123,train,negative
PAMD-12124,train,negative
PAMD-12125,train,negative
PAMD-12126,train,negative
PAMD-12127,train,negative
PAMD-12128,test,negative
PAMD-12129,train,negative
PAMD-12130,train,negative
PAMD-12131,train,negative
PAMD-12132,train,negative
PAMD-12133,train,negative
PAMD-12134,train,negative
PAMD-12135,train,negative
PAMD-12136,train,negative
PAMD-12137,train,negative
PAMD-12138,train,negative
PAMD-12139,train,negative
PAMD-12140,train,negative
PAMD-12141,train,negative
PAMD-12142,train,negative
PAMD-12143,train,negative
PAMD-12144,train,negative
PAMD-12145,train,negative
PAMD-12146,train,negative
PAMD-12147,train,negative
PAMD-12148,test,negative
PAMD-12149,train,negative
PAMD-12150,train,negative
PAMD-12151,train,negative
PAMD-12152,train,negative
PAMD-12153,train,negative
PAMD-12154,train,negative
PAMD-12155,train,negative
PAMD-12156,train,negative
PAMD-12157,test,negative
PAMD-12158,train,negative
PAMD-12159,train,negative
PAMD-12160,train,negative
PAMD-12161,train,negative
PAMD-12162,train,negative
PAMD-12163,train,negative
PAMD-12164,train,negative
PAMD-12165,train,negative
PAMD-12166,train,negative
PAMD-12167,train,negative
PAMD-12168,train,negative
PAMD-12169,train,negative
PAMD-12170,train,negative
PAMD-12171,train,negative
PAMD-12172,train,negative
PAMD-12173,train,negative
PAMD-12174,train,negative
PAMD-12175,train,negative
PAMD-12176,train,negative
PAMD-12177,train,negative
PAMD-12178,train,negative
PAMD-12179,train,negative
PAMD-12180,train,negative
PAMD-12181,train,negative
PAMD-12182,train,negative
PAMD-12183,train,negative
PAMD-12184,train,negative
PAMD-12185,train,negative
PAMD-12186,train,negative
PAMD-12187,train,negative
PAMD-12188,train,negative
PAMD-12189,train,negative
PAMD-12190,train,negative
PAMD-12191,train,negative
PAMD-12192,train,negative
PAMD-12193,train,negative
PAMD-12194,train,negative
PAMD-12195,train,negative
PAMD-12196,train,negative
PAMD-12197,train,negative
PAMD-12198,train,negative
PAMD-12199,train,negative
PAMD-12200,train,negative
PAMD-12201,train,negative
PAMD-12202,train,negative
PAMD-12203,train,negative
PAMD-12204,train,negative
PAMD-12205,train,negative
PAMD-12206,train,negative
PAMD-12207,train,negative
PAMD-12208,train,negative
PAMD-12209,train,negative
PAMD-12210,train,negative
PAMD-12211,train,negative
PAMD-12212,train,negative
PAMD-12213,train,negative
PAMD-12214,train,negative
PAMD-12215,train,negative
PAMD-12216,train,negative
PAMD-12217,train,negative
PAMD-12218,train,negative
PAMD-12219,train,negative
PAMD-12220,train,negative
PAMD-12221,test,negative
PAMD-12222,train,negative
PAMD-12223,train,negative
PAMD-12224,test,negative
PAMD-12225,train,negative
PAMD-12226,train,negative
PAMD-12227,train,negative
PAMD-12228,train,negative
PAMD-12229,train,negative
PAMD-12230,train,negative
PAMD-12231,train,negative
PAMD-12232,train,negative
PAMD-12233,train,negative
PAMD-12234,train,negative
PAMD-12235,train,negative
PAMD-12236,train,negative
PAMD-12237,train,negative
PAMD-12238,test,negative
PAMD-12239,train,negative
PAMD-12240,train,negative
PAMD-12241,test,negative
PAMD-12242,train,negative
PAMD-12243,train,negative
PAMD-12244,train,negative
PAMD-12245,train,negative
PAMD-12246,test,negative
PAMD-12247,train,negative
PAMD-12248,train,negative
PAMD-12249,train,negative
PAMD-12250,train,negative
PAMD-12251,train,negative
PAMD-12252,train,negative
PAMD-12253,train,negative
PAMD-12254,train,negative
PAMD-12255,train,negative
PAMD-12256,train,negative
PAMD-12257,train,negative
PAMD-12258,train,negative
PAMD-12259,train,negative
PAMD-12260,train,negative
PAMD-12261,train,negative
PAMD-12262,test,negative
PAMD-12263,train,negative
PAMD-12264,train,negative
PAMD-12265,train,negative
PAMD-12266,train,negative
PAMD-12267,train,negative
PAMD-12268,train,negative
PAMD-12269,train,negative
PAMD-12270,train,negative
PAMD-12271,train,negative
PAMD-12272,test,negative
PAMD-12273,train,negative
PAMD-12274,train,negative
PAMD-12275,train,negative
PAMD-12276,train,negative
PAMD-12277,train,negative
PAMD-12278,test,negative
PAMD-12279,train,negative
PAMD-12280,train,negative
PAMD-12281,train,negative
PAMD-12282,train,negative
PAMD-12283,train,negative
PAMD-12284,train,negative
PAMD-12285,train,negative
PAMD-12286,train,negative
PAMD-12287,train,negative
PAMD-12288,train,negative
PAMD-12289,train,negative
PAMD-12290,train,negative
PAMD-12291,train,negative
PAMD-12292,train,negative
PAMD-12293,train,negative
PAMD-12294,train,negative
PAMD-12295,train,negative
PAMD-12296,train,negative
PAMD-12297,test,negative
PAMD-12298,train,negative
PAMD-12299,train,negative
PAMD-12300,train,negative
PAMD-12301,train,negative
PAMD-12302,train,negative
PAMD-12303,train,negative
PAMD-12304,train,negative
PAMD-12305,train,negative
PAMD-12306,test,negative
PAMD-12307,train,negative
PAMD-12308,train,negative
PAMD-12309,train,negative
PAMD-12310,train,negative
PAMD-12311,train,negative
PAMD-12312,test,negative
PAMD-12313,train,negative
PAMD-12314,train,negative
PAMD-12315,train,negative
PAMD-12316,test,negative
PAMD-12317,train,negative
PAMD-12318,train,negative
PAMD-12319,train,negative
PAMD-12320,train,negative
PAMD-12321,train,negative
PAMD-12322,train,negative
PAMD-12323,train,negative
PAMD-12324,test,negative
PAMD-12325,train,negative
PAMD-12326,train,negative
PAMD-12327,train,negative
PAMD-12328,train,negative
PAMD-12329,train,negative
PAMD-12330,train,negative
PAMD-12331,train,negative
PAMD-12332,train,negative
PAMD-12333,train,negative
PAMD-12334,train,negative
PAMD-12335,train,negative
PAMD-12336,train,negative
PAMD-12337,train,negative
PAMD-12338,train,negative
PAMD-12339,train,negative
PAMD-12340,train,negative
PAMD-12341,train,negative
PAMD-12342,train,negative
PAMD-12343,train,negative
PAMD-12344,train,negative
PAMD-12345,train,negative
PAMD-12346,train,negative
PAMD-12347,train,negative
PAMD-12348,train,negative
PAMD-12349,train,negative
PAMD-12350,train,negative
PAMD-12351,test,negative
PAMD-12352,train,negative
PAMD-12353,test,negative
PAMD-12354,train,negative
PAMD-12355,train,negative
PAMD-12356,train,negative
PAMD-12357,train,negative
PAMD-12358,train,negative
PAMD-12359,train,negative
PAMD-12360,train,negative
PAMD-12361,train,negative
PAMD-12362,train,negative
PAMD-12363,train,negative
PAMD-12364,test,negative
PAMD-12365,test,negative
PAMD-12366,train,negative
PAMD-12367,train,negative
PAMD-12368,train,negative
PAMD-12369,train,negative
PAMD-12370,train,negative
PAMD-12371,train,negative
PAMD-12372,train,negative
PAMD-12373,test,negative
PAMD-12374,train,negative
PAMD-12375,test,negative
PAMD-12376,train,negative
PAMD-12377,train,negative
PAMD-12378,train,negative
PAMD-12379,train,negative
PAMD-12380,test,negative
PAMD-12381,train,negative
PAMD-12382,train,negative
PAMD-12383,train,negative
PAMD-12384,train,negative
PAMD-12385,train,negative
PAMD-12386,train,negative
PAMD-12387,train,negative
PAMD-12388,train,negative
PAMD-12389,test,negative
PAMD-12390,train,negative
PAMD-12391,test,negative
PAMD-12392,train,negative
PAMD-12393,train,negative
PAMD-12394,train,negative
PAMD-12395,train,negative
PAMD-12396,train,negative
PAMD-12397,train,negative
PAMD-12398,train,negative
PAMD-12399,train,negative
PAMD-12400,train,negative
PAMD-12401,train,negative
PAMD-12402,train,negative
PAMD-12403,train,negative
PAMD-12404,train,negative
PAMD-12405,train,negative
PAMD-12406,train,negative
PAMD-12407,train,negative
PAMD-12408,train,negative
PAMD-12409,train,negative
PAMD-12410,train,negative
PAMD-12411,train,negative
PAMD-12412,train,negative
PAMD-12413,train,negative
PAMD-12414,train,negative
PAMD-12415,train,negative
PAMD-12416,test,negative
PAMD-12417,train,negative
PAMD-12418,train,negative
PAMD-12419,train,negative
PAMD-12420,train,negative
PAMD-12421,train,negative
PAMD-12422,train,negative
PAMD-12423,train,negative
PAMD-12424,test,negative
PAMD-12425,train,negative
PAMD-12426,train,negative
PAMD-12427,train,negative
PAMD-12428,train,negative
PAMD-12429,train,negative
PAMD-12430,train,negative
PAMD-12431,train,negative
PAMD-12432,train,negative
PAMD-12433,test,negative
PAMD-12434,train,negative
PAMD-12435,train,negative
PAMD-12436,train,negative
PAMD-12437,train,negative
PAMD-12438,train,negative
PAMD-12439,test,negative
PAMD-12440,train,negative
PAMD-12441,train,negative
PAMD-12442,train,negative
PAMD-12443,train,negative
PAMD-12444,test,negative
PAMD-12445,train,negative
PAMD-12446,train,negative
PAMD-12447,train,negative
PAMD-12448,train,negative
PAMD-12449,train,negative
PAMD-12450,train,negative
PAMD-12451,train,negative
PAMD-12452,train,negative
PAMD-12453,train,negative
PAMD-12454,train,negative
PAMD-12455,train,negative
PAMD-12456,train,negative
PAMD-12457,train,negative
PAMD-12458,train,negative
PAMD-12459,train,negative
PAMD-12460,train,negative
PAMD-12461,train,negative
PAMD-12462,train,negative
PAMD-12463,train,negative
PAMD-12464,train,negative
PAMD-12465,train,negative
PAMD-12466,train,negative
PAMD-12467,train,negative
PAMD-12468,test,negative
PAMD-12469,test,negative
PAMD-12470,train,negative
PAMD-12471,train,negative
PAMD-12472,train,negative
PAMD-12473,train,negative
PAMD-12474,train,negative
PAMD-12475,train,negative
PAMD-12476,train,negative
PAMD-12477,train,negative
PAMD-12478,train,negative
PAMD-12479,train,negative
PAMD-12480,train,negative
PAMD-12481,train,negative
PAMD-12482,train,negative
PAMD-12483,train,negative
PAMD-12484,train,negative
PAMD-12485,train,negative
PAMD-12486,train,negative
PAMD-12487,train,negative
PAMD-12488,train,negative
PAMD-12489,train,negative
PAMD-12490,train,negative
PAMD-12491,train,negative
PAMD-12492,train,negative
PAMD-12493,test,negative
PAMD-12494,train,negative
PAMD-12495,train,negative
PAMD-12496,train,negative
PAMD-12497,train,negative
PAMD-12498,test,negative
PAMD-12499,train,negative
PAMD-12500,train,negative
PAMD-12501,train,negative
PAMD-12502,train,negative
PAMD-12503,test,negative
PAMD-12504,train,negative
PAMD-12505,test,negative
PAMD-12506,train,negative
PAMD-12507,train,negative
PAMD-12508,train,negative
PAMD-12509,test,negative
PAMD-12510,train,negative
PAMD-12511,train,negative
PAMD-12512,test,negative
PAMD-12513,train,negative
PAMD-12514,train,negative
PAMD-12515,test,negative
PAMD-12516,train,negative
PAMD-12517,test,negative
PAMD-12518,train,negative
PAMD-12519,train,negative
PAMD-12520,train,negative
PAMD-12521,train,negative
PAMD-12522,train,negative
PAMD-12523,test,negative
PAMD-12524,train,negative
PAMD-12525,train,negative
PAMD-12526,train,negative
PAMD-12527,train,negative
PAMD-12528,train,negative
PAMD-12529,test,negative
PAMD-12530,train,negative
PAMD-12531,train,negative
PAMD-12532,train,negative
PAMD-12533,train,negative
PAMD-12534,test,negative
PAMD-12535,train,negative
PAMD-12536,train,negative
PAMD-12537,train,negative
PAMD-12538,train,negative
PAMD-12539,train,negative
PAMD-12540,train,negative
PAMD-12541,train,negative
PAMD-12542,train,negative
PAMD-12543,train,negative
PAMD-12544,train,negative
PAMD-12545,train,negative
PAMD-12546,train,negative
PAMD-12547,train,negative
PAMD-12548,train,negative
PAMD-12549,train,negative
PAMD-12550,train,negative
PAMD-12551,test,negative
PAMD-12552,train,negative
PAMD-12553,train,negative
PAMD-12554,train,negative
PAMD-12555,train,negative
PAMD-12556,train,negative
PAMD-12557,train,negative
PAMD-12558,test,negative
PAMD-12559,train,negative
PAMD-12560,train,negative
PAMD-12561,test,negative
PAMD-12562,train,negative
PAMD-12563,train,negative
PAMD-12564,train,negative
PAMD-12565,train,negative
PAMD-12566,train,negative
PAMD-12567,train,negative
PAMD-12568,train,negative
PAMD-12569,train,negative
PAMD-12570,train,negative
PAMD-12571,train,negative
PAMD-12572,train,negative
PAMD-12573,test,negative
PAMD-12574,train,negative
PAMD-12575,train,negative
PAMD-12576,train,negative
PAMD-12577,train,negative
PAMD-12578,train,negative
PAMD-12579,train,negative
PAMD-12580,train,negative
PAMD-12581,train,negative
PAMD-12582,train,negative
PAMD-12583,test,negative
PAMD-12584,train,negative
PAMD-12585,train,negative
PAMD-12586,train,negative
PAMD-12587,train,negative
PAMD-12588,train,negative
PAMD-12589,train,negative
PAMD-12590,train,negative
PAMD-12591,train,negative
PAMD-12592,train,negative
PAMD-12593,train,negative
PAMD-12594,train,negative
PAMD-12595,train,negative
PAMD-12596,train,negative
PAMD-12597,train,negative
PAMD-12598,train,negative
PAMD-12599,train,negative
PAMD-12600,train,negative
PAMD-12601,train,negative
PAMD-12602,train,negative
PAMD-12603,train,negative
PAMD-12604,train,negative
PAMD-12605,train,negative
PAMD-12606,test,negative
PAMD-12607,train,negative
PAMD-12608,test,negative
PAMD-12609,train,negative
PAMD-12610,train,negative
PAMD-12611,train,negative
PAMD-12612,test,negative
PAMD-12613,train,negative
PAMD-12614,test,negative
PAMD-12615,test,negative
PAMD-12616,train,negative
PAMD-12617,train,negative
PAMD-12618,train,negative
PAMD-12619,train,negative
PAMD-12620,train,negative
PAMD-12621,train,negative
PAMD-12622,test,negative
PAMD-12623,train,negative
PAMD-12624,train,negative
PAMD-12625,train,negative
PAMD-12626,test,negative
PAMD-12627,train,negative
PAMD-12628,train,negative
PAMD-12629,train,negative
PAMD-12630,train,negative
PAMD-12631,train,negative
PAMD-12632,train,negative
PAMD-12633,test,negative
PAMD-12634,train,negative
PAMD-12635,train,negative
PAMD-12636,train,negative
PAMD-12637,train,negative
PAMD-12638,train,negative
PAMD-12639,train,negative
PAMD-12640,train,negative
PAMD-12641,test,negative
PAMD-12642,train,negative
PAMD-12643,train,negative
PAMD-12644,train,negative
PAMD-12645,train,negative
PAMD-12646,train,negative
PAMD-12647,train,negative
PAMD-12648,train,negative
PAMD-12649,train,negative
PAMD-12650,train,negative
PAMD-12651,train,negative
PAMD-12652,train,negative
PAMD-12653,train,negative
PAMD-12654,train,negative
PAMD-12655,train,negative
PAMD-12656,train,negative
PAMD-12657,train,negative
PAMD-12658,train,negative
PAMD-12659,train,negative
PAMD-12660,train,negative
PAMD-12661,test,negative
PAMD-12662,train,negative
PAMD-12663,train,negative
PAMD-12664,train,negative
PAMD-12665,train,negative
PAMD-12666,train,negative
PAMD-12667,train,negative
PAMD-12668,train,negative
PAMD-12669,train,negative
PAMD-12670,train,negative
PAMD-12671,train,negative
PAMD-12672,train,negative
PAMD-12673,train,negative
PAMD-12674,train,negative
PAMD-12675,train,negative
PAMD-12676,train,negative
PAMD-12677,train,negative
PAMD-12678,train,negative
PAMD-12679,train,negative
PAMD-12680,train,negative
PAMD-12681,train,negative
PAMD-12682,train,negative
PAMD-12683,train,negative
PAMD-12684,train,negative
PAMD-12685,train,negative
PAMD-12686,train,negative
PAMD-12687,train,negative
PAMD-12688,train,negative
PAMD-12689,train,negative
PAMD-12690,train,negative
PAMD-12691,train,negative
PAMD-12692,train,negative
PAMD-12693,train,negative
PAMD-12694,train,negative
PAMD-12695,train,negative
PAMD-12696,train,negative
PAMD-12697,train,negative
PAMD-12698,train,negative
PAMD-12699,train,negative
PAMD-12700,train,negative
PAMD-12701,train,negative
PAMD-12702,train,negative
PAMD-12703,train,negative
PAMD-12704,train,negative
PAMD-12705,train,negative
PAMD-12706,train,negative
PAMD-12707,train,negative
PAMD-12708,train,negative
PAMD-12709,train,negative
PAMD-12710,train,negative
PAMD-12711,train,negative
PAMD-12712,train,negative
PAMD-12713,train,negative
PAMD-12714,train,negative
PAMD-12715,train,negative
PAMD-12716,train,negative
PAMD-12717,train,negative
PAMD-12718,train,negative
PAMD-12719,train,negative
PAMD-12720,train,negative
PAMD-12721,train,negative
PAMD-12722,train,negative
PAMD-12723,test,negative
PAMD-12724,train,negative
PAMD-12725,train,negative
PAMD-12726,train,negative
PAMD-12727,train,negative
PAMD-12728,train,negative
PAMD-12729,test,negative
PAMD-12730,train,negative
PAMD-12731,train,negative
PAMD-12732,train,negative
PAMD-12733,train,negative
PAMD-12734,train,negative
PAMD-12735,train,negative
PAMD-12736,train,negative
PAMD-12737,train,negative
PAMD-12738,train,negative
PAMD-12739,train,negative
PAMD-12740,test,negative
PAMD-12741,train,negative
PAMD-12742,train,negative
PAMD-12743,train,negative
PAMD-12744,train,negative
PAMD-12745,train,negative
PAMD-12746,train,negative
PAMD-12747,train,negative
PAMD-12748,train,negative
PAMD-12749,train,negative
PAMD-12750,test,negative
PAMD-12751,train,negative
PAMD-12752,test,negative
PAMD-12753,train,negative
PAMD-12754,train,negative
PAMD-12755,train,negative
PAMD-12756,train,negative
PAMD-12757,train,negative
PAMD-12758,train,negative
PAMD-12759,test,negative
PAMD-12760,train,negative
PAMD-12761,train,negative
PAMD-12762,train,negative
PAMD-12763,test,negative
PAMD-12764,train,negative
PAMD-12765,train,negative
PAMD-12766,train,negative
PAMD-12767,train,negative
PAMD-12768,train,negative
PAMD-12769,train,negative
PAMD-12770,train,negative
PAMD-12771,train,negative
PAMD-12772,train,negative
PAMD-12773,test,negative
PAMD-12774,train,negative
PAMD-12775,train,negative
PAMD-12776,train,negative
PAMD-12777,train,negative
PAMD-12778,test,negative
PAMD-12779,train,negative
PAMD-12780,train,negative
PAMD-12781,train,negative
PAMD-12782,train,negative
PAMD-12783,train,negative
PAMD-12784,train,negative
PAMD-12785,train,negative
PAMD-12786,test,negative
PAMD-12787,train,negative
PAMD-12788,train,negative
PAMD-12789,train,negative
PAMD-12790,train,negative
PAMD-12791,train,negative
PAMD-12792,test,negative
PAMD-12793,train,negative
PAMD-12794,train,negative
PAMD-12795,train,negative
PAMD-12796,train,negative
PAMD-12797,train,negative
PAMD-12798,train,negative
PAMD-12799,train,negative
PAMD-12800,train,negative
PAMD-12801,train,negative
PAMD-12802,train,negative
PAMD-12803,train,negative
PAMD-12804,train,negative
PAMD-12805,train,negative
PAMD-12806,train,negative
PAMD-12807,train,negative
PAMD-12808,train,negative
PAMD-12809,train,negative
PAMD-12810,train,negative
PAMD-12811,train,negative
PAMD-12812,train,negative
PAMD-12813,train,negative
PAMD-12814,train,negative
PAMD-12815,train,negative
PAMD-12816,train,negative
PAMD-12817,train,negative
PAMD-12818,train,negative
PAMD-12819,train,negative
PAMD-12820,train,negative
PAMD-12821,train,negative
PAMD-12822,train,negative
PAMD-12823,train,negative
PAMD-12824,train,negative
PAMD-12825,test,negative
PAMD-12826,train,negative
PAMD-12827,train,negative
PAMD-12828,train,negative
PAMD-12829,train,negative
PAMD-12830,train,negative
PAMD-12831,train,negative
PAMD-12832,train,negative
PAMD-12833,train,negative
PAMD-12834,train,negative
PAMD-12835,train,negative
PAMD-12836,train,negative
PAMD-12837,train,negative
PAMD-12838,train,negative
PAMD-12839,test,negative
PAMD-12840,train,negative
PAMD-12841,train,negative
PAMD-12842,train,negative
PAMD-12843,train,negative
PAMD-12844,train,negative
PAMD-12845,train,negative
PAMD-12846,train,negative
PAMD-12847,train,negative
PAMD-12848,train,negative
PAMD-12849,train,negative
PAMD-12850,train,negative
PAMD-12851,train,negative
PAMD-12852,train,negative
PAMD-12853,train,negative
PAMD-12854,train,negative
PAMD-12855,train,negative
PAMD-12856,train,negative
PAMD-12857,train,negative
PAMD-12858,train,negative
PAMD-12859,train,negative
PAMD-12860,test,negative
PAMD-12861,train,negative
PAMD-12862,train,negative
PAMD-12863,train,negative
PAMD-12864,train,negative
PAMD-12865,test,negative
PAMD-12866,train,negative
PAMD-12867,train,negative
PAMD-12868,train,negative
PAMD-12869,train,negative
PAMD-12870,train,negative
PAMD-12871,train,negative
PAMD-12872,train,negative
PAMD-12873,train,negative
PAMD-12874,test,negative
PAMD-12875,train,negative
PAMD-12876,train,negative
PAMD-12877,train,negative
PAMD-12878,train,negative
PAMD-12879,train,negative
PAMD-12880,train,negative
PAMD-12881,test,negative
PAMD-12882,test,negative
PAMD-12883,train,negative
PAMD-12884,train,negative
PAMD-12885,train,negative
PAMD-12886,train,negative
PAMD-12887,train,negative
PAMD-12888,train,negative
PAMD-12889,train,negative
PAMD-12890,train,negative
PAMD-12891,test,negative
PAMD-12892,train,negative
PAMD-12893,train,negative
PAMD-12894,train,negative
PAMD-12895,train,negative
PAMD-12896,train,negative
PAMD-12897,train,negative
PAMD-12898,train,negative
PAMD-12899,train,negative
PAMD-12900,train,negative
PAMD-12901,train,negative
PAMD-12902,train,negative
PAMD-12903,train,negative
PAMD-12904,train,negative
PAMD-12905,train,negative
PAMD-12906,train,negative
PAMD-12907,train,negative
PAMD-12908,train,negative
PAMD-12909,train,negative
PAMD-12910,train,negative
PAMD-12911,train,negative
PAMD-12912,train,negative
PAMD-12913,train,negative
PAMD-12914,train,negative
PAMD-12915,train,negative
PAMD-12916,train,negative
PAMD-12917,train,negative
PAMD-12918,train,negative
PAMD-12919,train,negative
PAMD-12920,test,negative
PAMD-12921,train,negative
PAMD-12922,train,negative
PAMD-12923,train,negative
PAMD-12924,train,negative
PAMD-12925,train,negative
PAMD-12926,train,negative
PAMD-12927,test,negative
PAMD-12928,train,negative
PAMD-12929,train,negative
PAMD-12930,train,negative
PAMD-12931,train,negative
PAMD-12932,train,negative
PAMD-12933,train,negative
PAMD-12934,train,negative
PAMD-12935,train,negative
PAMD-12936,train,negative
PAMD-12937,train,negative
PAMD-12938,train,negative
PAMD-12939,train,negative
PAMD-12940,train,negative
PAMD-12941,train,negative
PAMD-12942,train,negative
PAMD-12943,train,negative
PAMD-12944,test,negative
PAMD-12945,train,negative
PAMD-12946,train,negative
PAMD-12947,train,negative
PAMD-12948,train,negative
PAMD-12949,train,negative
PAMD-12950,train,negative
PAMD-12951,train,negative
PAMD-12952,train,negative
PAMD-12953,train,negative
PAMD-12954,train,negative
PAMD-12955,test,negative
PAMD-12956,train,negative
PAMD-12957,train,negative
PAMD-12958,train,negative
PAMD-12959,train,negative
PAMD-12960,train,negative
PAMD-12961,test,negative
PAMD-12962,train,negative
PAMD-12963,train,negative
PAMD-12964,train,negative
PAMD-12965,train,negative
PAMD-12966,train,negative
PAMD-12967,train,negative
PAMD-12968,test,negative
PAMD-12969,train,negative
PAMD-12970,test,negative
PAMD-12971,train,negative
PAMD-12972,train,negative
PAMD-12973,train,negative
PAMD-12974,train,negative
PAMD-12975,train,negative
PAMD-12976,train,negative
PAMD-12977,train,negative
PAMD-12978,train,negative
PAMD-12979,train,negative
PAMD-12980,train,negative
PAMD-12981,train,negative
PAMD-12982,train,negative
PAMD-12983,train,negative
PAMD-12984,train,negative
PAMD-12985,train,negative
PAMD-12986,train,negative
PAMD-12987,train,negative
PAMD-12988,train,negative
PAMD-12989,train,negative
PAMD-12990,train,negative
PAMD-12991,train,negative
PAMD-12992,train,negative
PAMD-12993,train,negative
PAMD-12994,train,negative
PAMD-12995,train,negative
PAMD-12996,train,negative
PAMD-12997,train,negative
PAMD-12998,train,negative
PAMD-12999,train,negative
PAMD-13000,train,negative
PAMD-13001,train,negative
PAMD-13002,train,negative
PAMD-13003,train,negative
PAMD-13004,train,negative
PAMD-13005,train,negative
PAMD-13006,test,negative
PAMD-13007,test,negative
PAMD-13008,train,negative
PAMD-13009,train,negative
PAMD-13010,train,negative
PAMD-13011,train,negative
PAMD-13012,train,negative
PAMD-13013,train,negative
PAMD-13014,train,negative
PAMD-13015,train,negative
PAMD-13016,test,negative
PAMD-13017,train,negative
PAMD-13018,train,negative
PAMD-13019,test,negative
PAMD-13020,test,negative
PAMD-13021,train,negative
PAMD-13022,train,negative
PAMD-13023,train,negative
PAMD-13024,train,negative
PAMD-13025,train,negative
PAMD-13026,train,negative
PAMD-13027,train,negative
PAMD-13028,train,negative
PAMD-13029,train,negative
PAMD-13030,train,negative
PAMD-13031,train,negative
PAMD-13032,test,negative
PAMD-13033,train,negative
PAMD-13034,train,negative
PAMD-13035,train,negative
PAMD-13036,train,negative
PAMD-13037,train,negative
PAMD-13038,train,negative
PAMD-13039,train,negative
PAMD-13040,train,negative
PAMD-13041,train,negative
PAMD-13042,train,negative
PAMD-13043,train,negative
PAMD-13044,train,negative
PAMD-13045,train,negative
PAMD-13046,train,negative
PAMD-13047,train,negative
PAMD-13048,train,negative
PAMD-13049,train,negative
PAMD-13050,train,negative
PAMD-13051,train,negative
PAMD-13052,train,negative
PAMD-13053,train,negative
PAMD-13054,train,negative
PAMD-13055,train,negative
PAMD-13056,train,negative
PAMD-13057,train,negative
PAMD-13058,train,negative
PAMD-13059,train,negative
PAMD-13060,train,negative
PAMD-13061,test,negative
PAMD-13062,train,negative
PAMD-13063,train,negative
PAMD-13064,train,negative
PAMD-13065,train,negative
PAMD-13066,train,negative
PAMD-13067,train,negative
PAMD-13068,train,negative
PAMD-13069,train,negative
PAMD-13070,test,negative
PAMD-13071,test,negative
PAMD-13072,train,negative
PAMD-13073,train,negative
PAMD-13074,train,negative
PAMD-13075,test,negative
PAMD-13076,train,negative
PAMD-13077,train,negative
PAMD-13078,train,negative
PAMD-13079,train,negative
PAMD-13080,train,negative
PAMD-13081,train,negative
PAMD-13082,train,negative
PAMD-13083,train,negative
PAMD-13084,train,negative
PAMD-13085,train,negative
PAMD-13086,test,negative
PAMD-13087,train,negative
PAMD-13088,train,negative
PAMD-13089,train,negative
PAMD-13090,train,negative
PAMD-13091,train,negative
PAMD-13092,train,negative
PAMD-13093,train,negative
PAMD-13094,train,negative
PAMD-13095,train,negative
PAMD-13096,train,negative
PAMD-13097,train,negative
PAMD-13098,train,negative
PAMD-13099,train,negative
PAMD-13100,train,negative
PAMD-13101,train,negative
PAMD-13102,train,negative
PAMD-13103,train,negative
PAMD-13104,train,negative
PAMD-13105,train,negative
PAMD-13106,train,negative
PAMD-13107,train,negative
PAMD-13108,train,negative
PAMD-13109,train,negative
PAMD-13110,train,negative
PAMD-13111,train,negative
PAMD-13112,train,negative
PAMD-13113,train,negative
PAMD-13114,train,negative
PAMD-13115,train,negative
PAMD-13116,train,negative
PAMD-13117,train,negative
PAMD-13118,train,negative
PAMD-13119,train,negative
PAMD-13120,train,negative
PAMD-13121,train,negative
PAMD-13122,train,negative
PAMD-13123,train,negative
PAMD-13124,train,negative
PAMD-13125,train,negative
PAMD-13126,test,negative
PAMD-13127,train,negative
PAMD-13128,train,negative
PAMD-13129,train,negative
PAMD-13130,test,negative
PAMD-13131,train,negative
PAMD-13132,train,negative
PAMD-13133,train,negative
PAMD-13134,train,negative
PAMD-13135,train,negative
PAMD-13136,test,negative
PAMD-13137,train,negative
PAMD-13138,train,negative
PAMD-13139,train,negative
PAMD-13140,train,negative
PAMD-13141,train,negative
PAMD-13142,train,negative
PAMD-13143,train,negative
PAMD-13144,train,negative
PAMD-13145,train,negative
PAMD-13146,train,negative
PAMD-13147,train,negative
PAMD-13148,train,negative
PAMD-13149,train,negative
PAMD-13150,train,negative
PAMD-13151,train,negative
PAMD-13152,train,negative
PAMD-13153,test,negative
PAMD-13154,train,negative
PAMD-13155,train,negative
PAMD-13156,train,negative
PAMD-13157,test,negative
PAMD-13158,train,negative
PAMD-13159,test,negative
PAMD-13160,train,negative
PAMD-13161,train,negative
PAMD-13162,train,negative
PAMD-13163,train,negative
PAMD-13164,train,negative
PAMD-13165,train,negative
PAMD-13166,train,negative
PAMD-13167,train,negative
PAMD-13168,train,negative
PAMD-13169,train,negative
PAMD-13170,train,negative
PAMD-13171,train,negative
PAMD-13172,train,negative
PAMD-13173,test,negative
PAMD-13174,train,negative
PAMD-13175,train,negative
PAMD-13176,train,negative
PAMD-13177,train,negative
PAMD-13178,train,negative
PAMD-13179,train,negative
PAMD-13180,test,negative
PAMD-13181,train,negative
PAMD-13182,train,negative
PAMD-13183,train,negative
PAMD-13184,test,negative
PAMD-13185,train,negative
PAMD-13186,train,negative
PAMD-13187,train,negative
PAMD-13188,train,negative
PAMD-13189,train,negative
PAMD-13190,train,negative
PAMD-13191,train,negative
PAMD-13192,train,negative
PAMD-13193,train,negative
PAMD-13194,train,negative
PAMD-13195,train,negative
PAMD-13196,test,negative
PAMD-13197,train,negative
PAMD-13198,train,negative
PAMD-13199,test,negative
PAMD-13200,train,negative
PAMD-13201,train,negative
PAMD-13202,test,negative
PAMD-13203,test,negative
PAMD-13204,train,negative
PAMD-13205,train,negative
PAMD-13206,train,negative
PAMD-13207,test,negative
PAMD-13208,train,negative
PAMD-13209,train,negative
PAMD-13210,train,negative
PAMD-13211,train,negative
PAMD-13212,test,negative
PAMD-13213,train,negative
PAMD-13214,train,negative
PAMD-13215,train,negative
PAMD-13216,train,negative
PAMD-13217,train,negative
PAMD-13218,train,negative
PAMD-13219,test,negative
PAMD-13220,train,negative
PAMD-13221,train,negative
PAMD-13222,train,negative
PAMD-13223,train,negative
PAMD-13224,train,negative
PAMD-13225,train,negative
PAMD-13226,train,negative
PAMD-13227,train,negative
PAMD-13228,train,negative
PAMD-13229,train,negative
PAMD-13230,train,negative
PAMD-13231,train,negative
PAMD-13232,train,negative
PAMD-13233,train,negative
PAMD-13234,train,negative
PAMD-13235,train,negative
PAMD-13236,train,negative
PAMD-13237,train,negative
PAMD-13238,train,negative
PAMD-13239,train,negative
PAMD-13240,train,negative
PAMD-13241,train,negative
PAMD-13242,train,negative
PAMD-13243,train,negative
PAMD-13244,test,negative
PAMD-13245,train,negative
PAMD-13246,train,negative
PAMD-13247,train,negative
PAMD-13248,train,negative
PAMD-13249,train,negative
PAMD-13250,train,negative
PAMD-13251,train,negative
PAMD-13252,train,negative
PAMD-13253,train,negative
PAMD-13254,train,negative
PAMD-13255,train,negative
PAMD-13256,train,negative
PAMD-13257,train,negative
PAMD-13258,train,negative
PAMD-13259,train,negative
PAMD-13260,train,negative
PAMD-13261,train,negative
PAMD-13262,train,negative
PAMD-13263,train,negative
PAMD-13264,train,negative
PAMD-13265,train,negative
PAMD-13266,test,negative
PAMD-13267,train,negative
PAMD-13268,train,negative
PAMD-13269,train,negative
PAMD-13270,train,negative
PAMD-13271,train,negative
PAMD-13272,test,negative
PAMD-13273,test,negative
PAMD-13274,train,negative
PAMD-13275,test,negative
PAMD-13276,train,negative
PAMD-13277,train,negative
PAMD-13278,train,negative
PAMD-13279,train,negative
PAMD-13280,train,negative
PAMD-13281,train,negative
PAMD-13282,train,negative
PAMD-13283,train,negative
PAMD-13284,test,negative
PAMD-13285,train,negative
PAMD-13286,train,negative
PAMD-13287,train,negative
PAMD-13288,train,negative
PAMD-13289,train,negative
PAMD-13290,train,negative
PAMD-13291,train,negative
PAMD-13292,train,negative
PAMD-13293,train,negative
PAMD-13294,train,negative
PAMD-13295,test,negative
PAMD-13296,test,negative
PAMD-13297,train,negative
PAMD-13298,train,negative
PAMD-13299,train,negative
PAMD-13300,train,negative
PAMD-13301,train,negative
PAMD-13302,train,negative
PAMD-13303,train,negative
PAMD-13304,train,negative
PAMD-13305,train,negative
PAMD-13306,train,negative
PAMD-13307,train,negative
PAMD-13308,train,negative
PAMD-13309,test,negative
PAMD-13310,train,negative
PAMD-13311,train,negative
PAMD-13312,train,negative
PAMD-13313,train,negative
PAMD-13314,train,negative
PAMD-13315,train,negative
PAMD-13316,train,negative
PAMD-13317,test,negative
PAMD-13318,train,negative
PAMD-13319,train,negative
PAMD-13320,train,negative
PAMD-13321,train,negative
PAMD-13322,test,negative
PAMD-13323,train,negative
PAMD-13324,test,negative
PAMD-13325,train,negative
PAMD-13326,train,negative
PAMD-13327,test,negative
PAMD-13328,train,negative
PAMD-13329,train,negative
PAMD-13330,train,negative
PAMD-13331,train,negative
PAMD-13332,test,negative
PAMD-13333,train,negative
PAMD-13334,train,negative
PAMD-13335,train,negative
PAMD-13336,train,negative
PAMD-13337,train,negative
PAMD-13338,train,negative
PAMD-13339,train,negative
PAMD-13340,train,negative
PAMD-13341,train,negative
PAMD-13342,train,negative
PAMD-13343,train,negative
PAMD-13344,train,negative
PAMD-13345,train,negative
PAMD-13346,test,negative
PAMD-13347,test,negative
PAMD-13348,train,negative
PAMD-13349,train,negative
PAMD-13350,train,negative
PAMD-13351,train,negative
PAMD-13352,train,negative
PAMD-13353,train,negative
PAMD-13354,train,negative
PAMD-13355,train,negative
PAMD-13356,test,negative
PAMD-13357,train,negative
PAMD-13358,test,negative
PAMD-13359,train,negative
PAMD-13360,train,negative
PAMD-13361,train,negative
PAMD-13362,train,negative
PAMD-13363,train,negative
PAMD-13364,train,negative
PAMD-13365,train,negative
PAMD-13366,train,negative
PAMD-13367,test,negative
PAMD-13368,train,negative
PAMD-13369,train,negative
PAMD-13370,train,negative
PAMD-13371,train,negative
PAMD-13372,train,negative
PAMD-13373,train,negative
PAMD-13374,train,negative
PAMD-13375,train,negative
PAMD-13376,train,negative
PAMD-13377,train,negative
PAMD-13378,test,negative
PAMD-13379,train,negative
PAMD-13380,train,negative
PAMD-13381,train,negative
PAMD-13382,train,negative
PAMD-13383,train,negative
PAMD-13384,train,negative
PAMD-13385,train,negative
PAMD-13386,test,negative
PAMD-13387,train,negative
PAMD-13388,train,negative
PAMD-13389,train,negative
PAMD-13390,train,negative
PAMD-13391,train,negative
PAMD-13392,train,negative
PAMD-13393,train,negative
PAMD-13394,train,negative
PAMD-13395,train,negative
PAMD-13396,train,negative
PAMD-13397,train,negative
PAMD-13398,train,negative
PAMD-13399,test,negative
PAMD-13400,test,negative
PAMD-13401,train,negative
PAMD-13402,train,negative
PAMD-13403,train,negative
PAMD-13404,test,negative
PAMD-13405,train,negative
PAMD-13406,train,negative
PAMD-13407,train,negative
PAMD-13408,train,negative
PAMD-13409,train,negative
PAMD-13410,train,negative
PAMD-13411,train,negative
PAMD-13412,train,negative
PAMD-13413,train,negative
PAMD-13414,train,negative
PAMD-13415,train,negative
PAMD-13416,train,negative
PAMD-13417,train,negative
PAMD-13418,train,negative
PAMD-13419,test,negative
PAMD-13420,train,negative
PAMD-13421,train,negative
PAMD-13422,train,negative
PAMD-13423,train,negative
PAMD-13424,train,negative
PAMD-13425,test,negative
PAMD-13426,train,negative
PAMD-13427,test,negative
PAMD-13428,train,negative
PAMD-13429,train,negative
PAMD-13430,train,negative
PAMD-13431,train,negative
PAMD-13432,train,negative
PAMD-13433,train,negative
PAMD-13434,train,negative
PAMD-13435,train,negative
PAMD-13436,train,negative
PAMD-13437,train,negative
PAMD-13438,train,negative
PAMD-13439,train,negative
PAMD-13440,train,negative
PAMD-13441,train,negative
PAMD-13442,train,negative
PAMD-13443,train,negative
PAMD-13444,train,negative
PAMD-13445,train,negative
PAMD-13446,train,negative
PAMD-13447,train,negative
PAMD-13448,train,negative
PAMD-13449,train,negative
PAMD-13450,test,negative
PAMD-13451,train,negative
PAMD-13452,test,negative
PAMD-13453,train,negative
PAMD-13454,train,negative
PAMD-13455,train,negative
PAMD-13456,train,negative
PAMD-13457,train,negative
PAMD-13458,train,negative
PAMD-13459,train,negative
PAMD-13460,train,negative
PAMD-13461,train,negative
PAMD-13462,train,negative
PAMD-13463,train,negative
PAMD-13464,train,negative
PAMD-13465,train,negative
PAMD-13466,train,negative
PAMD-13467,train,negative
PAMD-13468,train,negative
PAMD-13469,train,negative
PAMD-13470,train,negative
PAMD-13471,train,negative
PAMD-13472,train,negative
PAMD-13473,train,negative
PAMD-13474,train,negative
PAMD-13475,train,negative
PAMD-13476,train,negative
PAMD-13477,train,negative
PAMD-13478,train,negative
PAMD-13479,train,negative
PAMD-13480,train,negative
PAMD-13481,train,negative
PAMD-13482,test,negative
PAMD-13483,train,negative
PAMD-13484,train,negative
PAMD-13485,train,negative
PAMD-13486,train,negative
PAMD-13487,train,negative
PAMD-13488,train,negative
PAMD-13489,train,negative
PAMD-13490,train,negative
PAMD-13491,test,negative
PAMD-13492,test,negative
PAMD-13493,train,negative
PAMD-13494,test,negative
PAMD-13495,train,negative
PAMD-13496,train,negative
PAMD-13497,train,negative
PAMD-13498,test,negative
PAMD-13499,train,negative
PAMD-13500,train,negative
PAMD-13501,train,negative
PAMD-13502,train,negative
PAMD-13503,train,negative
PAMD-13504,train,negative
PAMD-13505,train,negative
PAMD-13506,train,negative
PAMD-13507,test,negative
PAMD-13508,train,negative
PAMD-13509,train,negative
PAMD-13510,test,negative
PAMD-13511,train,negative
PAMD-13512,train,negative
PAMD-13513,train,negative
PAMD-13514,train,negative
PAMD-13515,train,negative
PAMD-13516,test,negative
PAMD-13517,train,negative
PAMD-13518,train,negative
PAMD-13519,train,negative
PAMD-13520,test,negative
PAMD-13521,test,negative
PAMD-13522,train,negative
PAMD-13523,train,negative
PAMD-13524,train,negative
PAMD-13525,train,negative
PAMD-13526,train,negative
PAMD-13527,train,negative
PAMD-13528,train,negative
PAMD-13529,train,negative
PAMD-13530,train,negative
PAMD-13531,train,negative
PAMD-13532,train,negative
PAMD-13533,train,negative
PAMD-13534,train,negative
PAMD-13535,train,negative
PAMD-13536,test,negative
PAMD-13537,train,negative
PAMD-13538,train,negative
PAMD-13539,train,negative
PAMD-13540,test,negative
PAMD-13541,train,negative
PAMD-13542,train,negative
PAMD-13543,train,negative
PAMD-13544,train,negative
PAMD-13545,train,negative
PAMD-13546,test,negative
PAMD-13547,train,negative
PAMD-13548,train,negative
PAMD-13549,train,negative
PAMD-13550,train,negative
PAMD-13551,train,negative
PAMD-13552,train,negative
PAMD-13553,train,negative
PAMD-13554,train,negative
PAMD-13555,train,negative
PAMD-13556,train,negative
PAMD-13557,train,negative
PAMD-13558,train,negative
PAMD-13559,train,negative
PAMD-13560,train,negative
PAMD-13561,train,negative
PAMD-13562,train,negative
PAMD-13563,train,negative
PAMD-13564,train,negative
PAMD-13565,train,negative
PAMD-13566,train,negative
PAMD-13567,train,negative
PAMD-13568,train,negative
PAMD-13569,train,negative
PAMD-13570,train,negative
PAMD-13571,train,negative
PAMD-13572,train,negative
PAMD-13573,test,negative
PAMD-13574,train,negative
PAMD-13575,train,negative
PAMD-13576,train,negative
PAMD-13577,train,negative
PAMD-13578,train,negative
PAMD-13579,train,negative
PAMD-13580,train,negative
PAMD-13581,train,negative
PAMD-13582,test,negative
PAMD-13583,train,negative
PAMD-13584,train,negative
PAMD-13585,train,negative
PAMD-13586,train,negative
PAMD-13587,train,negative
PAMD-13588,train,negative
PAMD-13589,train,negative
PAMD-13590,train,negative
PAMD-13591,train,negative
PAMD-13592,train,negative
PAMD-13593,train,negative
PAMD-13594,train,negative
PAMD-13595,train,negative
PAMD-13596,train,negative
PAMD-13597,train,negative
PAMD-13598,test,negative
PAMD-13599,train,negative
PAMD-13600,train,negative
PAMD-13601,test,negative
PAMD-13602,train,negative
PAMD-13603,train,negative
PAMD-13604,train,negative
PAMD-13605,train,negative
PAMD-13606,train,negative
PAMD-13607,train,negative
PAMD-13608,test,negative
PAMD-13609,train,negative
PAMD-13610,train,negative
PAMD-13611,train,negative
PAMD-13612,train,negative
PAMD-13613,train,negative
PAMD-13614,train,negative
PAMD-13615,train,negative
PAMD-13616,train,negative
PAMD-13617,test,negative
PAMD-13618,train,negative
PAMD-13619,train,negative
PAMD-13620,train,negative
PAMD-13621,train,negative
PAMD-13622,test,negative
PAMD-13623,train,negative
PAMD-13624,train,negative
PAMD-13625,train,negative
PAMD-13626,train,negative
PAMD-13627,train,negative
PAMD-13628,train,negative
PAMD-13629,train,negative
PAMD-13630,train,negative
PAMD-13631,train,negative
PAMD-13632,train,negative
PAMD-13633,train,negative
PAMD-13634,train,negative
PAMD-13635,train,negative
PAMD-13636,train,negative
PAMD-13637,train,negative
PAMD-13638,test,negative
PAMD-13639,train,negative
PAMD-13640,train,negative
PAMD-13641,train,negative
PAMD-13642,train,negative
PAMD-13643,train,negative
PAMD-13644,train,negative
PAMD-13645,train,negative
PAMD-13646,train,negative
PAMD-13647,test,negative
PAMD-13648,train,negative
PAMD-13649,train,negative
PAMD-13650,train,negative
PAMD-13651,train,negative
PAMD-13652,train,negative
PAMD-13653,train,negative
PAMD-13654,train,negative
PAMD-13655,train,negative
PAMD-13656,test,negative
PAMD-13657,train,negative
PAMD-13658,train,negative
PAMD-13659,test,negative
PAMD-13660,train,negative
PAMD-13661,train,negative
PAMD-13662,train,negative
PAMD-13663,train,negative
PAMD-13664,test,negative
PAMD-13665,train,negative
PAMD-13666,train,negative
PAMD-13667,train,negative
PAMD-13668,train,negative
PAMD-13669,train,negative
PAMD-13670,test,negative
PAMD-13671,train,negative
PAMD-13672,test,negative
PAMD-13673,train,negative
PAMD-13674,train,negative
PAMD-13675,train,negative
PAMD-13676,train,negative
PAMD-13677,train,negative
PAMD-13678,train,negative
PAMD-13679,train,negative
PAMD-13680,train,negative
PAMD-13681,train,negative
PAMD-13682,test,negative
PAMD-13683,train,negative
PAMD-13684,train,negative
PAMD-13685,train,negative
PAMD-13686,train,negative
PAMD-13687,test,negative
PAMD-13688,train,negative
PAMD-13689,train,negative
PAMD-13690,train,negative
PAMD-13691,test,negative
PAMD-13692,train,negative
PAMD-13693,train,negative
PAMD-13694,train,negative
PAMD-13695,train,negative
PAMD-13696,test,negative
PAMD-13697,train,negative
PAMD-13698,train,negative
PAMD-13699,train,negative
PAMD-13700,train,negative
PAMD-13701,test,negative
PAMD-13702,train,negative
PAMD-13703,train,negative
PAMD-13704,train,negative
PAMD-13705,train,negative
PAMD-13706,train,negative
PAMD-13707,train,negative
PAMD-13708,train,negative
PAMD-13709,train,negative
PAMD-13710,train,negative
PAMD-13711,test,negative
PAMD-13712,train,negative
PAMD-13713,train,negative
PAMD-13714,train,negative
PAMD-13715,train,negative
PAMD-13716,test,negative
PAMD-13717,train,negative
PAMD-13718,train,negative
PAMD-13719,train,negative
PAMD-13720,train,negative
PAMD-13721,test,negative
PAMD-13722,train,negative
PAMD-13723,train,negative
PAMD-13724,train,negative
PAMD-13725,train,negative
PAMD-13726,train,negative
PAMD-13727,train,negative
PAMD-13728,train,negative
PAMD-13729,train,negative
PAMD-13730,train,negative
PAMD-13731,train,negative
PAMD-13732,train,negative
PAMD-13733,train,negative
PAMD-13734,train,negative
PAMD-13735,train,negative
PAMD-13736,test,negative
PAMD-13737,train,negative
PAMD-13738,train,negative
PAMD-13739,train,negative
PAMD-13740,test,negative
PAMD-13741,train,negative
PAMD-13742,train,negative
PAMD-13743,train,negative
PAMD-13744,train,negative
PAMD-13745,train,negative
PAMD-13746,test,negative
PAMD-13747,train,negative
PAMD-13748,train,negative
PAMD-13749,train,negative
PAMD-13750,test,negative
PAMD-13751,train,negative
PAMD-13752,train,negative
PAMD-13753,train,negative
PAMD-13754,train,negative
PAMD-13755,train,negative
PAMD-13756,train,negative
PAMD-13757,train,negative
PAMD-13758,test,negative
PAMD-13759,train,negative
PAMD-13760,train,negative
PAMD-13761,train,negative
PAMD-13762,train,negative
PAMD-13763,train,negative
PAMD-13764,train,negative
PAMD-13765,test,negative
PAMD-13766,train,negative
PAMD-13767,train,negative
PAMD-13768,train,negative
PAMD-13769,train,negative
PAMD-13770,train,negative
PAMD-13771,train,negative
PAMD-13772,train,negative
PAMD-13773,test,negative
PAMD-13774,train,negative
PAMD-13775,train,negative
PAMD-13776,train,negative
PAMD-13777,train,negative
PAMD-13778,train,negative
PAMD-13779,train,negative
PAMD-13780,train,negative
PAMD-13781,train,negative
PAMD-13782,test,negative
PAMD-13783,train,negative
PAMD-13784,train,negative
PAMD-13785,train,negative
PAMD-13786,train,negative
PAMD-13787,train,negative
PAMD-13788,train,negative
PAMD-13789,train,negative
PAMD-13790,train,negative
PAMD-13791,train,negative
PAMD-13792,train,negative
PAMD-13793,test,negative
PAMD-13794,train,negative
PAMD-13795,train,negative
PAMD-13796,test,negative
PAMD-13797,train,negative
PAMD-13798,train,negative
PAMD-13799,train,negative
PAMD-13800,train,negative
PAMD-13801,train,negative
PAMD-13802,train,negative
PAMD-13803,train,negative
PAMD-13804,train,negative
PAMD-13805,train,negative
PAMD-13806,train,negative
PAMD-13807,train,negative
PAMD-13808,train,negative
PAMD-13809,train,negative
PAMD-13810,train,negative
PAMD-13811,train,negative
PAMD-13812,train,negative
PAMD-13813,train,negative
PAMD-13814,train,negative
PAMD-13815,train,negative
PAMD-13816,train,negative
PAMD-13817,train,negative
PAMD-13818,train,negative
PAMD-13819,train,negative
PAMD-13820,train,negative
PAMD-13821,train,negative
PAMD-13822,train,negative
PAMD-13823,train,negative
PAMD-13824,train,negative
PAMD-13825,train,negative
PAMD-13826,train,negative
PAMD-13827,train,negative
PAMD-13828,train,negative
PAMD-13829,train,negative
PAMD-13830,train,negative
PAMD-13831,train,negative
PAMD-13832,train,negative
PAMD-13833,train,negative
PAMD-13834,train,negative
PAMD-13835,train,negative
PAMD-13836,train,negative
PAMD-13837,train,negative
PAMD-13838,train,negative
PAMD-13839,train,negative
PAMD-13840,train,negative
PAMD-13841,train,negative
PAMD-13842,train,negative
PAMD-13843,train,negative
PAMD-13844,train,negative
PAMD-13845,train,negative
PAMD-13846,train,negative
PAMD-13847,test,negative
PAMD-13848,train,negative
PAMD-13849,test,negative
PAMD-13850,train,negative
PAMD-13851,train,negative
PAMD-13852,train,negative
PAMD-13853,test,negative
PAMD-13854,train,negative
PAMD-13855,test,negative
PAMD-13856,train,negative
PAMD-13857,train,negative
PAMD-13858,train,negative
PAMD-13859,train,negative
PAMD-13860,train,negative
PAMD-13861,train,negative
PAMD-13862,train,negative
PAMD-13863,train,negative
PAMD-13864,train,negative
PAMD-13865,train,negative
PAMD-13866,train,negative
PAMD-13867,test,negative
PAMD-13868,train,negative
PAMD-13869,test,negative
PAMD-13870,train,negative
PAMD-13871,train,negative
PAMD-13872,train,negative
PAMD-13873,train,negative
PAMD-13874,train,negative
PAMD-13875,train,negative
PAMD-13876,train,negative
PAMD-13877,train,negative
PAMD-13878,train,negative
PAMD-13879,train,negative
PAMD-13880,train,negative
PAMD-13881,train,negative
PAMD-13882,train,negative
PAMD-13883,train,negative
PAMD-13884,test,negative
PAMD-13885,train,negative
PAMD-13886,test,negative
PAMD-13887,train,negative
PAMD-13888,train,negative
PAMD-13889,train,negative
PAMD-13890,train,negative
PAMD-13891,test,negative
PAMD-13892,train,negative
PAMD-13893,train,negative
PAMD-13894,test,negative
PAMD-13895,train,negative
PAMD-13896,train,negative
PAMD-13897,train,negative
PAMD-13898,train,negative
PAMD-13899,train,negative
PAMD-13900,train,negative
PAMD-13901,train,negative
PAMD-13902,train,negative
PAMD-13903,train,negative
PAMD-13904,test,negative
PAMD-13905,train,negative
PAMD-13906,train,negative
PAMD-13907,test,negative
PAMD-13908,train,negative
PAMD-13909,train,negative
PAMD-13910,train,negative
PAMD-13911,train,negative
PAMD-13912,train,negative
PAMD-13913,train,negative
PAMD-13914,train,negative
PAMD-13915,train,negative
PAMD-13916,train,negative
PAMD-13917,test,negative
PAMD-13918,train,negative
PAMD-13919,train,negative
PAMD-13920,train,negative
PAMD-13921,train,negative
PAMD-13922,train,negative
PAMD-13923,train,negative
PAMD-13924,train,negative
PAMD-13925,train,negative
PAMD-13926,train,negative
PAMD-13927,train,negative
PAMD-13928,train,negative
PAMD-13929,train,negative
PAMD-13930,train,negative
PAMD-13931,train,negative
PAMD-13932,train,negative
PAMD-13933,train,negative
PAMD-13934,train,negative
PAMD-13935,train,negative
PAMD-13936,train,negative
PAMD-13937,train,negative
PAMD-13938,train,negative
PAMD-13939,train,negative
PAMD-13940,test,negative
PAMD-13941,test,negative
PAMD-13942,train,negative
PAMD-13943,train,negative
PAMD-13944,train,negative
PAMD-13945,train,negative
PAMD-13946,test,negative
PAMD-13947,train,negative
PAMD-13948,train,negative
PAMD-13949,train,negative
PAMD-13950,train,negative
PAMD-13951,train,negative
PAMD-13952,train,negative
PAMD-13953,train,negative
PAMD-13954,train,negative
PAMD-13955,train,negative
PAMD-13956,test,negative
PAMD-13957,train,negative
PAMD-13958,train,negative
PAMD-13959,test,negative
PAMD-13960,train,negative
PAMD-13961,train,negative
PAMD-13962,train,negative
PAMD-13963,train,negative
PAMD-13964,train,negative
PAMD-13965,train,negative
PAMD-13966,train,negative
PAMD-13967,train,negative
PAMD-13968,train,negative
PAMD-13969,train,negative
PAMD-13970,train,negative
PAMD-13971,train,negative
PAMD-13972,train,negative
PAMD-13973,train,negative
PAMD-13974,train,negative
PAMD-13975,train,negative
PAMD-13976,train,negative
PAMD-13977,train,negative
PAMD-13978,train,negative
PAMD-13979,train,negative
PAMD-13980,train,negative
PAMD-13981,train,negative
PAMD-13982,train,negative
PAMD-13983,test,negative
PAMD-13984,train,negative
PAMD-13985,train,negative
PAMD-13986,train,negative
PAMD-13987,train,negative
PAMD-13988,train,negative
PAMD-13989,test,negative
PAMD-13990,train,negative
PAMD-13991,test,negative
PAMD-13992,train,negative
PAMD-13993,train,negative
PAMD-13994,train,negative
PAMD-13995,train,negative
PAMD-13996,train,negative
PAMD-13997,train,negative
PAMD-13998,train,negative
PAMD-13999,train,negative
PAMD-14000,train,negative
PAMD-14001,train,negative
PAMD-14002,train,negative
PAMD-14003,train,negative
PAMD-14004,train,negative
PAMD-14005,train,negative
PAMD-14006,train,negative
PAMD-14007,test,negative
PAMD-14008,train,negative
PAMD-14009,train,negative
PAMD-14010,train,negative
PAMD-14011,train,negative
PAMD-14012,train,negative
PAMD-14013,train,negative
PAMD-14014,train,negative
PAMD-14015,train,negative
PAMD-14016,train,negative
PAMD-14017,train,negative
PAMD-14018,train,negative
PAMD-14019,train,negative
PAMD-14020,train,negative
PAMD-14021,test,negative
PAMD-14022,train,negative
PAMD-14023,train,negative
PAMD-14024,train,negative
PAMD-14025,train,negative
PAMD-14026,train,negative
PAMD-14027,train,negative
PAMD-14028,train,negative
PAMD-14029,train,negative
PAMD-14030,train,negative
PAMD-14031,train,negative
PAMD-14032,test,negative
PAMD-14033,train,negative
PAMD-14034,train,negative
PAMD-14035,test,negative
PAMD-14036,train,negative
PAMD-14037,train,negative
PAMD-14038,train,negative
PAMD-14039,train,negative
PAMD-14040,train,negative
PAMD-14041,train,negative
PAMD-14042,train,negative
PAMD-14043,train,negative
PAMD-14044,train,negative
PAMD-14045,train,negative
PAMD-14046,train,negative
PAMD-14047,train,negative
PAMD-14048,train,negative
PAMD-14049,train,negative
PAMD-14050,train,negative
PAMD-14051,train,negative
PAMD-14052,train,negative
PAMD-14053,train,negative
PAMD-14054,train,negative
PAMD-14055,train,negative
PAMD-14056,train,negative
PAMD-14057,train,negative
PAMD-14058,test,negative
PAMD-14059,train,negative
PAMD-14060,train,negative
PAMD-14061,train,negative
PAMD-14062,train,negative
PAMD-14063,train,negative
PAMD-14064,train,negative
PAMD-14065,train,negative
PAMD-14066,train,negative
PAMD-14067,train,negative
PAMD-14068,train,negative
PAMD-14069,train,negative
PAMD-14070,train,negative
PAMD-14071,train,negative
PAMD-14072,train,negative
PAMD-14073,train,negative
PAMD-14074,train,negative
PAMD-14075,train,negative
PAMD-14076,train,negative
PAMD-14077,train,negative
PAMD-14078,train,negative
PAMD-14079,train,negative
PAMD-14080,train,negative
PAMD-14081,train,negative
PAMD-14082,train,negative
PAMD-14083,train,negative
PAMD-14084,test,negative
PAMD-14085,train,negative
PAMD-14086,train,negative
PAMD-14087,train,negative
PAMD-14088,train,negative
PAMD-14089,train,negative
PAMD-14090,train,negative
PAMD-14091,test,negative
PAMD-14092,train,negative
PAMD-14093,train,negative
PAMD-14094,train,negative
PAMD-14095,train,negative
PAMD-14096,test,negative
PAMD-14097,train,negative
PAMD-14098,train,negative
PAMD-14099,test,negative
PAMD-14100,train,negative
PAMD-14101,train,negative
PAMD-14102,train,negative
PAMD-14103,train,negative
PAMD-14104,train,negative
PAMD-14105,train,negative
PAMD-14106,train,negative
PAMD-14107,train,negative
PAMD-14108,train,negative
PAMD-14109,train,negative
PAMD-14110,train,negative
PAMD-14111,train,negative
PAMD-14112,train,negative
PAMD-14113,train,negative
PAMD-14114,train,negative
PAMD-14115,test,negative
PAMD-14116,train,negative
PAMD-14117,train,negative
PAMD-14118,train,negative
PAMD-14119,train,negative
PAMD-14120,train,negative
PAMD-14121,train,negative
PAMD-14122,train,negative
PAMD-14123,train,negative
PAMD-14124,train,negative
PAMD-14125,train,negative
PAMD-14126,test,negative
PAMD-14127,train,negative
PAMD-14128,train,negative
PAMD-14129,train,negative
PAMD-14130,train,negative
PAMD-14131,train,negative
PAMD-14132,train,negative
PAMD-14133,train,negative
PAMD-14134,train,negative
PAMD-14135,train,negative
PAMD-14136,train,negative
PAMD-14137,train,negative
PAMD-14138,train,negative
PAMD-14139,train,negative
PAMD-14140,test,negative
PAMD-14141,train,negative
PAMD-14142,train,negative
PAMD-14143,train,negative
PAMD-14144,train,negative
PAMD-14145,train,negative
PAMD-14146,train,negative
PAMD-14147,train,negative
PAMD-14148,train,negative
PAMD-14149,train,negative
PAMD-14150,train,negative
PAMD-14151,test,negative
PAMD-14152,train,negative
PAMD-14153,train,negative
PAMD-14154,train,negative
PAMD-14155,train,negative
PAMD-14156,test,negative
PAMD-14157,train,negative
PAMD-14158,train,negative
PAMD-14159,train,negative
PAMD-14160,train,negative
PAMD-14161,train,negative
PAMD-14162,test,negative
PAMD-14163,train,negative
PAMD-14164,train,negative
PAMD-14165,train,negative
PAMD-14166,test,negative
PAMD-14167,train,negative
PAMD-14168,train,negative
PAMD-14169,train,negative
PAMD-14170,train,negative
PAMD-14171,train,negative
PAMD-14172,train,negative
PAMD-14173,train,negative
PAMD-14174,train,negative
PAMD-14175,train,negative
PAMD-14176,test,negative
PAMD-14177,train,negative
PAMD-14178,train,negative
PAMD-14179,train,negative
PAMD-14180,train,negative
PAMD-14181,train,negative
PAMD-14182,train,negative
PAMD-14183,train,negative
PAMD-14184,train,negative
PAMD-14185,train,negative
PAMD-14186,train,negative
PAMD-14187,train,negative
PAMD-14188,train,negative
PAMD-14189,train,negative
PAMD-14190,train,negative
PAMD-14191,train,negative
PAMD-14192,train,negative
PAMD-14193,train,negative
PAMD-14194,train,negative
PAMD-14195,train,negative
PAMD-14196,train,negative
PAMD-14197,train,negative
PAMD-14198,train,negative
PAMD-14199,train,negative
PAMD-14200,train,negative
PAMD-14201,train,negative
PAMD-14202,test,negative
PAMD-14203,train,negative
PAMD-14204,test,negative
PAMD-14205,train,negative
PAMD-14206,train,negative
PAMD-14207,train,negative
PAMD-14208,train,negative
PAMD-14209,test,negative
PAMD-14210,train,negative
PAMD-14211,train,negative
PAMD-14212,train,negative
PAMD-14213,train,negative
PAMD-14214,train,negative
PAMD-14215,train,negative
PAMD-14216,train,negative
PAMD-14217,test,negative
PAMD-14218,test,negative
PAMD-14219,train,negative
PAMD-14220,train,negative
PAMD-14221,train,negative
PAMD-14222,train,negative
PAMD-14223,train,negative
PAMD-14224,train,negative
PAMD-14225,train,negative
PAMD-14226,train,negative
PAMD-14227,test,negative
PAMD-14228,train,negative
PAMD-14229,test,negative
PAMD-14230,train,negative
PAMD-14231,train,negative
PAMD-14232,train,negative
PAMD-14233,train,negative
PAMD-14234,train,negative
PAMD-14235,train,negative
PAMD-14236,train,negative
PAMD-14237,train,negative
PAMD-14238,test,negative
PAMD-14239,train,negative
PAMD-14240,train,negative
PAMD-14241,train,negative
PAMD-14242,test,negative
PAMD-14243,train,negative
PAMD-14244,train,negative
PAMD-14245,train,negative
PAMD-14246,train,negative
PAMD-14247,train,negative
PAMD-14248,train,negative
PAMD-14249,test,negative
PAMD-14250,train,negative
PAMD-14251,train,negative
PAMD-14252,train,negative
PAMD-14253,train,negative
PAMD-14254,train,negative
PAMD-14255,test,negative
PAMD-14256,train,negative
PAMD-14257,train,negative
PAMD-14258,train,negative
PAMD-14259,train,negative
PAMD-14260,train,negative
PAMD-14261,train,negative
PAMD-14262,train,negative
PAMD-14263,train,negative
PAMD-14264,train,negative
PAMD-14265,train,negative
PAMD-14266,train,negative
PAMD-14267,train,negative
PAMD-14268,train,negative
PAMD-14269,train,negative
PAMD-14270,train,negative
PAMD-14271,train,negative
PAMD-14272,train,negative
PAMD-14273,train,negative
PAMD-14274,train,negative
PAMD-14275,train,negative
PAMD-14276,train,negative
PAMD-14277,train,negative
PAMD-14278,train,negative
PAMD-14279,train,negative
PAMD-14280,train,negative
PAMD-14281,test,negative
PAMD-14282,train,negative
PAMD-14283,train,negative
PAMD-14284,train,negative
PAMD-14285,test,negative
PAMD-14286,train,negative
PAMD-14287,train,negative
PAMD-14288,train,negative
PAMD-14289,train,negative
PAMD-14290,train,negative
PAMD-14291,train,negative
PAMD-14292,train,negative
PAMD-14293,train,negative
PAMD-14294,train,negative
PAMD-14295,test,negative
PAMD-14296,train,negative
PAMD-14297,train,negative
PAMD-14298,train,negative
PAMD-14299,train,negative
PAMD-14300,train,negative
PAMD-14301,train,negative
PAMD-14302,train,negative
PAMD-14303,train,negative
PAMD-14304,train,negative
PAMD-14305,train,negative
PAMD-14306,train,negative
PAMD-14307,train,negative
PAMD-14308,train,negative
PAMD-14309,train,negative
PAMD-14310,train,negative
PAMD-14311,train,negative
PAMD-14312,train,negative
PAMD-14313,test,negative
PAMD-14314,train,negative
PAMD-14315,train,negative
PAMD-14316,train,negative
PAMD-14317,train,negative
PAMD-14318,test,negative
PAMD-14319,train,negative
PAMD-14320,train,negative
PAMD-14321,train,negative
PAMD-14322,train,negative
PAMD-14323,train,negative
PAMD-14324,train,negative
PAMD-14325,train,negative
PAMD-14326,train,negative
PAMD-14327,train,negative
PAMD-14328,train,negative
PAMD-14329,train,negative
PAMD-14330,train,negative
PAMD-14331,test,negative
PAMD-14332,train,negative
PAMD-14333,train,negative
PAMD-14334,train,negative
PAMD-14335,train,negative
PAMD-14336,train,negative
PAMD-14337,train,negative
PAMD-14338,train,negative
PAMD-14339,train,negative
PAMD-14340,train,negative
PAMD-14341,train,negative
PAMD-14342,test,negative
PAMD-14343,train,negative
PAMD-14344,train,negative
PAMD-14345,test,negative
PAMD-14346,train,negative
PAMD-14347,train,negative
PAMD-14348,train,negative
PAMD-14349,train,negative
PAMD-14350,train,negative
PAMD-14351,train,negative
PAMD-14352,train,negative
PAMD-14353,train,negative
PAMD-14354,train,negative
PAMD-14355,train,negative
PAMD-14356,train,negative
PAMD-14357,train,negative
PAMD-14358,train,negative
PAMD-14359,train,negative
PAMD-14360,train,negative
PAMD-14361,train,negative
PAMD-14362,train,negative
PAMD-14363,test,negative
PAMD-14364,test,negative
PAMD-14365,train,negative
PAMD-14366,train,negative
PAMD-14367,train,negative
PAMD-14368,train,negative
PAMD-14369,test,negative
PAMD-14370,train,negative
PAMD-14371,train,negative
PAMD-14372,test,negative
PAMD-14373,train,negative
PAMD-14374,train,negative
PAMD-14375,train,negative
PAMD-14376,train,negative
PAMD-14377,train,negative
PAMD-14378,train,negative
PAMD-14379,train,negative
PAMD-14380,train,negative
PAMD-14381,train,negative
PAMD-14382,train,negative
PAMD-14383,train,negative
PAMD-14384,train,negative
PAMD-14385,train,negative
PAMD-14386,train,negative
PAMD-14387,train,negative
PAMD-14388,train,negative
PAMD-14389,train,negative
PAMD-14390,test,negative
PAMD-14391,train,negative
PAMD-14392,train,negative
PAMD-14393,train,negative
PAMD-14394,train,negative
PAMD-14395,train,negative
PAMD-14396,train,negative
PAMD-14397,test,negative
PAMD-14398,train,negative
PAMD-14399,train,negative
PAMD-14400,train,negative
PAMD-14401,train,negative
PAMD-14402,train,negative
PAMD-14403,train,negative
PAMD-14404,train,negative
PAMD-14405,train,negative
PAMD-14406,train,negative
PAMD-14407,train,negative
PAMD-14408,test,negative
PAMD-14409,train,negative
PAMD-14410,train,negative
PAMD-14411,train,negative
PAMD-14412,train,negative
PAMD-14413,train,negative
PAMD-14414,train,negative
PAMD-14415,train,negative
PAMD-14416,train,negative
PAMD-14417,train,negative
PAMD-14418,train,negative
PAMD-14419,test,negative
PAMD-14420,train,negative
PAMD-14421,train,negative
PAMD-14422,train,negative
PAMD-14423,train,negative
PAMD-14424,train,negative
PAMD-14425,train,negative
PAMD-14426,train,negative
PAMD-14427,train,negative
PAMD-14428,test,negative
PAMD-14429,train,negative
PAMD-14430,train,negative
PAMD-14431,test,negative
PAMD-14432,train,negative
PAMD-14433,train,negative
PAMD-14434,train,negative
PAMD-14435,train,negative
PAMD-14436,train,negative
PAMD-14437,train,negative
PAMD-14438,train,negative
PAMD-14439,train,negative
PAMD-14440,train,negative
PAMD-14441,train,negative
PAMD-14442,train,negative
PAMD-14443,train,negative
PAMD-14444,train,negative
PAMD-14445,train,negative
PAMD-14446,train,negative
PAMD-14447,train,negative
PAMD-14448,train,negative
PAMD-14449,train,negative
PAMD-14450,train,negative
PAMD-14451,test,negative
PAMD-14452,train,negative
PAMD-14453,train,negative
PAMD-14454,train,negative
PAMD-14455,train,negative
PAMD-14456,train,negative
PAMD-14457,train,negative
PAMD-14458,train,negative
PAMD-14459,train,negative
PAMD-14460,train,negative
PAMD-14461,train,negative
PAMD-14462,train,negative
PAMD-14463,train,negative
PAMD-14464,train,negative
PAMD-14465,train,negative
PAMD-14466,train,negative
PAMD-14467,train,negative
PAMD-14468,train,negative
PAMD-14469,train,negative
PAMD-14470,train,negative
PAMD-14471,train,negative
PAMD-14472,train,negative
PAMD-14473,train,negative
PAMD-14474,train,negative
PAMD-14475,train,negative
PAMD-14476,train,negative
PAMD-14477,train,negative
PAMD-14478,train,negative
PAMD-14479,train,negative
PAMD-14480,train,negative
PAMD-14481,train,negative
PAMD-14482,train,negative
PAMD-14483,train,negative
PAMD-14484,train,negative
PAMD-14485,train,negative
PAMD-14486,train,negative
PAMD-14487,train,negative
PAMD-14488,test,negative
PAMD-14489,train,negative
PAMD-14490,train,negative
PAMD-14491,train,negative
PAMD-14492,train,negative
PAMD-14493,train,negative
PAMD-14494,train,negative
PAMD-14495,train,negative
PAMD-14496,test,negative
PAMD-14497,train,negative
PAMD-14498,train,negative
PAMD-14499,train,negative
PAMD-14500,train,negative
PAMD-14501,train,negative
PAMD-14502,train,negative
PAMD-14503,train,negative
PAMD-14504,train,negative
PAMD-14505,train,negative
PAMD-14506,train,negative
PAMD-14507,train,negative
PAMD-14508,train,negative
PAMD-14509,train,negative
PAMD-14510,train,negative
PAMD-14511,train,negative
PAMD-14512,train,negative
PAMD-14513,train,negative
PAMD-14514,train,negative
PAMD-14515,train,negative
PAMD-14516,train,negative
PAMD-14517,train,negative
PAMD-14518,train,negative
PAMD-14519,train,negative
PAMD-14520,train,negative
PAMD-14521,train,negative
PAMD-14522,test,negative
PAMD-14523,train,negative
PAMD-14524,train,negative
PAMD-14525,train,negative
PAMD-14526,train,negative
PAMD-14527,train,negative
PAMD-14528,train,negative
PAMD-14529,test,negative
PAMD-14530,train,negative
PAMD-14531,test,negative
PAMD-14532,train,negative
PAMD-14533,train,negative
PAMD-14534,train,negative
PAMD-14535,train,negative
PAMD-14536,test,negative
PAMD-14537,train,negative
PAMD-14538,train,negative
PAMD-14539,train,negative
PAMD-14540,train,negative
PAMD-14541,train,negative
PAMD-14542,train,negative
PAMD-14543,train,negative
PAMD-14544,train,negative
PAMD-14545,train,negative
PAMD-14546,train,negative
PAMD-14547,test,negative
PAMD-14548,train,negative
PAMD-14549,train,negative
PAMD-14550,train,negative
PAMD-14551,test,negative
PAMD-14552,train,negative
PAMD-14553,train,negative
PAMD-14554,train,negative
PAMD-14555,train,negative
PAMD-14556,train,negative
PAMD-14557,train,negative
PAMD-14558,train,negative
PAMD-14559,train,negative
PAMD-14560,train,negative
PAMD-14561,train,negative
PAMD-14562,train,negative
PAMD-14563,train,negative
PAMD-14564,train,negative
PAMD-14565,train,negative
PAMD-14566,train,negative
PAMD-14567,train,negative
PAMD-14568,train,negative
PAMD-14569,train,negative
PAMD-14570,train,negative
PAMD-14571,train,negative
PAMD-14572,train,negative
PAMD-14573,train,negative
PAMD-14574,train,negative
PAMD-14575,train,negative
PAMD-14576,train,negative
PAMD-14577,train,negative
PAMD-14578,train,negative
PAMD-14579,train,negative
PAMD-14580,train,negative
PAMD-14581,train,negative
PAMD-14582,test,negative
PAMD-14583,train,negative
PAMD-14584,train,negative
PAMD-14585,train,negative
PAMD-14586,test,negative
PAMD-14587,train,negative
PAMD-14588,train,negative
PAMD-14589,train,negative
PAMD-14590,train,negative
PAMD-14591,train,negative
PAMD-14592,train,negative
PAMD-14593,train,negative
PAMD-14594,train,negative
PAMD-14595,train,negative
PAMD-14596,train,negative
PAMD-14597,train,negative
PAMD-14598,test,negative
PAMD-14599,train,negative
PAMD-14600,train,negative
PAMD-14601,train,negative
PAMD-14602,train,negative
PAMD-14603,train,negative
PAMD-14604,train,negative
PAMD-14605,train,negative
PAMD-14606,train,negative
PAMD-14607,train,negative
PAMD-14608,train,negative
PAMD-14609,train,negative
PAMD-14610,train,negative
PAMD-14611,train,negative
PAMD-14612,train,negative
PAMD-14613,train,negative
PAMD-14614,train,negative
PAMD-14615,train,negative
PAMD-14616,test,negative
PAMD-14617,train,negative
PAMD-14618,train,negative
PAMD-14619,train,negative
PAMD-14620,train,negative
PAMD-14621,train,negative
PAMD-14622,test,negative
PAMD-14623,train,negative
PAMD-14624,train,negative
PAMD-14625,train,negative
PAMD-14626,train,negative
PAMD-14627,train,negative
PAMD-14628,train,negative
PAMD-14629,train,negative
PAMD-14630,train,negative
PAMD-14631,train,negative
PAMD-14632,train,negative
PAMD-14633,test,negative
PAMD-14634,train,negative
PAMD-14635,test,negative
PAMD-14636,train,negative
PAMD-14637,train,negative
PAMD-14638,train,negative
PAMD-14639,train,negative
PAMD-14640,test,negative
PAMD-14641,train,negative
PAMD-14642,train,negative
PAMD-14643,test,negative
PAMD-14644,train,negative
PAMD-14645,train,negative
PAMD-14646,train,negative
PAMD-14647,train,negative
PAMD-14648,train,negative
PAMD-14649,train,negative
PAMD-14650,test,negative
PAMD-14651,train,negative
PAMD-14652,train,negative
PAMD-14653,train,negative
PAMD-14654,train,negative
PAMD-14655,train,negative
PAMD-14656,train,negative
PAMD-14657,train,negative
PAMD-14658,train,negative
PAMD-14659,train,negative
PAMD-14660,train,negative
PAMD-14661,train,negative
PAMD-14662,train,negative
PAMD-14663,train,negative
PAMD-14664,train,negative
PAMD-14665,train,negative
PAMD-14666,train,negative
PAMD-14667,train,negative
PAMD-14668,train,negative
PAMD-14669,train,negative
PAMD-14670,train,negative
PAMD-14671,train,negative
PAMD-14672,train,negative
PAMD-14673,train,negative
PAMD-14674,train,negative
PAMD-14675,train,negative
PAMD-14676,train,negative
PAMD-14677,train,negative
PAMD-14678,train,negative
PAMD-14679,train,negative
PAMD-14680,train,negative
PAMD-14681,train,negative
PAMD-14682,train,negative
PAMD-14683,train,negative
PAMD-14684,train,negative
PAMD-14685,train,negative
PAMD-14686,test,negative
PAMD-14687,train,negative
PAMD-14688,train,negative
PAMD-14689,train,negative
PAMD-14690,train,negative
PAMD-14691,train,negative
PAMD-14692,train,negative
PAMD-14693,train,negative
PAMD-14694,train,negative
PAMD-14695,train,negative
PAMD-14696,train,negative
PAMD-14697,train,negative
PAMD-14698,train,negative
PAMD-14699,train,negative
PAMD-14700,train,negative
PAMD-14701,train,negative
PAMD-14702,train,negative
PAMD-14703,train,negative
PAMD-14704,train,negative
PAMD-14705,train,negative
PAMD-14706,train,negative
PAMD-14707,train,negative
PAMD-14708,train,negative
PAMD-14709,train,negative
PAMD-14710,train,negative
PAMD-14711,train,negative
PAMD-14712,train,negative
PAMD-14713,train,negative
PAMD-14714,test,negative
PAMD-14715,train,negative
PAMD-14716,train,negative
PAMD-14717,train,negative
PAMD-14718,train,negative
PAMD-14719,train,negative
PAMD-14720,train,negative
PAMD-14721,train,negative
PAMD-14722,train,negative
PAMD-14723,train,negative
PAMD-14724,test,negative
PAMD-14725,train,negative
PAMD-14726,train,negative
PAMD-14727,train,negative
PAMD-14728,train,negative
PAMD-14729,train,negative
PAMD-14730,train,negative
PAMD-14731,train,negative
PAMD-14732,train,negative
PAMD-14733,train,negative
PAMD-14734,train,negative
PAMD-14735,train,negative
PAMD-14736,train,negative
PAMD-14737,train,negative
PAMD-14738,train,negative
PAMD-14739,train,negative
PAMD-14740,train,negative
PAMD-14741,train,negative
PAMD-14742,test,negative
PAMD-14743,train,negative
PAMD-14744,train,negative
PAMD-14745,train,negative
PAMD-14746,train,negative
PAMD-14747,train,negative
PAMD-14748,train,negative
PAMD-14749,train,negative
PAMD-14750,train,negative
PAMD-14751,train,negative
PAMD-14752,test,negative
PAMD-14753,train,negative
PAMD-14754,train,negative
PAMD-14755,test,negative
PAMD-14756,train,negative
PAMD-14757,train,negative
PAMD-14758,train,negative
PAMD-14759,train,negative
PAMD-14760,test,negative
PAMD-14761,test,negative
PAMD-14762,train,negative
PAMD-14763,test,negative
PAMD-14764,train,negative
PAMD-14765,train,negative
PAMD-14766,train,negative
PAMD-14767,train,negative
PAMD-14768,train,negative
PAMD-14769,test,negative
PAMD-14770,train,negative
PAMD-14771,train,negative
PAMD-14772,train,negative
PAMD-14773,train,negative
PAMD-14774,train,negative
PAMD-14775,train,negative
PAMD-14776,train,negative
PAMD-14777,train,negative
PAMD-14778,train,negative
PAMD-14779,train,negative
PAMD-14780,train,negative
PAMD-14781,train,negative
PAMD-14782,train,negative
PAMD-14783,train,negative
PAMD-14784,train,negative
PAMD-14785,train,negative
PAMD-14786,train,negative
PAMD-14787,train,negative
PAMD-14788,train,negative
PAMD-14789,train,negative
PAMD-14790,train,negative
PAMD-14791,train,negative
PAMD-14792,train,negative
PAMD-14793,train,negative
PAMD-14794,train,negative
PAMD-14795,train,negative
PAMD-14796,train,negative
PAMD-14797,test,negative
PAMD-14798,train,negative
PAMD-14799,train,negative
PAMD-14800,train,negative
PAMD-14801,train,negative
PAMD-14802,train,negative
PAMD-14803,train,negative
PAMD-14804,train,negative
PAMD-14805,train,negative
PAMD-14806,train,negative
PAMD-14807,train,negative
PAMD-14808,train,negative
PAMD-14809,train,negative
PAMD-14810,train,negative
PAMD-14811,train,negative
PAMD-14812,train,negative
PAMD-14813,train,negative
PAMD-14814,test,negative
PAMD-14815,train,negative
PAMD-14816,test,negative
PAMD-14817,train,negative
PAMD-14818,train,negative
PAMD-14819,train,negative
PAMD-14820,train,negative
PAMD-14821,train,negative
PAMD-14822,train,negative
PAMD-14823,train,negative
PAMD-14824,train,negative
PAMD-14825,train,negative
PAMD-14826,train,negative
PAMD-14827,train,negative
PAMD-14828,train,negative
PAMD-14829,train,negative
PAMD-14830,test,negative
PAMD-14831,test,negative
PAMD-14832,train,negative
PAMD-14833,train,negative
PAMD-14834,train,negative
PAMD-14835,train,negative
PAMD-14836,test,negative
PAMD-14837,train,negative
PAMD-14838,test,negative
PAMD-14839,train,negative
PAMD-14840,train,negative
PAMD-14841,train,negative
PAMD-14842,train,negative
PAMD-14843,train,negative
PAMD-14844,train,negative
PAMD-14845,test,negative
PAMD-14846,train,negative
PAMD-14847,test,negative
PAMD-14848,train,negative
PAMD-14849,train,negative
PAMD-14850,train,negative
PAMD-14851,train,negative
PAMD-14852,train,negative
PAMD-14853,train,negative
PAMD-14854,train,negative
PAMD-14855,train,negative
PAMD-14856,train,negative
PAMD-14857,train,negative
PAMD-14858,train,negative
PAMD-14859,train,negative
PAMD-14860,test,negative
PAMD-14861,test,negative
PAMD-14862,train,negative
PAMD-14863,train,negative
PAMD-14864,test,negative
PAMD-14865,train,negative
PAMD-14866,train,negative
PAMD-14867,test,negative
PAMD-14868,train,negative
PAMD-14869,train,negative
PAMD-14870,train,negative
PAMD-14871,test,negative
PAMD-14872,train,negative
PAMD-14873,train,negative
PAMD-14874,train,negative
PAMD-14875,train,negative
PAMD-14876,train,negative
PAMD-14877,train,negative
PAMD-14878,train,negative
PAMD-14879,train,negative
PAMD-14880,train,negative
PAMD-14881,train,negative
PAMD-14882,train,negative
PAMD-14883,train,negative
PAMD-14884,test,negative
PAMD-14885,train,negative
PAMD-14886,train,negative
PAMD-14887,train,negative
PAMD-14888,train,negative
PAMD-14889,train,negative
PAMD-14890,train,negative
PAMD-14891,train,negative
PAMD-14892,train,negative
PAMD-14893,test,negative
PAMD-14894,train,negative
PAMD-14895,train,negative
PAMD-14896,test,negative
PAMD-14897,train,negative
PAMD-14898,train,negative
PAMD-14899,train,negative
PAMD-14900,train,negative
PAMD-14901,test,negative
PAMD-14902,train,negative
PAMD-14903,train,negative
PAMD-14904,train,negative
PAMD-14905,train,negative
PAMD-14906,train,negative
PAMD-14907,train,negative
PAMD-14908,test,negative
PAMD-14909,train,negative
PAMD-14910,train,negative
PAMD-14911,train,negative
PAMD-14912,test,negative
PAMD-14913,train,negative
PAMD-14914,train,negative
PAMD-14915,train,negative
PAMD-14916,test,negative
PAMD-14917,train,negative
PAMD-14918,train,negative
PAMD-14919,train,negative
PAMD-14920,train,negative
PAMD-14921,train,negative
PAMD-14922,train,negative
PAMD-14923,train,negative
PAMD-14924,train,negative
PAMD-14925,train,negative
PAMD-14926,train,negative
PAMD-14927,train,negative
PAMD-14928,train,negative
PAMD-14929,train,negative
PAMD-14930,train,negative
PAMD-14931,train,negative
PAMD-14932,train,negative
PAMD-14933,train,negative
PAMD-14934,train,negative
PAMD-14935,train,negative
PAMD-14936,train,negative
PAMD-14937,train,negative
PAMD-14938,test,negative
PAMD-14939,train,negative
PAMD-14940,train,negative
PAMD-14941,train,negative
PAMD-14942,train,negative
PAMD-14943,train,negative
PAMD-14944,test,negative
PAMD-14945,train,negative
PAMD-14946,train,negative
PAMD-14947,train,negative
PAMD-14948,test,negative
PAMD-14949,train,negative
PAMD-14950,train,negative
PAMD-14951,train,negative
PAMD-14952,train,negative
PAMD-14953,train,negative
PAMD-14954,train,negative
PAMD-14955,train,negative
PAMD-14956,train,negative
PAMD-14957,train,negative
PAMD-14958,test,negative
PAMD-14959,train,negative
PAMD-14960,train,negative
PAMD-14961,train,negative
PAMD-14962,train,negative
PAMD-14963,train,negative
PAMD-14964,train,negative
PAMD-14965,train,negative
PAMD-14966,train,negative
PAMD-14967,train,negative
PAMD-14968,train,negative
PAMD-14969,train,negative
PAMD-14970,train,negative
PAMD-14971,train,negative
PAMD-14972,train,negative
PAMD-14973,train,negative
PAMD-14974,test,negative
PAMD-14975,test,negative
PAMD-14976,train,negative
PAMD-14977,train,negative
PAMD-14978,train,negative
PAMD-14979,train,negative
PAMD-14980,train,negative
PAMD-14981,train,negative
PAMD-14982,train,negative
PAMD-14983,train,negative
PAMD-14984,train,negative
PAMD-14985,test,negative
PAMD-14986,train,negative
PAMD-14987,train,negative
PAMD-14988,train,negative
PAMD-14989,train,negative
PAMD-14990,train,negative
PAMD-14991,train,negative
PAMD-14992,train,negative
PAMD-14993,train,negative
PAMD-14994,train,negative
PAMD-14995,train,negative
PAMD-14996,train,negative
PAMD-14997,train,negative
PAMD-14998,train,negative
PAMD-14999,train,negative
PAMD-15000,train,negative
PAMD-15001,train,negative
PAMD-15002,train,negative
PAMD-15003,train,negative
PAMD-15004,train,negative
PAMD-15005,train,negative
PAMD-15006,train,negative
PAMD-15007,train,negative
PAMD-15008,train,negative
PAMD-15009,train,negative
PAMD-15010,test,negative
PAMD-15011,train,negative
PAMD-15012,test,negative
PAMD-15013,train,negative
PAMD-15014,train,negative
PAMD-15015,train,negative
PAMD-15016,train,negative
PAMD-15017,train,negative
PAMD-15018,train,negative
PAMD-15019,train,negative
PAMD-15020,train,negative
PAMD-15021,train,negative
PAMD-15022,train,negative
PAMD-15023,train,negative
PAMD-15024,train,negative
PAMD-15025,train,negative
PAMD-15026,train,negative
PAMD-15027,train,negative
PAMD-15028,train,negative
PAMD-15029,train,negative
PAMD-15030,test,negative
PAMD-15031,test,negative
PAMD-15032,train,negative
PAMD-15033,test,negative
PAMD-15034,train,negative
PAMD-15035,train,negative
PAMD-15036,train,negative
PAMD-15037,train,negative
PAMD-15038,train,negative
PAMD-15039,train,negative
PAMD-15040,test,negative
PAMD-15041,train,negative
PAMD-15042,train,negative
PAMD-15043,train,negative
PAMD-15044,train,negative
PAMD-15045,train,negative
PAMD-15046,train,negative
PAMD-15047,test,negative
PAMD-15048,train,negative
PAMD-15049,train,negative
PAMD-15050,train,negative
PAMD-15051,train,negative
PAMD-15052,train,negative
PAMD-15053,train,negative
PAMD-15054,train,negative
PAMD-15055,train,negative
PAMD-15056,train,negative
PAMD-15057,train,negative
PAMD-15058,train,negative
PAMD-15059,train,negative
PAMD-15060,train,negative
PAMD-15061,train,negative
PAMD-15062,train,negative
PAMD-15063,train,negative
PAMD-15064,train,negative
PAMD-15065,train,negative
PAMD-15066,train,negative
PAMD-15067,train,negative
PAMD-15068,train,negative
PAMD-15069,train,negative
PAMD-15070,train,negative
PAMD-15071,train,negative
PAMD-15072,train,negative
PAMD-15073,train,negative
PAMD-15074,train,negative
PAMD-15075,train,negative
PAMD-15076,train,negative
PAMD-15077,train,negative
PAMD-15078,train,negative
PAMD-15079,train,negative
PAMD-15080,test,negative
PAMD-15081,train,negative
PAMD-15082,train,negative
PAMD-15083,train,negative
PAMD-15084,train,negative
PAMD-15085,train,negative
PAMD-15086,train,negative
PAMD-15087,train,negative
PAMD-15088,train,negative
PAMD-15089,train,negative
PAMD-15090,test,negative
PAMD-15091,train,negative
PAMD-15092,train,negative
PAMD-15093,train,negative
PAMD-15094,train,negative
PAMD-15095,train,negative
PAMD-15096,train,negative
PAMD-15097,train,negative
PAMD-15098,train,negative
PAMD-15099,train,negative
PAMD-15100,train,negative
PAMD-15101,train,negative
PAMD-15102,train,negative
PAMD-15103,train,negative
PAMD-15104,train,negative
PAMD-15105,train,negative
PAMD-15106,train,negative
PAMD-15107,test,negative
PAMD-15108,train,negative
PAMD-15109,train,negative
PAMD-15110,train,negative
PAMD-15111,train,negative
PAMD-15112,train,negative
PAMD-15113,train,negative
PAMD-15114,train,negative
PAMD-15115,train,negative
PAMD-15116,train,negative
PAMD-15117,train,negative
PAMD-15118,train,negative
PAMD-15119,test,negative
PAMD-15120,train,negative
PAMD-15121,train,negative
PAMD-15122,train,negative
PAMD-15123,train,negative
PAMD-15124,train,negative
PAMD-15125,train,negative
PAMD-15126,train,negative
PAMD-15127,train,negative
PAMD-15128,train,negative
PAMD-15129,train,negative
PAMD-15130,train,negative
PAMD-15131,train,negative
PAMD-15132,train,negative
PAMD-15133,test,negative
PAMD-15134,train,negative
PAMD-15135,train,negative
PAMD-15136,train,negative
PAMD-15137,train,negative
PAMD-15138,train,negative
PAMD-15139,train,negative
PAMD-15140,train,negative
PAMD-15141,train,negative
PAMD-15142,train,negative
PAMD-15143,train,negative
PAMD-15144,train,negative
PAMD-15145,train,negative
PAMD-15146,train,negative
PAMD-15147,test,negative
PAMD-15148,train,negative
PAMD-15149,train,negative
PAMD-15150,train,negative
PAMD-15151,test,negative
PAMD-15152,train,negative
PAMD-15153,train,negative
PAMD-15154,test,negative
PAMD-15155,train,negative
PAMD-15156,test,negative
PAMD-15157,train,negative
PAMD-15158,train,negative
PAMD-15159,train,negative
PAMD-15160,train,negative
PAMD-15161,test,negative
PAMD-15162,train,negative
PAMD-15163,train,negative
PAMD-15164,train,negative
PAMD-15165,train,negative
PAMD-15166,train,negative
PAMD-15167,train,negative
PAMD-15168,train,negative
PAMD-15169,test,negative
PAMD-15170,train,negative
PAMD-15171,train,negative
PAMD-15172,train,negative
PAMD-15173,train,negative
PAMD-15174,train,negative
PAMD-15175,train,negative
PAMD-15176,train,negative
PAMD-15177,train,negative
PAMD-15178,train,negative
PAMD-15179,train,negative
PAMD-15180,train,negative
PAMD-15181,train,negative
PAMD-15182,train,negative
PAMD-15183,test,negative
PAMD-15184,train,negative
PAMD-15185,test,negative
PAMD-15186,train,negative
PAMD-15187,train,negative
PAMD-15188,train,negative
PAMD-15189,train,negative
PAMD-15190,train,negative
PAMD-15191,train,negative
PAMD-15192,test,negative
PAMD-15193,train,negative
PAMD-15194,train,negative
PAMD-15195,train,negative
PAMD-15196,train,negative
PAMD-15197,train,negative
PAMD-15198,train,negative
PAMD-15199,train,negative
PAMD-15200,train,negative
PAMD-15201,train,negative
PAMD-15202,test,negative
PAMD-15203,test,negative
PAMD-15204,train,negative
PAMD-15205,train,negative
PAMD-15206,train,negative
PAMD-15207,train,negative
PAMD-15208,train,negative
PAMD-15209,train,negative
PAMD-15210,train,negative
PAMD-15211,train,negative
PAMD-15212,train,negative
PAMD-15213,train,negative
PAMD-15214,train,negative
PAMD-15215,train,negative
PAMD-15216,train,negative
PAMD-15217,train,negative
PAMD-15218,test,negative
PAMD-15219,train,negative
PAMD-15220,train,negative
PAMD-15221,train,negative
PAMD-15222,train,negative
PAMD-15223,test,negative
PAMD-15224,train,negative
PAMD-15225,train,negative
PAMD-15226,train,negative
PAMD-15227,train,negative
PAMD-15228,train,negative
PAMD-15229,train,negative
PAMD-15230,train,negative
PAMD-15231,train,negative
PAMD-15232,train,negative
PAMD-15233,test,negative
PAMD-15234,train,negative
PAMD-15235,train,negative
PAMD-15236,test,negative
PAMD-15237,train,negative
PAMD-15238,train,negative
PAMD-15239,test,negative
PAMD-15240,train,negative
PAMD-15241,train,negative
PAMD-15242,train,negative
PAMD-15243,train,negative
PAMD-15244,train,negative
PAMD-15245,train,negative
PAMD-15246,train,negative
PAMD-15247,train,negative
PAMD-15248,train,negative
PAMD-15249,train,negative
PAMD-15250,train,negative
PAMD-15251,train,negative
PAMD-15252,train,negative
PAMD-15253,test,negative
PAMD-15254,train,negative
PAMD-15255,train,negative
PAMD-15256,train,negative
PAMD-15257,train,negative
PAMD-15258,train,negative
PAMD-15259,train,negative
PAMD-15260,train,negative
PAMD-15261,test,negative
PAMD-15262,train,negative
PAMD-15263,train,negative
PAMD-15264,train,negative
PAMD-15265,train,negative
PAMD-15266,train,negative
PAMD-15267,train,negative
PAMD-15268,train,negative
PAMD-15269,train,negative
PAMD-15270,train,negative
PAMD-15271,train,negative
PAMD-15272,train,negative
PAMD-15273,train,negative
PAMD-15274,train,negative
PAMD-15275,train,negative
PAMD-15276,train,negative
PAMD-15277,train,negative
PAMD-15278,train,negative
PAMD-15279,train,negative
PAMD-15280,train,negative
PAMD-15281,test,negative
PAMD-15282,train,negative
PAMD-15283,train,negative
PAMD-15284,train,negative
PAMD-15285,train,negative
PAMD-15286,train,negative
PAMD-15287,train,negative
PAMD-15288,train,negative
PAMD-15289,test,negative
PAMD-15290,train,negative
PAMD-15291,train,negative
PAMD-15292,train,negative
PAMD-15293,train,negative
PAMD-15294,train,negative
PAMD-15295,train,negative
PAMD-15296,train,negative
PAMD-15297,train,negative
PAMD-15298,train,negative
PAMD-15299,train,negative
PAMD-15300,test,negative
PAMD-15301,train,negative
PAMD-15302,train,negative
PAMD-15303,train,negative
PAMD-15304,train,negative
PAMD-15305,train,negative
PAMD-15306,train,negative
PAMD-15307,test,negative
PAMD-15308,train,negative
PAMD-15309,train,negative
PAMD-15310,train,negative
PAMD-15311,train,negative
PAMD-15312,train,negative
PAMD-15313,train,negative
PAMD-15314,train,negative
PAMD-15315,train,negative
PAMD-15316,test,negative
PAMD-15317,train,negative
PAMD-15318,train,negative
PAMD-15319,train,negative
PAMD-15320,train,negative
PAMD-15321,test,negative
PAMD-15322,train,negative
PAMD-15323,train,negative
PAMD-15324,train,negative
PAMD-15325,train,negative
PAMD-15326,train,negative
PAMD-15327,train,negative
PAMD-15328,train,negative
PAMD-15329,train,negative
PAMD-15330,train,negative
PAMD-15331,train,negative
PAMD-15332,train,negative
PAMD-15333,train,negative
PAMD-15334,train,negative
PAMD-15335,train,negative
PAMD-15336,train,negative
PAMD-15337,train,negative
PAMD-15338,train,negative
PAMD-15339,train,negative
PAMD-15340,train,negative
PAMD-15341,train,negative
PAMD-15342,train,negative
PAMD-15343,train,negative
PAMD-15344,train,negative
PAMD-15345,train,negative
PAMD-15346,train,negative
PAMD-15347,train,negative
PAMD-15348,test,negative
PAMD-15349,train,negative
PAMD-15350,train,negative
PAMD-15351,train,negative
PAMD-15352,train,negative
PAMD-15353,train,negative
PAMD-15354,train,negative
PAMD-15355,train,negative
PAMD-15356,train,negative
PAMD-15357,train,negative
PAMD-15358,train,negative
PAMD-15359,train,negative
PAMD-15360,train,negative
PAMD-15361,train,negative
PAMD-15362,train,negative
PAMD-15363,train,negative
PAMD-15364,train,negative
PAMD-15365,train,negative
PAMD-15366,train,negative
PAMD-15367,train,negative
PAMD-15368,train,negative
PAMD-15369,train,negative
PAMD-15370,train,negative
PAMD-15371,test,negative
PAMD-15372,test,negative
PAMD-15373,train,negative
PAMD-15374,train,negative
PAMD-15375,train,negative
PAMD-15376,train,negative
PAMD-15377,train,negative
PAMD-15378,train,negative
PAMD-15379,train,negative
PAMD-15380,train,negative
PAMD-15381,train,negative
PAMD-15382,train,negative
PAMD-15383,train,negative
PAMD-15384,train,negative
PAMD-15385,train,negative
PAMD-15386,train,negative
PAMD-15387,train,negative
PAMD-15388,train,negative
PAMD-15389,train,negative
PAMD-15390,test,negative
PAMD-15391,test,negative
PAMD-15392,train,negative
PAMD-15393,train,negative
PAMD-15394,train,negative
PAMD-15395,train,negative
PAMD-15396,train,negative
PAMD-15397,train,negative
PAMD-15398,train,negative
PAMD-15399,train,negative
PAMD-15400,train,negative
PAMD-15401,test,negative
PAMD-15402,train,negative
PAMD-15403,train,negative
PAMD-15404,train,negative
PAMD-15405,train,negative
PAMD-15406,train,negative
PAMD-15407,train,negative
PAMD-15408,train,negative
PAMD-15409,train,negative
PAMD-15410,test,negative
PAMD-15411,train,negative
PAMD-15412,train,negative
PAMD-15413,train,negative
PAMD-15414,train,negative
PAMD-15415,train,negative
PAMD-15416,train,negative
PAMD-15417,train,negative
PAMD-15418,train,negative
PAMD-15419,train,negative
PAMD-15420,train,negative
PAMD-15421,train,negative
PAMD-15422,train,negative
PAMD-15423,train,negative
PAMD-15424,train,negative
PAMD-15425,train,negative
PAMD-15426,train,negative
PAMD-15427,train,negative
PAMD-15428,train,negative
PAMD-15429,train,negative
PAMD-15430,train,negative
PAMD-15431,train,negative
PAMD-15432,train,negative
PAMD-15433,train,negative
PAMD-15434,train,negative
PAMD-15435,train,negative
PAMD-15436,train,negative
PAMD-15437,train,negative
PAMD-15438,train,negative
PAMD-15439,train,negative
PAMD-15440,train,negative
PAMD-15441,train,negative
PAMD-15442,train,negative
PAMD-15443,train,negative
PAMD-15444,train,negative
PAMD-15445,train,negative
PAMD-15446,train,negative
PAMD-15447,train,negative
PAMD-15448,train,negative
PAMD-15449,train,negative
PAMD-15450,train,negative
PAMD-15451,train,negative
PAMD-15452,test,negative
PAMD-15453,train,negative
PAMD-15454,train,negative
PAMD-15455,train,negative
PAMD-15456,train,negative
PAMD-15457,train,negative
PAMD-15458,train,negative
PAMD-15459,train,negative
PAMD-15460,train,negative
PAMD-15461,train,negative
PAMD-15462,train,negative
PAMD-15463,train,negative
PAMD-15464,train,negative
PAMD-15465,train,negative
PAMD-15466,train,negative
PAMD-15467,train,negative
PAMD-15468,train,negative
PAMD-15469,test,negative
PAMD-15470,train,negative
PAMD-15471,train,negative
PAMD-15472,train,negative
PAMD-15473,train,negative
PAMD-15474,train,negative
PAMD-15475,train,negative
PAMD-15476,train,negative
PAMD-15477,train,negative
PAMD-15478,test,negative
PAMD-15479,train,negative
PAMD-15480,train,negative
PAMD-15481,train,negative
PAMD-15482,train,negative
PAMD-15483,train,negative
PAMD-15484,train,negative
PAMD-15485,train,negative
PAMD-15486,train,negative
PAMD-15487,train,negative
PAMD-15488,train,negative
PAMD-15489,train,negative
PAMD-15490,train,negative
PAMD-15491,train,negative
PAMD-15492,train,negative
PAMD-15493,train,negative
PAMD-15494,train,negative
PAMD-15495,train,negative
PAMD-15496,train,negative
PAMD-15497,train,negative
PAMD-15498,train,negative
PAMD-15499,train,negative
PAMD-15500,train,negative
PAMD-15501,train,negative
PAMD-15502,test,negative
PAMD-15503,train,negative
PAMD-15504,train,negative
PAMD-15505,train,negative
PAMD-15506,test,negative
PAMD-15507,train,negative
PAMD-15508,train,negative
PAMD-15509,train,negative
PAMD-15510,train,negative
PAMD-15511,train,negative
PAMD-15512,train,negative
PAMD-15513,train,negative
PAMD-15514,train,negative
PAMD-15515,train,negative
PAMD-15516,train,negative
PAMD-15517,train,negative
PAMD-15518,test,negative
PAMD-15519,train,negative
PAMD-15520,train,negative
PAMD-15521,test,negative
PAMD-15522,train,negative
PAMD-15523,train,negative
PAMD-15524,train,negative
PAMD-15525,train,negative
PAMD-15526,train,negative
PAMD-15527,train,negative
PAMD-15528,train,negative
PAMD-15529,train,negative
PAMD-15530,train,negative
PAMD-15531,train,negative
PAMD-15532,train,negative
PAMD-15533,train,negative
PAMD-15534,train,negative
PAMD-15535,train,negative
PAMD-15536,train,negative
PAMD-15537,train,negative
PAMD-15538,train,negative
PAMD-15539,train,negative
PAMD-15540,train,negative
PAMD-15541,train,negative
PAMD-15542,train,negative
PAMD-15543,train,negative
PAMD-15544,train,negative
PAMD-15545,train,negative
PAMD-15546,train,negative
PAMD-15547,train,negative
PAMD-15548,train,negative
PAMD-15549,train,negative
PAMD-15550,train,negative
PAMD-15551,train,negative
PAMD-15552,train,negative
PAMD-15553,train,negative
PAMD-15554,train,negative
PAMD-15555,train,negative
PAMD-15556,train,negative
PAMD-15557,train,negative
PAMD-15558,train,negative
PAMD-15559,test,negative
PAMD-15560,train,negative
PAMD-15561,train,negative
PAMD-15562,train,negative
PAMD-15563,test,negative
PAMD-15564,train,negative
PAMD-15565,train,negative
PAMD-15566,train,negative
PAMD-15567,train,negative
PAMD-15568,train,negative
PAMD-15569,train,negative
PAMD-15570,train,negative
PAMD-15571,test,negative
PAMD-15572,train,negative
PAMD-15573,train,negative
PAMD-15574,train,negative
PAMD-15575,train,negative
PAMD-15576,train,negative
PAMD-15577,train,negative
PAMD-15578,train,negative
PAMD-15579,test,negative
PAMD-15580,test,negative
PAMD-15581,test,negative
PAMD-15582,train,negative
PAMD-15583,train,negative
PAMD-15584,train,negative
PAMD-15585,train,negative
PAMD-15586,train,negative
PAMD-15587,train,negative
PAMD-15588,train,negative
PAMD-15589,train,negative
PAMD-15590,train,negative
PAMD-15591,train,negative
PAMD-15592,train,negative
PAMD-15593,train,negative
PAMD-15594,train,negative
PAMD-15595,test,negative
PAMD-15596,test,negative
PAMD-15597,train,negative
PAMD-15598,train,negative
PAMD-15599,train,negative
PAMD-15600,train,negative
PAMD-15601,train,negative
PAMD-15602,train,negative
PAMD-15603,train,negative
PAMD-15604,train,negative
PAMD-15605,train,negative
PAMD-15606,train,negative
PAMD-15607,train,negative
PAMD-15608,train,negative
PAMD-15609,train,negative
PAMD-15610,train,negative
PAMD-15611,train,negative
PAMD-15612,train,negative
PAMD-15613,train,negative
PAMD-15614,train,negative
PAMD-15615,train,negative
PAMD-15616,train,negative
PAMD-15617,train,negative
PAMD-15618,train,negative
PAMD-15619,train,negative
PAMD-15620,train,negative
PAMD-15621,train,negative
PAMD-15622,train,negative
PAMD-15623,train,negative
PAMD-15624,train,negative
PAMD-15625,train,negative
PAMD-15626,train,negative
PAMD-15627,train,negative
PAMD-15628,train,negative
PAMD-15629,train,negative
PAMD-15630,train,negative
PAMD-15631,train,negative
PAMD-15632,train,negative
PAMD-15633,train,negative
PAMD-15634,train,negative
PAMD-15635,test,negative
PAMD-15636,train,negative
PAMD-15637,train,negative
PAMD-15638,test,negative
PAMD-15639,train,negative
PAMD-15640,train,negative
PAMD-15641,train,negative
PAMD-15642,train,negative
PAMD-15643,test,negative
PAMD-15644,train,negative
PAMD-15645,train,negative
PAMD-15646,test,negative
PAMD-15647,train,negative
PAMD-15648,train,negative
PAMD-15649,train,negative
PAMD-15650,train,negative
PAMD-15651,train,negative
PAMD-15652,train,negative
PAMD-15653,train,negative
PAMD-15654,train,negative
PAMD-15655,train,negative
PAMD-15656,train,negative
PAMD-15657,train,negative
PAMD-15658,train,negative
PAMD-15659,train,negative
PAMD-15660,train,negative
PAMD-15661,train,negative
PAMD-15662,train,negative
PAMD-15663,train,negative
PAMD-15664,train,negative
PAMD-15665,train,negative
PAMD-15666,test,negative
PAMD-15667,train,negative
PAMD-15668,train,negative
PAMD-15669,train,negative
PAMD-15670,train,negative
PAMD-15671,train,negative
PAMD-15672,train,negative
PAMD-15673,train,negative
PAMD-15674,train,negative
PAMD-15675,train,negative
PAMD-15676,train,negative
PAMD-15677,train,negative
PAMD-15678,train,negative
PAMD-15679,train,negative
PAMD-15680,train,negative
PAMD-15681,train,negative
PAMD-15682,train,negative
PAMD-15683,train,negative
PAMD-15684,train,negative
PAMD-15685,train,negative
PAMD-15686,train,negative
PAMD-15687,train,negative
PAMD-15688,train,negative
PAMD-15689,test,negative
PAMD-15690,train,negative
PAMD-15691,test,negative
PAMD-15692,train,negative
PAMD-15693,train,negative
PAMD-15694,train,negative
PAMD-15695,train,negative
PAMD-15696,train,negative
PAMD-15697,train,negative
PAMD-15698,train,negative
PAMD-15699,train,negative
PAMD-15700,train,negative
PAMD-15701,train,negative
PAMD-15702,train,negative
PAMD-15703,train,negative
PAMD-15704,test,negative
PAMD-15705,train,negative
PAMD-15706,train,negative
PAMD-15707,train,negative
PAMD-15708,train,negative
PAMD-15709,train,negative
PAMD-15710,train,negative
PAMD-15711,train,negative
PAMD-15712,train,negative
PAMD-15713,train,negative
PAMD-15714,train,negative
PAMD-15715,train,negative
PAMD-15716,train,negative
PAMD-15717,train,negative
PAMD-15718,test,negative
PAMD-15719,train,negative
PAMD-15720,train,negative
PAMD-15721,train,negative
PAMD-15722,train,negative
PAMD-15723,train,negative
PAMD-15724,train,negative
PAMD-15725,train,negative
PAMD-15726,train,negative
PAMD-15727,test,negative
PAMD-15728,train,negative
PAMD-15729,test,negative
PAMD-15730,train,negative
PAMD-15731,train,negative
PAMD-15732,train,negative
PAMD-15733,train,negative
PAMD-15734,train,negative
PAMD-15735,train,negative
PAMD-15736,train,negative
PAMD-15737,train,negative
PAMD-15738,test,negative
PAMD-15739,train,negative
PAMD-15740,train,negative
PAMD-15741,train,negative
PAMD-15742,train,negative
PAMD-15743,train,negative
PAMD-15744,test,negative
PAMD-15745,train,negative
PAMD-15746,train,negative
PAMD-15747,train,negative
PAMD-15748,train,negative
PAMD-15749,train,negative
PAMD-15750,train,negative
PAMD-15751,test,negative
PAMD-15752,train,negative
PAMD-15753,train,negative
PAMD-15754,train,negative
PAMD-15755,train,negative
PAMD-15756,train,negative
PAMD-15757,test,negative
PAMD-15758,train,negative
PAMD-15759,train,negative
PAMD-15760,test,negative
PAMD-15761,train,negative
PAMD-15762,train,negative
PAMD-15763,train,negative
PAMD-15764,test,negative
PAMD-15765,train,negative
PAMD-15766,train,negative
PAMD-15767,train,negative
PAMD-15768,train,negative
PAMD-15769,train,negative
PAMD-15770,train,negative
PAMD-15771,train,negative
PAMD-15772,train,negative
PAMD-15773,train,negative
PAMD-15774,train,negative
PAMD-15775,train,negative
PAMD-15776,train,negative
PAMD-15777,train,negative
PAMD-15778,train,negative
PAMD-15779,train,negative
PAMD-15780,train,negative
PAMD-15781,test,negative
PAMD-15782,train,negative
PAMD-15783,train,negative
PAMD-15784,train,negative
PAMD-15785,train,negative
PAMD-15786,train,negative
PAMD-15787,train,negative
PAMD-15788,train,negative
PAMD-15789,train,negative
PAMD-15790,train,negative
PAMD-15791,train,negative
PAMD-15792,train,negative
PAMD-15793,train,negative
PAMD-15794,train,negative
PAMD-15795,train,negative
PAMD-15796,train,negative
PAMD-15797,test,negative
PAMD-15798,train,negative
PAMD-15799,train,negative
PAMD-15800,train,negative
PAMD-15801,train,negative
PAMD-15802,train,negative
PAMD-15803,test,negative
PAMD-15804,train,negative
PAMD-15805,train,negative
PAMD-15806,train,negative
PAMD-15807,train,negative
PAMD-15808,train,negative
PAMD-15809,train,negative
PAMD-15810,train,negative
PAMD-15811,train,negative
PAMD-15812,train,negative
PAMD-15813,train,negative
PAMD-15814,train,negative
PAMD-15815,train,negative
PAMD-15816,train,negative
PAMD-15817,train,negative
PAMD-15818,train,negative
PAMD-15819,train,negative
PAMD-15820,train,negative
PAMD-15821,train,negative
PAMD-15822,train,negative
PAMD-15823,train,negative
PAMD-15824,train,negative
PAMD-15825,test,negative
PAMD-15826,test,negative
PAMD-15827,train,negative
PAMD-15828,train,negative
PAMD-15829,train,negative
PAMD-15830,train,negative
PAMD-15831,train,negative
PAMD-15832,train,negative
PAMD-15833,train,negative
PAMD-15834,train,negative
PAMD-15835,train,negative
PAMD-15836,train,negative
PAMD-15837,train,negative
PAMD-15838,train,negative
PAMD-15839,train,negative
PAMD-15840,train,negative
PAMD-15841,test,negative
PAMD-15842,train,negative
PAMD-15843,train,negative
PAMD-15844,train,negative
PAMD-15845,train,negative
PAMD-15846,train,negative
PAMD-15847,train,negative
PAMD-15848,train,negative
PAMD-15849,train,negative
PAMD-15850,train,negative
PAMD-15851,train,negative
PAMD-15852,train,negative
PAMD-15853,train,negative
PAMD-15854,train,negative
PAMD-15855,train,negative
PAMD-15856,train,negative
PAMD-15857,train,negative
PAMD-15858,train,negative
PAMD-15859,train,negative
PAMD-15860,train,negative
PAMD-15861,train,negative
PAMD-15862,train,negative
PAMD-15863,train,negative
PAMD-15864,train,negative
PAMD-15865,train,negative
PAMD-15866,test,negative
PAMD-15867,train,negative
PAMD-15868,train,negative
PAMD-15869,train,negative
PAMD-15870,train,negative
PAMD-15871,train,negative
PAMD-15872,test,negative
PAMD-15873,train,negative
PAMD-15874,train,negative
PAMD-15875,train,negative
PAMD-15876,train,negative
PAMD-15877,train,negative
PAMD-15878,train,negative
PAMD-15879,train,negative
PAMD-15880,train,negative
PAMD-15881,train,negative
PAMD-15882,train,negative
PAMD-15883,train,negative
PAMD-15884,train,negative
PAMD-15885,train,negative
PAMD-15886,test,negative
PAMD-15887,train,negative
PAMD-15888,train,negative
PAMD-15889,train,negative
PAMD-15890,train,negative
PAMD-15891,train,negative
PAMD-15892,train,negative
PAMD-15893,test,negative
PAMD-15894,train,negative
PAMD-15895,train,negative
PAMD-15896,train,negative
PAMD-15897,train,negative
PAMD-15898,train,negative
PAMD-15899,train,negative
PAMD-15900,train,negative
PAMD-15901,train,negative
PAMD-15902,train,negative
PAMD-15903,train,negative
PAMD-15904,train,negative
PAMD-15905,train,negative
PAMD-15906,train,negative
PAMD-15907,train,negative
PAMD-15908,train,negative
PAMD-15909,train,negative
PAMD-15910,train,negative
PAMD-15911,train,negative
PAMD-15912,train,negative
PAMD-15913,train,negative
PAMD-15914,train,negative
PAMD-15915,train,negative
PAMD-15916,train,negative
PAMD-15917,test,negative
PAMD-15918,train,negative
PAMD-15919,train,negative
PAMD-15920,train,negative
PAMD-15921,train,negative
PAMD-15922,train,negative
PAMD-15923,train,negative
PAMD-15924,train,negative
PAMD-15925,train,negative
PAMD-15926,train,negative
PAMD-15927,train,negative
PAMD-15928,train,negative
PAMD-15929,train,negative
PAMD-15930,train,negative
PAMD-15931,train,negative
PAMD-15932,test,negative
PAMD-15933,train,negative
PAMD-15934,train,negative
PAMD-15935,train,negative
PAMD-15936,train,negative
PAMD-15937,train,negative
PAMD-15938,train,negative
PAMD-15939,train,negative
PAMD-15940,train,negative
PAMD-15941,test,negative
PAMD-15942,train,negative
PAMD-15943,train,negative
PAMD-15944,train,negative
PAMD-15945,train,negative
PAMD-15946,train,negative
PAMD-15947,train,negative
PAMD-15948,train,negative
PAMD-15949,train,negative
PAMD-15950,train,negative
PAMD-15951,train,negative
PAMD-15952,train,negative
PAMD-15953,train,negative
PAMD-15954,train,negative
PAMD-15955,train,negative
PAMD-15956,train,negative
PAMD-15957,train,negative
PAMD-15958,train,negative
PAMD-15959,train,negative
PAMD-15960,train,negative
PAMD-15961,train,negative
PAMD-15962,train,negative
PAMD-15963,train,negative
PAMD-15964,train,negative
PAMD-15965,train,negative
PAMD-15966,train,negative
PAMD-15967,train,negative
PAMD-15968,train,negative
PAMD-15969,test,negative
PAMD-15970,train,negative
PAMD-15971,train,negative
PAMD-15972,train,negative
PAMD-15973,train,negative
PAMD-15974,train,negative
PAMD-15975,train,negative
PAMD-15976,train,negative
PAMD-15977,train,negative
PAMD-15978,train,negative
PAMD-15979,train,negative
PAMD-15980,train,negative
PAMD-15981,test,negative
PAMD-15982,train,negative
PAMD-15983,train,negative
PAMD-15984,train,negative
PAMD-15985,train,negative
PAMD-15986,train,negative
PAMD-15987,train,negative
PAMD-15988,train,negative
PAMD-15989,train,negative
PAMD-15990,train,negative
PAMD-15991,train,negative
PAMD-15992,train,negative
PAMD-15993,train,negative
PAMD-15994,train,negative
PAMD-15995,train,negative
PAMD-15996,train,negative
PAMD-15997,train,negative
PAMD-15998,train,negative
PAMD-15999,train,negative
PAMD-16000,train,negative
PAMD-16001,train,negative
PAMD-16002,train,negative
PAMD-16003,train,negative
PAMD-16004,train,negative
PAMD-16005,train,negative
PAMD-16006,train,negative
PAMD-16007,train,negative
PAMD-16008,train,negative
PAMD-16009,train,negative
PAMD-16010,train,negative
PAMD-16011,train,negative
PAMD-16012,train,negative
PAMD-16013,test,negative
PAMD-16014,train,negative
PAMD-16015,train,negative
PAMD-16016,train,negative
PAMD-16017,train,negative
PAMD-16018,train,negative
PAMD-16019,train,negative
PAMD-16020,train,negative
PAMD-16021,train,negative
PAMD-16022,train,negative
PAMD-16023,train,negative
PAMD-16024,train,negative
PAMD-16025,train,negative
PAMD-16026,train,negative
PAMD-16027,train,negative
PAMD-16028,train,negative
PAMD-16029,train,negative
PAMD-16030,train,negative
PAMD-16031,train,negative
PAMD-16032,train,negative
PAMD-16033,train,negative
PAMD-16034,test,negative
PAMD-16035,train,negative
PAMD-16036,train,negative
PAMD-16037,train,negative
PAMD-16038,train,negative
PAMD-16039,train,negative
PAMD-16040,train,negative
PAMD-16041,train,negative
PAMD-16042,train,negative
PAMD-16043,train,negative
PAMD-16044,train,negative
PAMD-16045,train,negative
PAMD-16046,train,negative
PAMD-16047,train,negative
PAMD-16048,train,negative
PAMD-16049,train,negative
PAMD-16050,train,negative
PAMD-16051,test,negative
PAMD-16052,train,negative
PAMD-16053,train,negative
PAMD-16054,train,negative
PAMD-16055,train,negative
PAMD-16056,train,negative
PAMD-16057,train,negative
PAMD-16058,train,negative
PAMD-16059,train,negative
PAMD-16060,train,negative
PAMD-16061,train,negative
PAMD-16062,train,negative
PAMD-16063,train,negative
PAMD-16064,train,negative
PAMD-16065,train,negative
PAMD-16066,train,negative
PAMD-16067,train,negative
PAMD-16068,train,negative
PAMD-16069,train,negative
PAMD-16070,train,negative
PAMD-16071,train,negative
PAMD-16072,test,negative
PAMD-16073,train,negative
PAMD-16074,train,negative
PAMD-16075,test,negative
PAMD-16076,train,negative
PAMD-16077,train,negative
PAMD-16078,train,negative
PAMD-16079,train,negative
PAMD-16080,test,negative
PAMD-16081,train,negative
PAMD-16082,train,negative
PAMD-16083,train,negative
PAMD-16084,train,negative
PAMD-16085,train,negative
PAMD-16086,test,negative
PAMD-16087,train,negative
PAMD-16088,test,negative
PAMD-16089,train,negative
PAMD-16090,test,negative
PAMD-16091,train,negative
PAMD-16092,train,negative
PAMD-16093,train,negative
PAMD-16094,train,negative
PAMD-16095,train,negative
PAMD-16096,train,negative
PAMD-16097,test,negative
PAMD-16098,train,negative
PAMD-16099,train,negative
PAMD-16100,train,negative
PAMD-16101,train,negative
PAMD-16102,train,negative
PAMD-16103,train,negative
PAMD-16104,train,negative
PAMD-16105,test,negative
PAMD-16106,train,negative
PAMD-16107,train,negative
PAMD-16108,train,negative
PAMD-16109,train,negative
PAMD-16110,train,negative
PAMD-16111,train,negative
PAMD-16112,train,negative
PAMD-16113,train,negative
PAMD-16114,train,negative
PAMD-16115,train,negative
PAMD-16116,train,negative
PAMD-16117,train,negative
PAMD-16118,train,negative
PAMD-16119,train,negative
PAMD-16120,train,negative
PAMD-16121,train,negative
PAMD-16122,train,negative
PAMD-16123,train,negative
PAMD-16124,test,negative
PAMD-16125,train,negative
PAMD-16126,train,negative
PAMD-16127,train,negative
PAMD-16128,train,negative
PAMD-16129,train,negative
PAMD-16130,train,negative
PAMD-16131,train,negative
PAMD-16132,train,negative
PAMD-16133,train,negative
PAMD-16134,train,negative
PAMD-16135,train,negative
PAMD-16136,train,negative
PAMD-16137,train,negative
PAMD-16138,train,negative
PAMD-16139,train,negative
PAMD-16140,train,negative
PAMD-16141,train,negative
PAMD-16142,train,negative
PAMD-16143,train,negative
PAMD-16144,train,negative
PAMD-16145,train,negative
PAMD-16146,train,negative
PAMD-16147,train,negative
PAMD-16148,train,negative
PAMD-16149,train,negative
PAMD-16150,train,negative
PAMD-16151,train,negative
PAMD-16152,train,negative
PAMD-16153,train,negative
PAMD-16154,train,negative
PAMD-16155,train,negative
PAMD-16156,train,negative
PAMD-16157,train,negative
PAMD-16158,train,negative
PAMD-16159,train,negative
PAMD-16160,train,negative
PAMD-16161,train,negative
PAMD-16162,train,negative
PAMD-16163,train,negative
PAMD-16164,train,negative
PAMD-16165,train,negative
PAMD-16166,train,negative
PAMD-16167,train,negative
PAMD-16168,train,negative
PAMD-16169,test,negative
PAMD-16170,train,negative
PAMD-16171,train,negative
PAMD-16172,train,negative
PAMD-16173,test,negative
PAMD-16174,train,negative
PAMD-16175,train,negative
PAMD-16176,train,negative
PAMD-16177,train,negative
PAMD-16178,train,negative
PAMD-16179,train,negative
PAMD-16180,train,negative
PAMD-16181,train,negative
PAMD-16182,train,negative
PAMD-16183,train,negative
PAMD-16184,train,negative
PAMD-16185,train,negative
PAMD-16186,train,negative
PAMD-16187,train,negative
PAMD-16188,train,negative
PAMD-16189,train,negative
PAMD-16190,train,negative
PAMD-16191,train,negative
PAMD-16192,train,negative
PAMD-16193,train,negative
PAMD-16194,train,negative
PAMD-16195,train,negative
PAMD-16196,train,negative
PAMD-16197,test,negative
PAMD-16198,train,negative
PAMD-16199,train,negative
PAMD-16200,train,negative
PAMD-16201,test,negative
PAMD-16202,train,negative
PAMD-16203,train,negative
PAMD-16204,train,negative
PAMD-16205,train,negative
PAMD-16206,train,negative
PAMD-16207,test,negative
PAMD-16208,train,negative
PAMD-16209,train,negative
PAMD-16210,train,negative
PAMD-16211,train,negative
PAMD-16212,train,negative
PAMD-16213,train,negative
PAMD-16214,train,negative
PAMD-16215,train,negative
PAMD-16216,train,negative
PAMD-16217,train,negative
PAMD-16218,train,negative
PAMD-16219,train,negative
PAMD-16220,train,negative
PAMD-16221,test,negative
PAMD-16222,train,negative
PAMD-16223,train,negative
PAMD-16224,test,negative
PAMD-16225,train,negative
PAMD-16226,test,negative
PAMD-16227,train,negative
PAMD-16228,train,negative
PAMD-16229,train,negative
PAMD-16230,train,negative
PAMD-16231,train,negative
PAMD-16232,train,negative
PAMD-16233,train,negative
PAMD-16234,train,negative
PAMD-16235,train,negative
PAMD-16236,train,negative
PAMD-16237,train,negative
PAMD-16238,train,negative
PAMD-16239,train,negative
PAMD-16240,train,negative
PAMD-16241,train,negative
PAMD-16242,train,negative
PAMD-16243,train,negative
PAMD-16244,train,negative
PAMD-16245,train,negative
PAMD-16246,train,negative
PAMD-16247,train,negative
PAMD-16248,train,negative
PAMD-16249,train,negative
PAMD-16250,test,negative
PAMD-16251,train,negative
PAMD-16252,train,negative
PAMD-16253,train,negative
PAMD-16254,train,negative
PAMD-16255,train,negative
PAMD-16256,train,negative
PAMD-16257,train,negative
PAMD-16258,train,negative
PAMD-16259,train,negative
PAMD-16260,train,negative
PAMD-16261,train,negative
PAMD-16262,train,negative
PAMD-16263,train,negative
PAMD-16264,train,negative
PAMD-16265,train,negative
PAMD-16266,train,negative
PAMD-16267,train,negative
PAMD-16268,train,negative
PAMD-16269,train,negative
PAMD-16270,train,negative
PAMD-16271,train,negative
PAMD-16272,train,negative
PAMD-16273,test,negative
PAMD-16274,train,negative
PAMD-16275,train,negative
PAMD-16276,train,negative
PAMD-16277,train,negative
PAMD-16278,train,negative
PAMD-16279,train,negative
PAMD-16280,test,negative
PAMD-16281,train,negative
PAMD-16282,train,negative
PAMD-16283,train,negative
PAMD-16284,train,negative
PAMD-16285,train,negative
PAMD-16286,train,negative
PAMD-16287,train,negative
PAMD-16288,train,negative
PAMD-16289,test,negative
PAMD-16290,train,negative
PAMD-16291,train,negative
PAMD-16292,train,negative
PAMD-16293,train,negative
PAMD-16294,train,negative
PAMD-16295,train,negative
PAMD-16296,test,negative
PAMD-16297,train,negative
PAMD-16298,train,negative
PAMD-16299,train,negative
PAMD-16300,train,negative
PAMD-16301,test,negative
PAMD-16302,train,negative
PAMD-16303,train,negative
PAMD-16304,test,negative
PAMD-16305,train,negative
PAMD-16306,train,negative
PAMD-16307,train,negative
PAMD-16308,train,negative
PAMD-16309,train,negative
PAMD-16310,train,negative
PAMD-16311,train,negative
PAMD-16312,train,negative
PAMD-16313,train,negative
PAMD-16314,train,negative
PAMD-16315,train,negative
PAMD-16316,train,negative
PAMD-16317,train,negative
PAMD-16318,train,negative
PAMD-16319,train,negative
PAMD-16320,train,negative
PAMD-16321,train,negative
PAMD-16322,train,negative
PAMD-16323,train,negative
PAMD-16324,train,negative
PAMD-16325,train,negative
PAMD-16326,train,negative
PAMD-16327,train,negative
PAMD-16328,train,negative
PAMD-16329,train,negative
PAMD-16330,train,negative
PAMD-16331,train,negative
PAMD-16332,train,negative
PAMD-16333,train,negative
PAMD-16334,train,negative
PAMD-16335,train,negative
PAMD-16336,train,negative
PAMD-16337,train,negative
PAMD-16338,train,negative
PAMD-16339,train,negative
PAMD-16340,train,negative
PAMD-16341,train,negative
PAMD-16342,train,negative
PAMD-16343,train,negative
PAMD-16344,test,negative
PAMD-16345,train,negative
PAMD-16346,train,negative
PAMD-16347,train,negative
PAMD-16348,train,negative
PAMD-16349,train,negative
PAMD-16350,train,negative
PAMD-16351,train,negative
PAMD-16352,train,negative
PAMD-16353,train,negative
PAMD-16354,train,negative
PAMD-16355,train,negative
PAMD-16356,train,negative
PAMD-16357,train,negative
PAMD-16358,train,negative
PAMD-16359,train,negative
PAMD-16360,train,negative
PAMD-16361,train,negative
PAMD-16362,train,negative
PAMD-16363,train,negative
PAMD-16364,train,negative
PAMD-16365,train,negative
PAMD-16366,train,negative
PAMD-16367,train,negative
PAMD-16368,train,negative
PAMD-16369,train,negative
PAMD-16370,train,negative
PAMD-16371,train,negative
PAMD-16372,train,negative
PAMD-16373,train,negative
PAMD-16374,train,negative
PAMD-16375,train,negative
PAMD-16376,train,negative
PAMD-16377,train,negative
PAMD-16378,train,negative
PAMD-16379,train,negative
PAMD-16380,train,negative
PAMD-16381,train,negative
PAMD-16382,train,negative
PAMD-16383,train,negative
PAMD-16384,train,negative
PAMD-16385,train,negative
PAMD-16386,train,negative
PAMD-16387,train,negative
PAMD-16388,train,negative
PAMD-16389,train,negative
PAMD-16390,train,negative
PAMD-16391,test,negative
PAMD-16392,train,negative
PAMD-16393,train,negative
PAMD-16394,train,negative
PAMD-16395,train,negative
PAMD-16396,train,negative
PAMD-16397,train,negative
PAMD-16398,train,negative
PAMD-16399,train,negative
PAMD-16400,train,negative
PAMD-16401,train,negative
PAMD-16402,train,negative
PAMD-16403,test,negative
PAMD-16404,train,negative
PAMD-16405,train,negative
PAMD-16406,train,negative
PAMD-16407,train,negative
PAMD-16408,train,negative
PAMD-16409,train,negative
PAMD-16410,test,negative
PAMD-16411,train,negative
PAMD-16412,train,negative
PAMD-16413,train,negative
PAMD-16414,train,negative
PAMD-16415,test,negative
PAMD-16416,train,negative
PAMD-16417,train,negative
PAMD-16418,train,negative
PAMD-16419,train,negative
PAMD-16420,train,negative
PAMD-16421,train,negative
PAMD-16422,train,negative
PAMD-16423,train,negative
PAMD-16424,train,negative
PAMD-16425,train,negative
PAMD-16426,train,negative
PAMD-16427,train,negative
PAMD-16428,train,negative
PAMD-16429,train,negative
PAMD-16430,train,negative
PAMD-16431,train,negative
PAMD-16432,train,negative
PAMD-16433,train,negative
PAMD-16434,train,negative
PAMD-16435,train,negative
PAMD-16436,train,negative
PAMD-16437,train,negative
PAMD-16438,train,negative
PAMD-16439,train,negative
PAMD-16440,train,negative
PAMD-16441,train,negative
PAMD-16442,train,negative
PAMD-16443,train,negative
PAMD-16444,train,negative
PAMD-16445,train,negative
PAMD-16446,test,negative
PAMD-16447,train,negative
PAMD-16448,train,negative
PAMD-16449,train,negative
PAMD-16450,train,negative
PAMD-16451,train,negative
PAMD-16452,train,negative
PAMD-16453,train,negative
PAMD-16454,train,negative
PAMD-16455,test,negative
PAMD-16456,train,negative
PAMD-16457,train,negative
PAMD-16458,train,negative
PAMD-16459,train,negative
PAMD-16460,train,negative
PAMD-16461,train,negative
PAMD-16462,train,negative
PAMD-16463,train,negative
PAMD-16464,train,negative
PAMD-16465,train,negative
PAMD-16466,train,negative
PAMD-16467,train,negative
PAMD-16468,train,negative
PAMD-16469,train,negative
PAMD-16470,train,negative
PAMD-16471,train,negative
PAMD-16472,train,negative
PAMD-16473,train,negative
PAMD-16474,train,negative
PAMD-16475,train,negative
PAMD-16476,train,negative
PAMD-16477,test,negative
PAMD-16478,train,negative
PAMD-16479,train,negative
PAMD-16480,test,negative
PAMD-16481,train,negative
PAMD-16482,train,negative
PAMD-16483,train,negative
PAMD-16484,test,negative
PAMD-16485,train,negative
PAMD-16486,train,negative
PAMD-16487,train,negative
PAMD-16488,train,negative
PAMD-16489,train,negative
PAMD-16490,train,negative
PAMD-16491,train,negative
PAMD-16492,train,negative
PAMD-16493,train,negative
PAMD-16494,train,negative
PAMD-16495,train,negative
PAMD-16496,train,negative
PAMD-16497,train,negative
PAMD-16498,train,negative
PAMD-16499,train,negative
PAMD-16500,train,negative
PAMD-16501,train,negative
PAMD-16502,train,negative
PAMD-16503,train,negative
PAMD-16504,test,negative
PAMD-16505,train,negative
PAMD-16506,train,negative
PAMD-16507,train,negative
PAMD-16508,train,negative
PAMD-16509,train,negative
PAMD-16510,train,negative
PAMD-16511,train,negative
PAMD-16512,train,negative
PAMD-16513,train,negative
PAMD-16514,train,negative
PAMD-16515,train,negative
PAMD-16516,train,negative
PAMD-16517,train,negative
PAMD-16518,train,negative
PAMD-16519,train,negative
PAMD-16520,train,negative
PAMD-16521,train,negative
PAMD-16522,test,negative
PAMD-16523,train,negative
PAMD-16524,train,negative
PAMD-16525,train,negative
PAMD-16526,train,negative
PAMD-16527,train,negative
PAMD-16528,train,negative
PAMD-16529,train,negative
PAMD-16530,train,negative
PAMD-16531,train,negative
PAMD-16532,train,negative
PAMD-16533,test,negative
PAMD-16534,train,negative
PAMD-16535,train,negative
PAMD-16536,train,negative
PAMD-16537,train,negative
PAMD-16538,train,negative
PAMD-16539,train,negative
PAMD-16540,train,negative
PAMD-16541,train,negative
PAMD-16542,train,negative
PAMD-16543,test,negative
PAMD-16544,train,negative
PAMD-16545,train,negative
PAMD-16546,train,negative
PAMD-16547,train,negative
PAMD-16548,test,negative
PAMD-16549,test,negative
PAMD-16550,train,negative
PAMD-16551,train,negative
PAMD-16552,train,negative
PAMD-16553,test,negative
PAMD-16554,train,negative
PAMD-16555,train,negative
PAMD-16556,test,negative
PAMD-16557,train,negative
PAMD-16558,train,negative
PAMD-16559,train,negative
PAMD-16560,train,negative
PAMD-16561,train,negative
PAMD-16562,train,negative
PAMD-16563,train,negative
PAMD-16564,train,negative
PAMD-16565,test,negative
PAMD-16566,train,negative
PAMD-16567,train,negative
PAMD-16568,train,negative
PAMD-16569,train,negative
PAMD-16570,train,negative
PAMD-16571,train,negative
PAMD-16572,train,negative
PAMD-16573,test,negative
PAMD-16574,train,negative
PAMD-16575,train,negative
PAMD-16576,train,negative
PAMD-16577,train,negative
PAMD-16578,train,negative
PAMD-16579,test,negative
PAMD-16580,train,negative
PAMD-16581,train,negative
PAMD-16582,train,negative
PAMD-16583,train,negative
PAMD-16584,train,negative
PAMD-16585,train,negative
PAMD-16586,train,negative
PAMD-16587,train,negative
PAMD-16588,train,negative
PAMD-16589,test,negative
PAMD-16590,train,negative
PAMD-16591,train,negative
PAMD-16592,train,negative
PAMD-16593,train,negative
PAMD-16594,train,negative
PAMD-16595,train,negative
PAMD-16596,train,negative
PAMD-16597,train,negative
PAMD-16598,train,negative
PAMD-16599,train,negative
PAMD-16600,test,negative
PAMD-16601,train,negative
PAMD-16602,train,negative
PAMD-16603,train,negative
PAMD-16604,train,negative
PAMD-16605,train,negative
PAMD-16606,train,negative
PAMD-16607,train,negative
PAMD-16608,train,negative
PAMD-16609,train,negative
PAMD-16610,train,negative
PAMD-16611,test,negative
PAMD-16612,train,negative
PAMD-16613,train,negative
PAMD-16614,train,negative
PAMD-16615,train,negative
PAMD-16616,train,negative
PAMD-16617,train,negative
PAMD-16618,train,negative
PAMD-16619,train,negative
PAMD-16620,test,negative
PAMD-16621,train,negative
PAMD-16622,train,negative
PAMD-16623,train,negative
PAMD-16624,train,negative
PAMD-16625,train,negative
PAMD-16626,train,negative
PAMD-16627,train,negative
PAMD-16628,train,negative
PAMD-16629,test,negative
PAMD-16630,train,negative
PAMD-16631,train,negative
PAMD-16632,train,negative
PAMD-16633,train,negative
PAMD-16634,train,negative
PAMD-16635,train,negative
PAMD-16636,train,negative
PAMD-16637,train,negative
PAMD-16638,train,negative
PAMD-16639,train,negative
PAMD-16640,train,negative
PAMD-16641,test,negative
PAMD-16642,train,negative
PAMD-16643,train,negative
PAMD-16644,test,negative
PAMD-16645,train,negative
PAMD-16646,train,negative
PAMD-16647,train,negative
PAMD-16648,train,negative
PAMD-16649,train,negative
PAMD-16650,test,negative
PAMD-16651,train,negative
PAMD-16652,train,negative
PAMD-16653,train,negative
PAMD-16654,train,negative
PAMD-16655,test,negative
PAMD-16656,train,negative
PAMD-16657,train,negative
PAMD-16658,train,negative
PAMD-16659,train,negative
PAMD-16660,train,negative
PAMD-16661,train,negative
PAMD-16662,test,negative
PAMD-16663,test,negative
PAMD-16664,train,negative
PAMD-16665,train,negative
PAMD-16666,train,negative
PAMD-16667,train,negative
PAMD-16668,train,negative
PAMD-16669,train,negative
PAMD-16670,train,negative
PAMD-16671,train,negative
PAMD-16672,train,negative
PAMD-16673,train,negative
PAMD-16674,test,negative
PAMD-16675,train,negative
PAMD-16676,train,negative
PAMD-16677,train,negative
PAMD-16678,train,negative
PAMD-16679,train,negative
PAMD-16680,train,negative
PAMD-16681,train,negative
PAMD-16682,train,negative
PAMD-16683,train,negative
PAMD-16684,train,negative
PAMD-16685,train,negative
PAMD-16686,train,negative
PAMD-16687,train,negative
PAMD-16688,train,negative
PAMD-16689,train,negative
PAMD-16690,train,negative
PAMD-16691,train,negative
PAMD-16692,train,negative
PAMD-16693,train,negative
PAMD-16694,train,negative
PAMD-16695,train,negative
PAMD-16696,train,negative
PAMD-16697,train,negative
PAMD-16698,train,negative
PAMD-16699,train,negative
PAMD-16700,train,negative
PAMD-16701,train,negative
PAMD-16702,test,negative
PAMD-16703,train,negative
PAMD-16704,test,negative
PAMD-16705,train,negative
PAMD-16706,train,negative
PAMD-16707,train,negative
PAMD-16708,train,negative
PAMD-16709,train,negative
PAMD-16710,test,negative
PAMD-16711,train,negative
PAMD-16712,train,negative
PAMD-16713,train,negative
PAMD-16714,train,negative
PAMD-16715,train,negative
PAMD-16716,train,negative
PAMD-16717,test,negative
PAMD-16718,train,negative
PAMD-16719,train,negative
PAMD-16720,train,negative
PAMD-16721,train,negative
PAMD-16722,train,negative
PAMD-16723,train,negative
PAMD-16724,train,negative
PAMD-16725,train,negative
PAMD-16726,train,negative
PAMD-16727,train,negative
PAMD-16728,train,negative
PAMD-16729,train,negative
PAMD-16730,train,negative
PAMD-16731,train,negative
PAMD-16732,train,negative
PAMD-16733,train,negative
PAMD-16734,train,negative
PAMD-16735,train,negative
PAMD-16736,train,negative
PAMD-16737,train,negative
PAMD-16738,train,negative
PAMD-16739,train,negative
PAMD-16740,train,negative
PAMD-16741,train,negative
PAMD-16742,train,negative
PAMD-16743,test,negative
PAMD-16744,train,negative
PAMD-16745,train,negative
PAMD-16746,train,negative
PAMD-16747,train,negative
PAMD-16748,train,negative
PAMD-16749,train,negative
PAMD-16750,train,negative
PAMD-16751,train,negative
PAMD-16752,train,negative
PAMD-16753,train,negative
PAMD-16754,train,negative
PAMD-16755,train,negative
PAMD-16756,train,negative
PAMD-16757,train,negative
PAMD-16758,train,negative
PAMD-16759,train,negative
PAMD-16760,train,negative
PAMD-16761,train,negative
PAMD-16762,train,negative
PAMD-16763,train,negative
PAMD-16764,train,negative
PAMD-16765,test,negative
PAMD-16766,train,negative
PAMD-16767,train,negative
PAMD-16768,train,negative
PAMD-16769,train,negative
PAMD-16770,train,negative
PAMD-16771,train,negative
PAMD-16772,train,negative
PAMD-16773,train,negative
PAMD-16774,test,negative
PAMD-16775,train,negative
PAMD-16776,train,negative
PAMD-16777,train,negative
PAMD-16778,train,negative
PAMD-16779,train,negative
PAMD-16780,train,negative
PAMD-16781,train,negative
PAMD-16782,test,negative
PAMD-16783,train,negative
PAMD-16784,train,negative
PAMD-16785,train,negative
PAMD-16786,train,negative
PAMD-16787,train,negative
PAMD-16788,train,negative
PAMD-16789,train,negative
PAMD-16790,train,negative
PAMD-16791,train,negative
PAMD-16792,train,negative
PAMD-16793,test,negative
PAMD-16794,train,negative
PAMD-16795,train,negative
PAMD-16796,train,negative
PAMD-16797,train,negative
PAMD-16798,test,negative
PAMD-16799,train,negative
PAMD-16800,train,negative
PAMD-16801,train,negative
PAMD-16802,train,negative
PAMD-16803,train,negative
PAMD-16804,train,negative
PAMD-16805,train,negative
PAMD-16806,train,negative
PAMD-16807,train,negative
PAMD-16808,train,negative
PAMD-16809,test,negative
PAMD-16810,train,negative
PAMD-16811,train,negative
PAMD-16812,train,negative
PAMD-16813,train,negative
PAMD-16814,train,negative
PAMD-16815,train,negative
PAMD-16816,train,negative
PAMD-16817,train,negative
PAMD-16818,train,negative
PAMD-16819,train,negative
PAMD-16820,train,negative
PAMD-16821,test,negative
PAMD-16822,train,negative
PAMD-16823,train,negative
PAMD-16824,train,negative
PAMD-16825,train,negative
PAMD-16826,train,negative
PAMD-16827,train,negative
PAMD-16828,train,negative
PAMD-16829,train,negative
PAMD-16830,train,negative
PAMD-16831,train,negative
PAMD-16832,train,negative
PAMD-16833,train,negative
PAMD-16834,train,negative
PAMD-16835,train,negative
PAMD-16836,train,negative
PAMD-16837,train,negative
PAMD-16838,train,negative
PAMD-16839,train,negative
PAMD-16840,train,negative
PAMD-16841,train,negative
PAMD-16842,train,negative
PAMD-16843,train,negative
PAMD-16844,train,negative
PAMD-16845,train,negative
PAMD-16846,train,negative
PAMD-16847,test,negative
PAMD-16848,train,negative
PAMD-16849,train,negative
PAMD-16850,train,negative
PAMD-16851,train,negative
PAMD-16852,train,negative
PAMD-16853,test,negative
PAMD-16854,train,negative
PAMD-16855,train,negative
PAMD-16856,test,negative
PAMD-16857,train,negative
PAMD-16858,train,negative
PAMD-16859,train,negative
PAMD-16860,train,negative
PAMD-16861,test,negative
PAMD-16862,train,negative
PAMD-16863,train,negative
PAMD-16864,train,negative
PAMD-16865,train,negative
PAMD-16866,train,negative
PAMD-16867,train,negative
PAMD-16868,train,negative
PAMD-16869,train,negative
PAMD-16870,test,negative
PAMD-16871,test,negative
PAMD-16872,train,negative
PAMD-16873,train,negative
PAMD-16874,train,negative
PAMD-16875,train,negative
PAMD-16876,train,negative
PAMD-16877,train,negative
PAMD-16878,train,negative
PAMD-16879,train,negative
PAMD-16880,train,negative
PAMD-16881,train,negative
PAMD-16882,train,negative
PAMD-16883,train,negative
PAMD-16884,train,negative
PAMD-16885,train,negative
PAMD-16886,train,negative
PAMD-16887,train,negative
PAMD-16888,train,negative
PAMD-16889,train,negative
PAMD-16890,train,negative
PAMD-16891,train,negative
PAMD-16892,test,negative
PAMD-16893,test,negative
PAMD-16894,train,negative
PAMD-16895,train,negative
PAMD-16896,train,negative
PAMD-16897,train,negative
PAMD-16898,train,negative
PAMD-16899,train,negative
PAMD-16900,train,negative
PAMD-16901,test,negative
PAMD-16902,train,negative
PAMD-16903,train,negative
PAMD-16904,train,negative
PAMD-16905,train,negative
PAMD-16906,train,negative
PAMD-16907,train,negative
PAMD-16908,train,negative
PAMD-16909,train,negative
PAMD-16910,train,negative
PAMD-16911,test,negative
PAMD-16912,train,negative
PAMD-16913,train,negative
PAMD-16914,train,negative
PAMD-16915,train,negative
PAMD-16916,train,negative
PAMD-16917,train,negative
PAMD-16918,train,negative
PAMD-16919,train,negative
PAMD-16920,train,negative
PAMD-16921,train,negative
PAMD-16922,train,negative
PAMD-16923,train,negative
PAMD-16924,train,negative
PAMD-16925,train,negative
PAMD-16926,train,negative
PAMD-16927,train,negative
PAMD-16928,train,negative
PAMD-16929,train,negative
PAMD-16930,train,negative
PAMD-16931,train,negative
PAMD-16932,train,negative
PAMD-16933,test,negative
PAMD-16934,train,negative
PAMD-16935,train,negative
PAMD-16936,train,negative
PAMD-16937,train,negative
PAMD-16938,train,negative
PAMD-16939,train,negative
PAMD-16940,train,negative
PAMD-16941,train,negative
PAMD-16942,train,negative
PAMD-16943,train,negative
PAMD-16944,train,negative
PAMD-16945,train,negative
PAMD-16946,train,negative
PAMD-16947,train,negative
PAMD-16948,train,negative
PAMD-16949,train,negative
PAMD-16950,train,negative
PAMD-16951,train,negative
PAMD-16952,train,negative
PAMD-16953,train,negative
PAMD-16954,train,negative
PAMD-16955,train,negative
PAMD-16956,test,negative
PAMD-16957,train,negative
PAMD-16958,test,negative
PAMD-16959,train,negative
PAMD-16960,train,negative
PAMD-16961,test,negative
PAMD-16962,train,negative
PAMD-16963,train,negative
PAMD-16964,train,negative
PAMD-16965,train,negative
PAMD-16966,train,negative
PAMD-16967,train,negative
PAMD-16968,train,negative
PAMD-16969,train,negative
PAMD-16970,train,negative
PAMD-16971,train,negative
PAMD-16972,train,negative
PAMD-16973,train,negative
PAMD-16974,train,negative
PAMD-16975,train,negative
PAMD-16976,train,negative
PAMD-16977,train,negative
PAMD-16978,train,negative
PAMD-16979,train,negative
PAMD-16980,train,negative
PAMD-16981,train,negative
PAMD-16982,train,negative
PAMD-16983,train,negative
PAMD-16984,train,negative
PAMD-16985,train,negative
PAMD-16986,test,negative
PAMD-16987,train,negative
PAMD-16988,train,negative
PAMD-16989,train,negative
PAMD-16990,train,negative
PAMD-16991,train,negative
PAMD-16992,train,negative
PAMD-16993,train,negative
PAMD-16994,train,negative
PAMD-16995,train,negative
PAMD-16996,train,negative
PAMD-16997,train,negative
PAMD-16998,train,negative
PAMD-16999,train,negative
PAMD-17000,train,negative
PAMD-17001,train,negative
PAMD-17002,train,negative
PAMD-17003,train,negative
PAMD-17004,train,negative
PAMD-17005,test,negative
PAMD-17006,train,negative
PAMD-17007,test,negative
PAMD-17008,train,negative
PAMD-17009,train,negative
PAMD-17010,train,negative
PAMD-17011,train,negative
PAMD-17012,test,negative
PAMD-17013,train,negative
PAMD-17014,train,negative
PAMD-17015,train,negative
PAMD-17016,train,negative
PAMD-17017,train,negative
PAMD-17018,test,negative
PAMD-17019,test,negative
PAMD-17020,train,negative
PAMD-17021,train,negative
PAMD-17022,test,negative
PAMD-17023,train,negative
PAMD-17024,train,negative
PAMD-17025,train,negative
PAMD-17026,train,negative
PAMD-17027,train,negative
PAMD-17028,train,negative
PAMD-17029,train,negative
PAMD-17030,train,negative
PAMD-17031,train,negative
PAMD-17032,train,negative
PAMD-17033,train,negative
PAMD-17034,train,negative
PAMD-17035,train,negative
PAMD-17036,train,negative
PAMD-17037,train,negative
PAMD-17038,train,negative
PAMD-17039,train,negative
PAMD-17040,train,negative
PAMD-17041,train,negative
PAMD-17042,train,negative
PAMD-17043,train,negative
PAMD-17044,train,negative
PAMD-17045,train,negative
PAMD-17046,train,negative
PAMD-17047,train,negative
PAMD-17048,train,negative
PAMD-17049,train,negative
PAMD-17050,train,negative
PAMD-17051,train,negative
PAMD-17052,test,negative
PAMD-17053,train,negative
PAMD-17054,test,negative
PAMD-17055,train,negative
PAMD-17056,train,negative
PAMD-17057,train,negative
PAMD-17058,train,negative
PAMD-17059,train,negative
PAMD-17060,train,negative
PAMD-17061,train,negative
PAMD-17062,train,negative
PAMD-17063,train,negative
PAMD-17064,train,negative
PAMD-17065,train,negative
PAMD-17066,train,negative
PAMD-17067,train,negative
PAMD-17068,train,negative
PAMD-17069,train,negative
PAMD-17070,train,negative
PAMD-17071,train,negative
PAMD-17072,test,negative
PAMD-17073,train,negative
PAMD-17074,train,negative
PAMD-17075,train,negative
PAMD-17076,train,negative
PAMD-17077,test,negative
PAMD-17078,train,negative
PAMD-17079,train,negative
PAMD-17080,train,negative
PAMD-17081,train,negative
PAMD-17082,train,negative
PAMD-17083,train,negative
PAMD-17084,train,negative
PAMD-17085,train,negative
PAMD-17086,train,negative
PAMD-17087,train,negative
PAMD-17088,train,negative
PAMD-17089,train,negative
PAMD-17090,train,negative
PAMD-17091,train,negative
PAMD-17092,test,negative
PAMD-17093,train,negative
PAMD-17094,train,negative
PAMD-17095,train,negative
PAMD-17096,train,negative
PAMD-17097,train,negative
PAMD-17098,train,negative
PAMD-17099,train,negative
PAMD-17100,train,negative
PAMD-17101,train,negative
PAMD-17102,train,negative
PAMD-17103,train,negative
PAMD-17104,train,negative
PAMD-17105,train,negative
PAMD-17106,train,negative
PAMD-17107,train,negative
PAMD-17108,train,negative
PAMD-17109,train,negative
PAMD-17110,train,negative
PAMD-17111,train,negative
PAMD-17112,train,negative
PAMD-17113,train,negative
PAMD-17114,test,negative
PAMD-17115,train,negative
PAMD-17116,train,negative
PAMD-17117,train,negative
PAMD-17118,test,negative
PAMD-17119,train,negative
PAMD-17120,train,negative
PAMD-17121,train,negative
PAMD-17122,train,negative
PAMD-17123,train,negative
PAMD-17124,train,negative
PAMD-17125,train,negative
PAMD-17126,test,negative
PAMD-17127,train,negative
PAMD-17128,train,negative
PAMD-17129,train,negative
PAMD-17130,train,negative
PAMD-17131,train,negative
PAMD-17132,train,negative
PAMD-17133,train,negative
PAMD-17134,train,negative
PAMD-17135,train,negative
PAMD-17136,train,negative
PAMD-17137,train,negative
PAMD-17138,train,negative
PAMD-17139,train,negative
PAMD-17140,train,negative
PAMD-17141,train,negative
PAMD-17142,train,negative
PAMD-17143,train,negative
PAMD-17144,train,negative
PAMD-17145,train,negative
PAMD-17146,train,negative
PAMD-17147,train,negative
PAMD-17148,train,negative
PAMD-17149,train,negative
PAMD-17150,train,negative
PAMD-17151,train,negative
PAMD-17152,train,negative
PAMD-17153,train,negative
PAMD-17154,train,negative
PAMD-17155,train,negative
PAMD-17156,test,negative
PAMD-17157,train,negative
PAMD-17158,train,negative
PAMD-17159,train,negative
PAMD-17160,train,negative
PAMD-17161,train,negative
PAMD-17162,train,negative
PAMD-17163,train,negative
PAMD-17164,train,negative
PAMD-17165,train,negative
PAMD-17166,train,negative
PAMD-17167,test,negative
PAMD-17168,train,negative
PAMD-17169,train,negative
PAMD-17170,train,negative
PAMD-17171,train,negative
PAMD-17172,train,negative
PAMD-17173,train,negative
PAMD-17174,train,negative
PAMD-17175,train,negative
PAMD-17176,train,negative
PAMD-17177,test,negative
PAMD-17178,train,negative
PAMD-17179,train,negative
PAMD-17180,train,negative
PAMD-17181,train,negative
PAMD-17182,train,negative
PAMD-17183,train,negative
PAMD-17184,train,negative
PAMD-17185,train,negative
PAMD-17186,train,negative
PAMD-17187,train,negative
PAMD-17188,train,negative
PAMD-17189,train,negative
PAMD-17190,train,negative
PAMD-17191,train,negative
PAMD-17192,train,negative
PAMD-17193,test,negative
PAMD-17194,test,negative
PAMD-17195,train,negative
PAMD-17196,train,negative
PAMD-17197,train,negative
PAMD-17198,train,negative
PAMD-17199,train,negative
PAMD-17200,train,negative
PAMD-17201,train,negative
PAMD-17202,train,negative
PAMD-17203,train,negative
PAMD-17204,train,negative
PAMD-17205,train,negative
PAMD-17206,train,negative
PAMD-17207,train,negative
PAMD-17208,train,negative
PAMD-17209,train,negative
PAMD-17210,train,negative
PAMD-17211,train,negative
PAMD-17212,train,negative
PAMD-17213,train,negative
PAMD-17214,train,negative
PAMD-17215,train,negative
PAMD-17216,train,negative
PAMD-17217,train,negative
PAMD-17218,train,negative
PAMD-17219,train,negative
PAMD-17220,train,negative
PAMD-17221,train,negative
PAMD-17222,train,negative
PAMD-17223,test,negative
PAMD-17224,train,negative
PAMD-17225,train,negative
PAMD-17226,train,negative
PAMD-17227,train,negative
PAMD-17228,train,negative
PAMD-17229,train,negative
PAMD-17230,test,negative
PAMD-17231,train,negative
PAMD-17232,test,negative
PAMD-17233,train,negative
PAMD-17234,train,negative
PAMD-17235,train,negative
PAMD-17236,train,negative
PAMD-17237,train,negative
PAMD-17238,train,negative
PAMD-17239,train,negative
PAMD-17240,train,negative
PAMD-17241,train,negative
PAMD-17242,train,negative
PAMD-17243,train,negative
PAMD-17244,test,negative
PAMD-17245,train,negative
PAMD-17246,train,negative
PAMD-17247,train,negative
PAMD-17248,test,negative
PAMD-17249,train,negative
PAMD-17250,train,negative
PAMD-17251,train,negative
PAMD-17252,train,negative
PAMD-17253,train,negative
PAMD-17254,train,negative
PAMD-17255,train,negative
PAMD-17256,train,negative
PAMD-17257,train,negative
PAMD-17258,train,negative
PAMD-17259,test,negative
PAMD-17260,train,negative
PAMD-17261,test,negative
PAMD-17262,train,negative
PAMD-17263,train,negative
PAMD-17264,train,negative
PAMD-17265,train,negative
PAMD-17266,train,negative
PAMD-17267,train,negative
PAMD-17268,test,negative
PAMD-17269,train,negative
PAMD-17270,test,negative
PAMD-17271,train,negative
PAMD-17272,train,negative
PAMD-17273,train,negative
PAMD-17274,train,negative
PAMD-17275,train,negative
PAMD-17276,train,negative
PAMD-17277,test,negative
PAMD-17278,train,negative
PAMD-17279,train,negative
PAMD-17280,train,negative
PAMD-17281,train,negative
PAMD-17282,train,negative
PAMD-17283,train,negative
PAMD-17284,train,negative
PAMD-17285,train,negative
PAMD-17286,train,negative
PAMD-17287,train,negative
PAMD-17288,test,negative
PAMD-17289,train,negative
PAMD-17290,train,negative
PAMD-17291,train,negative
PAMD-17292,train,negative
PAMD-17293,train,negative
PAMD-17294,train,negative
PAMD-17295,train,negative
PAMD-17296,train,negative
PAMD-17297,train,negative
PAMD-17298,train,negative
PAMD-17299,test,negative
PAMD-17300,train,negative
PAMD-17301,test,negative
PAMD-17302,test,negative
PAMD-17303,train,negative
PAMD-17304,train,negative
PAMD-17305,test,negative
PAMD-17306,train,negative
PAMD-17307,train,negative
PAMD-17308,train,negative
PAMD-17309,train,negative
PAMD-17310,train,negative
PAMD-17311,train,negative
PAMD-17312,train,negative
PAMD-17313,train,negative
PAMD-17314,train,negative
PAMD-17315,train,negative
PAMD-17316,train,negative
PAMD-17317,test,negative
PAMD-17318,train,negative
PAMD-17319,train,negative
PAMD-17320,train,negative
PAMD-17321,train,negative
PAMD-17322,train,negative
PAMD-17323,train,negative
PAMD-17324,train,negative
PAMD-17325,train,negative
PAMD-17326,train,negative
PAMD-17327,train,negative
PAMD-17328,train,negative
PAMD-17329,train,negative
PAMD-17330,train,negative
PAMD-17331,train,negative
PAMD-17332,train,negative
PAMD-17333,train,negative
PAMD-17334,train,negative
PAMD-17335,train,negative
PAMD-17336,train,negative
PAMD-17337,train,negative
PAMD-17338,train,negative
PAMD-17339,train,negative
PAMD-17340,train,negative
PAMD-17341,train,negative
PAMD-17342,train,negative
PAMD-17343,train,negative
PAMD-17344,train,negative
PAMD-17345,train,negative
PAMD-17346,train,negative
PAMD-17347,train,negative
PAMD-17348,train,negative
PAMD-17349,train,negative
PAMD-17350,test,negative
PAMD-17351,train,negative
PAMD-17352,train,negative
PAMD-17353,train,negative
PAMD-17354,train,negative
PAMD-17355,train,negative
PAMD-17356,train,negative
PAMD-17357,train,negative
PAMD-17358,train,negative
PAMD-17359,train,negative
PAMD-17360,train,negative
PAMD-17361,train,negative
PAMD-17362,train,negative
PAMD-17363,train,negative
PAMD-17364,train,negative
PAMD-17365,train,negative
PAMD-17366,train,negative
PAMD-17367,train,negative
PAMD-17368,train,negative
PAMD-17369,train,negative
PAMD-17370,train,negative
PAMD-17371,train,negative
PAMD-17372,train,negative
PAMD-17373,train,negative
PAMD-17374,train,negative
PAMD-17375,test,negative
PAMD-17376,train,negative
PAMD-17377,train,negative
PAMD-17378,train,negative
PAMD-17379,train,negative
PAMD-17380,train,negative
PAMD-17381,train,negative
PAMD-17382,train,negative
PAMD-17383,train,negative
PAMD-17384,train,negative
PAMD-17385,train,negative
PAMD-17386,train,negative
PAMD-17387,train,negative
PAMD-17388,test,negative
PAMD-17389,train,negative
PAMD-17390,train,negative
PAMD-17391,train,negative
PAMD-17392,train,negative
PAMD-17393,train,negative
PAMD-17394,train,negative
PAMD-17395,train,negative
PAMD-17396,train,negative
PAMD-17397,test,negative
PAMD-17398,train,negative
PAMD-17399,train,negative
PAMD-17400,train,negative
PAMD-17401,train,negative
PAMD-17402,train,negative
PAMD-17403,train,negative
PAMD-17404,train,negative
PAMD-17405,train,negative
PAMD-17406,train,negative
PAMD-17407,train,negative
PAMD-17408,test,negative
PAMD-17409,train,negative
PAMD-17410,train,negative
PAMD-17411,train,negative
PAMD-17412,train,negative
PAMD-17413,train,negative
PAMD-17414,train,negative
PAMD-17415,train,negative
PAMD-17416,train,negative
PAMD-17417,train,negative
PAMD-17418,train,negative
PAMD-17419,train,negative
PAMD-17420,train,negative
PAMD-17421,test,negative
PAMD-17422,train,negative
PAMD-17423,train,negative
PAMD-17424,train,negative
PAMD-17425,test,negative
PAMD-17426,train,negative
PAMD-17427,train,negative
PAMD-17428,train,negative
PAMD-17429,train,negative
PAMD-17430,train,negative
PAMD-17431,train,negative
PAMD-17432,train,negative
PAMD-17433,train,negative
PAMD-17434,train,negative
PAMD-17435,train,negative
PAMD-17436,train,negative
PAMD-17437,train,negative
PAMD-17438,train,negative
PAMD-17439,test,negative
PAMD-17440,train,negative
PAMD-17441,train,negative
PAMD-17442,train,negative
PAMD-17443,train,negative
PAMD-17444,train,negative
PAMD-17445,test,negative
PAMD-17446,test,negative
PAMD-17447,train,negative
PAMD-17448,train,negative
PAMD-17449,train,negative
PAMD-17450,train,negative
PAMD-17451,train,negative
PAMD-17452,train,negative
PAMD-17453,train,negative
PAMD-17454,test,negative
PAMD-17455,train,negative
PAMD-17456,train,negative
PAMD-17457,train,negative
PAMD-17458,train,negative
PAMD-17459,train,negative
PAMD-17460,train,negative
PAMD-17461,test,negative
PAMD-17462,train,negative
PAMD-17463,train,negative
PAMD-17464,train,negative
PAMD-17465,test,negative
PAMD-17466,train,negative
PAMD-17467,train,negative
PAMD-17468,train,negative
PAMD-17469,train,negative
PAMD-17470,test,negative
PAMD-17471,train,negative
PAMD-17472,train,negative
PAMD-17473,train,negative
PAMD-17474,train,negative
PAMD-17475,train,negative
PAMD-17476,train,negative
PAMD-17477,train,negative
PAMD-17478,train,negative
PAMD-17479,train,negative
PAMD-17480,train,negative
PAMD-17481,train,negative
PAMD-17482,train,negative
PAMD-17483,train,negative
PAMD-17484,train,negative
PAMD-17485,train,negative
PAMD-17486,train,negative
PAMD-17487,train,negative
PAMD-17488,train,negative
PAMD-17489,train,negative
PAMD-17490,train,negative
PAMD-17491,test,negative
PAMD-17492,train,negative
PAMD-17493,train,negative
PAMD-17494,train,negative
PAMD-17495,train,negative
PAMD-17496,test,negative
PAMD-17497,train,negative
PAMD-17498,train,negative
PAMD-17499,train,negative
PAMD-17500,train,negative
PAMD-17501,train,negative
PAMD-17502,train,negative
PAMD-17503,train,negative
PAMD-17504,train,negative
PAMD-17505,train,negative
PAMD-17506,train,negative
PAMD-17507,train,negative
PAMD-17508,train,negative
PAMD-17509,train,negative
PAMD-17510,test,negative
PAMD-17511,train,negative
PAMD-17512,test,negative
PAMD-17513,train,negative
PAMD-17514,train,negative
PAMD-17515,train,negative
PAMD-17516,train,negative
PAMD-17517,train,negative
PAMD-17518,train,negative
PAMD-17519,train,negative
PAMD-17520,train,negative
PAMD-17521,train,negative
PAMD-17522,train,negative
PAMD-17523,train,negative
PAMD-17524,train,negative
PAMD-17525,test,negative
PAMD-17526,test,negative
PAMD-17527,test,negative
PAMD-17528,train,negative
PAMD-17529,test,negative
PAMD-17530,train,negative
PAMD-17531,train,negative
PAMD-17532,train,negative
PAMD-17533,train,negative
PAMD-17534,train,negative
PAMD-17535,train,negative
PAMD-17536,train,negative
PAMD-17537,train,negative
PAMD-17538,train,negative
PAMD-17539,train,negative
PAMD-17540,train,negative
PAMD-17541,train,negative
PAMD-17542,train,negative
PAMD-17543,test,negative
PAMD-17544,train,negative
PAMD-17545,train,negative
PAMD-17546,train,negative
PAMD-17547,train,negative
PAMD-17548,train,negative
PAMD-17549,train,negative
PAMD-17550,train,negative
PAMD-17551,train,negative
PAMD-17552,train,negative
PAMD-17553,train,negative
PAMD-17554,train,negative
PAMD-17555,train,negative
PAMD-17556,train,negative
PAMD-17557,train,negative
PAMD-17558,train,negative
PAMD-17559,train,negative
PAMD-17560,test,negative
PAMD-17561,train,negative
PAMD-17562,train,negative
PAMD-17563,train,negative
PAMD-17564,train,negative
PAMD-17565,train,negative
PAMD-17566,test,negative
PAMD-17567,train,negative
PAMD-17568,train,negative
PAMD-17569,train,negative
PAMD-17570,train,negative
PAMD-17571,train,negative
PAMD-17572,train,negative
PAMD-17573,train,negative
PAMD-17574,train,negative
PAMD-17575,train,negative
PAMD-17576,train,negative
PAMD-17577,train,negative
PAMD-17578,train,negative
PAMD-17579,train,negative
PAMD-17580,train,negative
PAMD-17581,train,negative
PAMD-17582,train,negative
PAMD-17583,train,negative
PAMD-17584,train,negative
PAMD-17585,train,negative
PAMD-17586,train,negative
PAMD-17587,train,negative
PAMD-17588,train,negative
PAMD-17589,train,negative
PAMD-17590,train,negative
PAMD-17591,train,negative
PAMD-17592,train,negative
PAMD-17593,train,negative
PAMD-17594,train,negative
PAMD-17595,train,negative
PAMD-17596,train,negative
PAMD-17597,train,negative
PAMD-17598,train,negative
PAMD-17599,train,negative
PAMD-17600,train,negative
PAMD-17601,train,negative
PAMD-17602,train,negative
PAMD-17603,train,negative
PAMD-17604,test,negative
PAMD-17605,train,negative
PAMD-17606,train,negative
PAMD-17607,test,negative
PAMD-17608,train,negative
PAMD-17609,train,negative
PAMD-17610,train,negative
PAMD-17611,train,negative
PAMD-17612,train,negative
PAMD-17613,train,negative
PAMD-17614,train,negative
PAMD-17615,train,negative
PAMD-17616,train,negative
PAMD-17617,train,negative
PAMD-17618,test,negative
PAMD-17619,train,negative
PAMD-17620,train,negative
PAMD-17621,train,negative
PAMD-17622,train,negative
PAMD-17623,train,negative
PAMD-17624,train,negative
PAMD-17625,train,negative
PAMD-17626,train,negative
PAMD-17627,train,negative
PAMD-17628,train,negative
PAMD-17629,train,negative
PAMD-17630,train,negative
PAMD-17631,train,negative
PAMD-17632,train,negative
PAMD-17633,train,negative
PAMD-17634,train,negative
PAMD-17635,test,negative
PAMD-17636,train,negative
PAMD-17637,train,negative
PAMD-17638,train,negative
PAMD-17639,train,negative
PAMD-17640,train,negative
PAMD-17641,train,negative
PAMD-17642,train,negative
PAMD-17643,train,negative
PAMD-17644,train,negative
PAMD-17645,train,negative
PAMD-17646,train,negative
PAMD-17647,train,negative
PAMD-17648,train,negative
PAMD-17649,train,negative
PAMD-17650,train,negative
PAMD-17651,train,negative
PAMD-17652,train,negative
PAMD-17653,test,negative
PAMD-17654,train,negative
PAMD-17655,train,negative
PAMD-17656,train,negative
PAMD-17657,train,negative
PAMD-17658,train,negative
PAMD-17659,train,negative
PAMD-17660,train,negative
PAMD-17661,train,negative
PAMD-17662,train,negative
PAMD-17663,train,negative
PAMD-17664,train,negative
PAMD-17665,train,negative
PAMD-17666,train,negative
PAMD-17667,test,negative
PAMD-17668,test,negative
PAMD-17669,train,negative
PAMD-17670,train,negative
PAMD-17671,train,negative
PAMD-17672,test,negative
PAMD-17673,train,negative
PAMD-17674,train,negative
PAMD-17675,test,negative
PAMD-17676,train,negative
PAMD-17677,train,negative
PAMD-17678,train,negative
PAMD-17679,train,negative
PAMD-17680,train,negative
PAMD-17681,train,negative
PAMD-17682,train,negative
PAMD-17683,train,negative
PAMD-17684,train,negative
PAMD-17685,train,negative
PAMD-17686,train,negative
PAMD-17687,train,negative
PAMD-17688,train,negative
PAMD-17689,train,negative
PAMD-17690,train,negative
PAMD-17691,train,negative
PAMD-17692,train,negative
PAMD-17693,train,negative
PAMD-17694,train,negative
PAMD-17695,train,negative
PAMD-17696,train,negative
PAMD-17697,train,negative
PAMD-17698,train,negative
PAMD-17699,train,negative
PAMD-17700,train,negative
PAMD-17701,train,negative
PAMD-17702,test,negative
PAMD-17703,train,negative
PAMD-17704,train,negative
PAMD-17705,test,negative
PAMD-17706,train,negative
PAMD-17707,test,negative
PAMD-17708,train,negative
PAMD-17709,train,negative
PAMD-17710,train,negative
PAMD-17711,train,negative
PAMD-17712,train,negative
PAMD-17713,train,negative
PAMD-17714,train,negative
PAMD-17715,train,negative
PAMD-17716,train,negative
PAMD-17717,train,negative
PAMD-17718,train,negative
PAMD-17719,train,negative
PAMD-17720,train,negative
PAMD-17721,train,negative
PAMD-17722,train,negative
PAMD-17723,train,negative
PAMD-17724,train,negative
PAMD-17725,train,negative
PAMD-17726,train,negative
PAMD-17727,test,negative
PAMD-17728,train,negative
PAMD-17729,train,negative
PAMD-17730,test,negative
PAMD-17731,train,negative
PAMD-17732,train,negative
PAMD-17733,train,negative
PAMD-17734,train,negative
PAMD-17735,train,negative
PAMD-17736,train,negative
PAMD-17737,train,negative
PAMD-17738,train,negative
PAMD-17739,train,negative
PAMD-17740,train,negative
PAMD-17741,train,negative
PAMD-17742,train,negative
PAMD-17743,train,negative
PAMD-17744,train,negative
PAMD-17745,train,negative
PAMD-17746,train,negative
PAMD-17747,train,negative
PAMD-17748,train,negative
PAMD-17749,train,negative
PAMD-17750,train,negative
PAMD-17751,train,negative
PAMD-17752,train,negative
PAMD-17753,train,negative
PAMD-17754,train,negative
PAMD-17755,train,negative
PAMD-17756,train,negative
PAMD-17757,train,negative
PAMD-17758,train,negative
PAMD-17759,test,negative
PAMD-17760,train,negative
PAMD-17761,train,negative
PAMD-17762,train,negative
PAMD-17763,train,negative
PAMD-17764,train,negative
PAMD-17765,test,negative
PAMD-17766,train,negative
PAMD-17767,train,negative
PAMD-17768,train,negative
PAMD-17769,train,negative
PAMD-17770,train,negative
PAMD-17771,train,negative
PAMD-17772,train,negative
PAMD-17773,train,negative
PAMD-17774,train,negative
PAMD-17775,train,negative
PAMD-17776,train,negative
PAMD-17777,train,negative
PAMD-17778,train,negative
PAMD-17779,train,negative
PAMD-17780,test,negative
PAMD-17781,train,negative
PAMD-17782,train,negative
PAMD-17783,train,negative
PAMD-17784,train,negative
PAMD-17785,train,negative
PAMD-17786,train,negative
PAMD-17787,train,negative
PAMD-17788,train,negative
PAMD-17789,train,negative
PAMD-17790,train,negative
PAMD-17791,train,negative
PAMD-17792,train,negative
PAMD-17793,train,negative
PAMD-17794,train,negative
PAMD-17795,train,negative
PAMD-17796,test,negative
PAMD-17797,train,negative
PAMD-17798,train,negative
PAMD-17799,train,negative
PAMD-17800,train,negative
PAMD-17801,train,negative
PAMD-17802,train,negative
PAMD-17803,train,negative
PAMD-17804,train,negative
PAMD-17805,train,negative
PAMD-17806,train,negative
PAMD-17807,train,negative
PAMD-17808,train,negative
PAMD-17809,train,negative
PAMD-17810,train,negative
PAMD-17811,train,negative
PAMD-17812,train,negative
PAMD-17813,train,negative
PAMD-17814,train,negative
PAMD-17815,test,negative
PAMD-17816,train,negative
PAMD-17817,train,negative
PAMD-17818,train,negative
PAMD-17819,train,negative
PAMD-17820,test,negative
PAMD-17821,train,negative
PAMD-17822,train,negative
PAMD-17823,train,negative
PAMD-17824,train,negative
PAMD-17825,train,negative
PAMD-17826,train,negative
PAMD-17827,train,negative
PAMD-17828,train,negative
PAMD-17829,train,negative
PAMD-17830,train,negative
PAMD-17831,train,negative
PAMD-17832,train,negative
PAMD-17833,train,negative
PAMD-17834,train,negative
PAMD-17835,test,negative
PAMD-17836,test,negative
PAMD-17837,train,negative
PAMD-17838,train,negative
PAMD-17839,train,negative
PAMD-17840,train,negative
PAMD-17841,train,negative
PAMD-17842,train,negative
PAMD-17843,train,negative
PAMD-17844,train,negative
PAMD-17845,train,negative
PAMD-17846,train,negative
PAMD-17847,train,negative
PAMD-17848,train,negative
PAMD-17849,train,negative
PAMD-17850,train,negative
PAMD-17851,train,negative
PAMD-17852,train,negative
PAMD-17853,train,negative
PAMD-17854,train,negative
PAMD-17855,train,negative
PAMD-17856,test,negative
PAMD-17857,train,negative
PAMD-17858,train,negative
PAMD-17859,train,negative
PAMD-17860,train,negative
PAMD-17861,train,negative
PAMD-17862,train,negative
PAMD-17863,train,negative
PAMD-17864,train,negative
PAMD-17865,train,negative
PAMD-17866,train,negative
PAMD-17867,train,negative
PAMD-17868,train,negative
PAMD-17869,train,negative
PAMD-17870,train,negative
PAMD-17871,train,negative
PAMD-17872,train,negative
PAMD-17873,train,negative
PAMD-17874,train,negative
PAMD-17875,train,negative
PAMD-17876,train,negative
PAMD-17877,train,negative
PAMD-17878,train,negative
PAMD-17879,train,negative
PAMD-17880,train,negative
PAMD-17881,train,negative
PAMD-17882,train,negative
PAMD-17883,train,negative
PAMD-17884,train,negative
PAMD-17885,train,negative
PAMD-17886,train,negative
PAMD-17887,train,negative
PAMD-17888,train,negative
PAMD-17889,train,negative
PAMD-17890,train,negative
PAMD-17891,train,negative
PAMD-17892,train,negative
PAMD-17893,test,negative
PAMD-17894,train,negative
PAMD-17895,train,negative
PAMD-17896,train,negative
PAMD-17897,train,negative
PAMD-17898,train,negative
PAMD-17899,train,negative
PAMD-17900,test,negative
PAMD-17901,train,negative
PAMD-17902,train,negative
PAMD-17903,train,negative
PAMD-17904,train,negative
PAMD-17905,train,negative
PAMD-17906,train,negative
PAMD-17907,train,negative
PAMD-17908,train,negative
PAMD-17909,train,negative
PAMD-17910,train,negative
PAMD-17911,train,negative
PAMD-17912,train,negative
PAMD-17913,train,negative
PAMD-17914,test,negative
PAMD-17915,train,negative
PAMD-17916,train,negative
PAMD-17917,train,negative
PAMD-17918,train,negative
PAMD-17919,train,negative
PAMD-17920,train,negative
PAMD-17921,train,negative
PAMD-17922,train,negative
PAMD-17923,train,negative
PAMD-17924,train,negative
PAMD-17925,train,negative
PAMD-17926,train,negative
PAMD-17927,train,negative
PAMD-17928,train,negative
PAMD-17929,train,negative
PAMD-17930,train,negative
PAMD-17931,train,negative
PAMD-17932,train,negative
PAMD-17933,train,negative
PAMD-17934,train,negative
PAMD-17935,train,negative
PAMD-17936,train,negative
PAMD-17937,train,negative
PAMD-17938,train,negative
PAMD-17939,train,negative
PAMD-17940,train,negative
PAMD-17941,train,negative
PAMD-17942,train,negative
PAMD-17943,train,negative
PAMD-17944,test,negative
PAMD-17945,train,negative
PAMD-17946,train,negative
PAMD-17947,train,negative
PAMD-17948,train,negative
PAMD-17949,train,negative
PAMD-17950,train,negative
PAMD-17951,test,negative
PAMD-17952,train,negative
PAMD-17953,train,negative
PAMD-17954,train,negative
PAMD-17955,train,negative
PAMD-17956,train,negative
PAMD-17957,train,negative
PAMD-17958,train,negative
PAMD-17959,train,negative
PAMD-17960,test,negative
PAMD-17961,train,negative
PAMD-17962,train,negative
PAMD-17963,train,negative
PAMD-17964,train,negative
PAMD-17965,train,negative
PAMD-17966,train,negative
PAMD-17967,train,negative
PAMD-17968,train,negative
PAMD-17969,train,negative
PAMD-17970,train,negative
PAMD-17971,train,negative
PAMD-17972,train,negative
PAMD-17973,train,negative
PAMD-17974,train,negative
PAMD-17975,train,negative
PAMD-17976,train,negative
PAMD-17977,train,negative
PAMD-17978,train,negative
PAMD-17979,train,negative
PAMD-17980,train,negative
PAMD-17981,train,negative
PAMD-17982,train,negative
PAMD-17983,train,negative
PAMD-17984,train,negative
PAMD-17985,train,negative
PAMD-17986,train,negative
PAMD-17987,train,negative
PAMD-17988,train,negative
PAMD-17989,train,negative
PAMD-17990,train,negative
PAMD-17991,train,negative
PAMD-17992,train,negative
PAMD-17993,train,negative
PAMD-17994,train,negative
PAMD-17995,train,negative
PAMD-17996,train,negative
PAMD-17997,train,negative
PAMD-17998,train,negative
PAMD-17999,train,negative
PAMD-18000,train,negative
PAMD-18001,train,negative
PAMD-18002,train,negative
PAMD-18003,train,negative
PAMD-18004,train,negative
PAMD-18005,train,negative
PAMD-18006,train,negative
PAMD-18007,train,negative
PAMD-18008,train,negative
PAMD-18009,train,negative
PAMD-18010,train,negative
PAMD-18011,train,negative
PAMD-18012,train,negative
PAMD-18013,train,negative
PAMD-18014,train,negative
PAMD-18015,train,negative
PAMD-18016,train,negative
PAMD-18017,train,negative
PAMD-18018,train,negative
PAMD-18019,train,negative
PAMD-18020,train,negative
PAMD-18021,train,negative
PAMD-18022,train,negative
PAMD-18023,train,negative
PAMD-18024,train,negative
PAMD-18025,train,negative
PAMD-18026,train,negative
PAMD-18027,train,negative
PAMD-18028,train,negative
PAMD-18029,train,negative
PAMD-18030,train,negative
PAMD-18031,train,negative
PAMD-18032,train,negative
PAMD-18033,train,negative
PAMD-18034,train,negative
PAMD-18035,train,negative
PAMD-18036,train,negative
PAMD-18037,train,negative
PAMD-18038,train,negative
PAMD-18039,train,negative
PAMD-18040,train,negative
PAMD-18041,test,negative
PAMD-18042,train,negative
PAMD-18043,train,negative
PAMD-18044,train,negative
PAMD-18045,train,negative
PAMD-18046,train,negative
PAMD-18047,test,negative
PAMD-18048,train,negative
PAMD-18049,train,negative
PAMD-18050,train,negative
PAMD-18051,train,negative
PAMD-18052,train,negative
PAMD-18053,train,negative
PAMD-18054,train,negative
PAMD-18055,train,negative
PAMD-18056,test,negative
PAMD-18057,train,negative
PAMD-18058,train,negative
PAMD-18059,test,negative
PAMD-18060,train,negative
PAMD-18061,train,negative
PAMD-18062,train,negative
PAMD-18063,train,negative
PAMD-18064,train,negative
PAMD-18065,train,negative
PAMD-18066,test,negative
PAMD-18067,train,negative
PAMD-18068,train,negative
PAMD-18069,train,negative
PAMD-18070,train,negative
PAMD-18071,train,negative
PAMD-18072,train,negative
PAMD-18073,test,negative
PAMD-18074,train,negative
PAMD-18075,train,negative
PAMD-18076,train,negative
PAMD-18077,train,negative
PAMD-18078,train,negative
PAMD-18079,train,negative
PAMD-18080,train,negative
PAMD-18081,train,negative
PAMD-18082,train,negative
PAMD-18083,train,negative
PAMD-18084,train,negative
PAMD-18085,test,negative
PAMD-18086,train,negative
PAMD-18087,train,negative
PAMD-18088,train,negative
PAMD-18089,train,negative
PAMD-18090,train,negative
PAMD-18091,train,negative
PAMD-18092,test,negative
PAMD-18093,test,negative
PAMD-18094,train,negative
PAMD-18095,train,negative
PAMD-18096,train,negative
PAMD-18097,train,negative
PAMD-18098,test,negative
PAMD-18099,train,negative
PAMD-18100,train,negative
PAMD-18101,train,negative
PAMD-18102,train,negative
PAMD-18103,test,negative
PAMD-18104,train,negative
PAMD-18105,train,negative
PAMD-18106,train,negative
PAMD-18107,train,negative
PAMD-18108,train,negative
PAMD-18109,train,negative
PAMD-18110,train,negative
PAMD-18111,train,negative
PAMD-18112,train,negative
PAMD-18113,train,negative
PAMD-18114,train,negative
PAMD-18115,train,negative
PAMD-18116,train,negative
PAMD-18117,train,negative
PAMD-18118,train,negative
PAMD-18119,test,negative
PAMD-18120,train,negative
PAMD-18121,test,negative
PAMD-18122,train,negative
PAMD-18123,train,negative
PAMD-18124,train,negative
PAMD-18125,train,negative
PAMD-18126,test,negative
PAMD-18127,train,negative
PAMD-18128,train,negative
PAMD-18129,train,negative
PAMD-18130,train,negative
PAMD-18131,test,negative
PAMD-18132,train,negative
PAMD-18133,train,negative
PAMD-18134,train,negative
PAMD-18135,train,negative
PAMD-18136,train,negative
PAMD-18137,test,negative
PAMD-18138,train,negative
PAMD-18139,train,negative
PAMD-18140,train,negative
PAMD-18141,train,negative
PAMD-18142,train,negative
PAMD-18143,train,negative
PAMD-18144,train,negative
PAMD-18145,train,negative
PAMD-18146,train,negative
PAMD-18147,train,negative
PAMD-18148,train,negative
PAMD-18149,train,negative
PAMD-18150,train,negative
PAMD-18151,train,negative
PAMD-18152,test,negative
PAMD-18153,train,negative
PAMD-18154,train,negative
PAMD-18155,train,negative
PAMD-18156,train,negative
PAMD-18157,test,negative
PAMD-18158,train,negative
PAMD-18159,train,negative
PAMD-18160,train,negative
PAMD-18161,train,negative
PAMD-18162,test,negative
PAMD-18163,train,negative
PAMD-18164,train,negative
PAMD-18165,train,negative
PAMD-18166,train,negative
PAMD-18167,train,negative
PAMD-18168,train,negative
PAMD-18169,train,negative
PAMD-18170,train,negative
PAMD-18171,train,negative
PAMD-18172,train,negative
PAMD-18173,train,negative
PAMD-18174,train,negative
PAMD-18175,train,negative
PAMD-18176,train,negative
PAMD-18177,test,negative
PAMD-18178,train,negative
PAMD-18179,train,negative
PAMD-18180,train,negative
PAMD-18181,train,negative
PAMD-18182,train,negative
PAMD-18183,train,negative
PAMD-18184,train,negative
PAMD-18185,test,negative
PAMD-18186,train,negative
PAMD-18187,train,negative
PAMD-18188,train,negative
PAMD-18189,train,negative
PAMD-18190,test,negative
PAMD-18191,train,negative
PAMD-18192,train,negative
PAMD-18193,train,negative
PAMD-18194,train,negative
PAMD-18195,train,negative
PAMD-18196,train,negative
PAMD-18197,train,negative
PAMD-18198,test,negative
PAMD-18199,train,negative
PAMD-18200,train,negative
PAMD-18201,train,negative
PAMD-18202,train,negative
PAMD-18203,train,negative
PAMD-18204,train,negative
PAMD-18205,train,negative
PAMD-18206,train,negative
PAMD-18207,train,negative
PAMD-18208,train,negative
PAMD-18209,train,negative
PAMD-18210,test,negative
PAMD-18211,train,negative
PAMD-18212,train,negative
PAMD-18213,train,negative
PAMD-18214,train,negative
PAMD-18215,test,negative
PAMD-18216,train,negative
PAMD-18217,test,negative
PAMD-18218,train,negative
PAMD-18219,train,negative
PAMD-18220,train,negative
PAMD-18221,train,negative
PAMD-18222,test,negative
PAMD-18223,train,negative
PAMD-18224,train,negative
PAMD-18225,train,negative
PAMD-18226,train,negative
PAMD-18227,train,negative
PAMD-18228,test,negative
PAMD-18229,train,negative
PAMD-18230,train,negative
PAMD-18231,train,negative
PAMD-18232,train,negative
PAMD-18233,train,negative
PAMD-18234,train,negative
PAMD-18235,train,negative
PAMD-18236,train,negative
PAMD-18237,train,negative
PAMD-18238,train,negative
PAMD-18239,test,negative
PAMD-18240,train,negative
PAMD-18241,train,negative
PAMD-18242,train,negative
PAMD-18243,train,negative
PAMD-18244,train,negative
PAMD-18245,train,negative
PAMD-18246,train,negative
PAMD-18247,train,negative
PAMD-18248,train,negative
PAMD-18249,train,negative
PAMD-18250,train,negative
PAMD-18251,train,negative
PAMD-18252,train,negative
PAMD-18253,train,negative
PAMD-18254,train,negative
PAMD-18255,train,negative
PAMD-18256,train,negative
PAMD-18257,train,negative
PAMD-18258,train,negative
PAMD-18259,test,negative
PAMD-18260,train,negative
PAMD-18261,train,negative
PAMD-18262,train,negative
PAMD-18263,train,negative
PAMD-18264,test,negative
PAMD-18265,train,negative
PAMD-18266,train,negative
PAMD-18267,train,negative
PAMD-18268,train,negative
PAMD-18269,train,negative
PAMD-18270,train,negative
PAMD-18271,train,negative
PAMD-18272,train,negative
PAMD-18273,train,negative
PAMD-18274,train,negative
PAMD-18275,train,negative
PAMD-18276,train,negative
PAMD-18277,train,negative
PAMD-18278,train,negative
PAMD-18279,train,negative
PAMD-18280,train,negative
PAMD-18281,train,negative
PAMD-18282,train,negative
PAMD-18283,train,negative
PAMD-18284,train,negative
PAMD-18285,train,negative
PAMD-18286,train,negative
PAMD-18287,train,negative
PAMD-18288,train,negative
PAMD-18289,test,negative
PAMD-18290,train,negative
PAMD-18291,test,negative
PAMD-18292,train,negative
PAMD-18293,train,negative
PAMD-18294,train,negative
PAMD-18295,train,negative
PAMD-18296,train,negative
PAMD-18297,train,negative
PAMD-18298,train,negative
PAMD-18299,train,negative
PAMD-18300,train,negative
PAMD-18301,train,negative
PAMD-18302,train,negative
PAMD-18303,train,negative
PAMD-18304,train,negative
PAMD-18305,train,negative
PAMD-18306,train,negative
PAMD-18307,train,negative
PAMD-18308,train,negative
PAMD-18309,train,negative
PAMD-18310,train,negative
PAMD-18311,train,negative
PAMD-18312,train,negative
PAMD-18313,train,negative
PAMD-18314,train,negative
PAMD-18315,train,negative
PAMD-18316,train,negative
PAMD-18317,train,negative
PAMD-18318,test,negative
PAMD-18319,train,negative
PAMD-18320,train,negative
PAMD-18321,train,negative
PAMD-18322,train,negative
PAMD-18323,train,negative
PAMD-18324,test,negative
PAMD-18325,train,negative
PAMD-18326,train,negative
PAMD-18327,train,negative
PAMD-18328,train,negative
PAMD-18329,train,negative
PAMD-18330,train,negative
PAMD-18331,train,negative
PAMD-18332,train,negative
PAMD-18333,train,negative
PAMD-18334,train,negative
PAMD-18335,test,negative
PAMD-18336,train,negative
PAMD-18337,train,negative
PAMD-18338,train,negative
PAMD-18339,train,negative
PAMD-18340,train,negative
PAMD-18341,train,negative
PAMD-18342,train,negative
PAMD-18343,train,negative
PAMD-18344,train,negative
PAMD-18345,test,negative
PAMD-18346,train,negative
PAMD-18347,train,negative
PAMD-18348,train,negative
PAMD-18349,train,negative
PAMD-18350,train,negative
PAMD-18351,train,negative
PAMD-18352,train,negative
PAMD-18353,train,negative
PAMD-18354,train,negative
PAMD-18355,train,negative
PAMD-18356,train,negative
PAMD-18357,train,negative
PAMD-18358,train,negative
PAMD-18359,train,negative
PAMD-18360,train,negative
PAMD-18361,train,negative
PAMD-18362,train,negative
PAMD-18363,train,negative
PAMD-18364,train,negative
PAMD-18365,train,negative
PAMD-18366,train,negative
PAMD-18367,train,negative
PAMD-18368,train,negative
PAMD-18369,test,negative
PAMD-18370,train,negative
PAMD-18371,train,negative
PAMD-18372,train,negative
PAMD-18373,train,negative
PAMD-18374,train,negative
PAMD-18375,train,negative
PAMD-18376,train,negative
PAMD-18377,train,negative
PAMD-18378,train,negative
PAMD-18379,train,negative
PAMD-18380,test,negative
PAMD-18381,train,negative
PAMD-18382,train,negative
PAMD-18383,train,negative
PAMD-18384,train,negative
PAMD-18385,train,negative
PAMD-18386,test,negative
PAMD-18387,test,negative
PAMD-18388,test,negative
PAMD-18389,train,negative
PAMD-18390,train,negative
PAMD-18391,train,negative
PAMD-18392,train,negative
PAMD-18393,train,negative
PAMD-18394,train,negative
PAMD-18395,train,negative
PAMD-18396,train,negative
PAMD-18397,train,negative
PAMD-18398,train,negative
PAMD-18399,train,negative
PAMD-18400,train,negative
PAMD-18401,train,negative
PAMD-18402,train,negative
PAMD-18403,train,negative
PAMD-18404,train,negative
PAMD-18405,train,negative
PAMD-18406,test,negative
PAMD-18407,train,negative
PAMD-18408,train,negative
PAMD-18409,train,negative
PAMD-18410,train,negative
PAMD-18411,train,negative
PAMD-18412,train,negative
PAMD-18413,test,negative
PAMD-18414,train,negative
PAMD-18415,train,negative
PAMD-18416,train,negative
PAMD-18417,train,negative
PAMD-18418,train,negative
PAMD-18419,train,negative
PAMD-18420,train,negative
PAMD-18421,train,negative
PAMD-18422,train,negative
PAMD-18423,train,negative
PAMD-18424,train,negative
PAMD-18425,train,negative
PAMD-18426,train,negative
PAMD-18427,train,negative
PAMD-18428,train,negative
PAMD-18429,train,negative
PAMD-18430,train,negative
PAMD-18431,train,negative
PAMD-18432,test,negative
PAMD-18433,test,negative
PAMD-18434,train,negative
PAMD-18435,train,negative
PAMD-18436,train,negative
PAMD-18437,train,negative
PAMD-18438,train,negative
PAMD-18439,train,negative
PAMD-18440,train,negative
PAMD-18441,train,negative
PAMD-18442,train,negative
PAMD-18443,test,negative
PAMD-18444,test,negative
PAMD-18445,train,negative
PAMD-18446,train,negative
PAMD-18447,train,negative
PAMD-18448,train,negative
PAMD-18449,train,negative
PAMD-18450,train,negative
PAMD-18451,train,negative
PAMD-18452,train,negative
PAMD-18453,train,negative
PAMD-18454,train,negative
PAMD-18455,train,negative
PAMD-18456,train,negative
PAMD-18457,train,negative
PAMD-18458,train,negative
PAMD-18459,train,negative
PAMD-18460,train,negative
PAMD-18461,train,negative
PAMD-18462,train,negative
PAMD-18463,train,negative
PAMD-18464,train,negative
PAMD-18465,test,negative
PAMD-18466,train,negative
PAMD-18467,train,negative
PAMD-18468,train,negative
PAMD-18469,train,negative
PAMD-18470,train,negative
PAMD-18471,train,negative
PAMD-18472,train,negative
PAMD-18473,test,negative
PAMD-18474,test,negative
PAMD-18475,train,negative
PAMD-18476,train,negative
PAMD-18477,train,negative
PAMD-18478,train,negative
PAMD-18479,train,negative
PAMD-18480,train,negative
PAMD-18481,train,negative
PAMD-18482,train,negative
PAMD-18483,train,negative
PAMD-18484,train,negative
PAMD-18485,train,negative
PAMD-18486,train,negative
PAMD-18487,train,negative
PAMD-18488,test,negative
PAMD-18489,train,negative
PAMD-18490,test,negative
PAMD-18491,train,negative
PAMD-18492,train,negative
PAMD-18493,train,negative
PAMD-18494,train,negative
PAMD-18495,train,negative
PAMD-18496,train,negative
PAMD-18497,train,negative
PAMD-18498,train,negative
PAMD-18499,train,negative
PAMD-18500,train,negative
PAMD-18501,train,negative
PAMD-18502,train,negative
PAMD-18503,train,negative
PAMD-18504,train,negative
PAMD-18505,train,negative
PAMD-18506,train,negative
PAMD-18507,train,negative
PAMD-18508,train,negative
PAMD-18509,train,negative
PAMD-18510,train,negative
PAMD-18511,test,negative
PAMD-18512,train,negative
PAMD-18513,train,negative
PAMD-18514,train,negative
PAMD-18515,train,negative
PAMD-18516,train,negative
PAMD-18517,train,negative
PAMD-18518,train,negative
PAMD-18519,train,negative
PAMD-18520,train,negative
PAMD-18521,train,negative
PAMD-18522,train,negative
PAMD-18523,train,negative
PAMD-18524,train,negative
PAMD-18525,train,negative
PAMD-18526,train,negative
PAMD-18527,train,negative
PAMD-18528,train,negative
PAMD-18529,train,negative
PAMD-18530,train,negative
PAMD-18531,train,negative
PAMD-18532,train,negative
PAMD-18533,train,negative
PAMD-18534,train,negative
PAMD-18535,train,negative
PAMD-18536,train,negative
PAMD-18537,train,negative
PAMD-18538,train,negative
PAMD-18539,train,negative
PAMD-18540,train,negative
PAMD-18541,train,negative
PAMD-18542,train,negative
PAMD-18543,train,negative
PAMD-18544,train,negative
PAMD-18545,train,negative
PAMD-18546,train,negative
PAMD-18547,train,negative
PAMD-18548,test,negative
PAMD-18549,train,negative
PAMD-18550,train,negative
PAMD-18551,train,negative
PAMD-18552,train,negative
PAMD-18553,test,negative
PAMD-18554,train,negative
PAMD-18555,train,negative
PAMD-18556,train,negative
PAMD-18557,train,negative
PAMD-18558,train,negative
PAMD-18559,train,negative
PAMD-18560,train,negative
PAMD-18561,train,negative
PAMD-18562,train,negative
PAMD-18563,train,negative
PAMD-18564,train,negative
PAMD-18565,train,negative
PAMD-18566,train,negative
PAMD-18567,train,negative
PAMD-18568,train,negative
PAMD-18569,train,negative
PAMD-18570,train,negative
PAMD-18571,train,negative
PAMD-18572,train,negative
PAMD-18573,train,negative
PAMD-18574,train,negative
PAMD-18575,train,negative
PAMD-18576,test,negative
PAMD-18577,train,negative
PAMD-18578,train,negative
PAMD-18579,train,negative
PAMD-18580,train,negative
PAMD-18581,train,negative
PAMD-18582,train,negative
PAMD-18583,train,negative
PAMD-18584,train,negative
PAMD-18585,train,negative
PAMD-18586,train,negative
PAMD-18587,train,negative
PAMD-18588,train,negative
PAMD-18589,train,negative
PAMD-18590,train,negative
PAMD-18591,train,negative
PAMD-18592,train,negative
PAMD-18593,train,negative
PAMD-18594,train,negative
PAMD-18595,train,negative
PAMD-18596,train,negative
PAMD-18597,train,negative
PAMD-18598,train,negative
PAMD-18599,train,negative
PAMD-18600,train,negative
PAMD-18601,train,negative
PAMD-18602,train,negative
PAMD-18603,train,negative
PAMD-18604,train,negative
PAMD-18605,train,negative
PAMD-18606,train,negative
PAMD-18607,train,negative
PAMD-18608,train,negative
PAMD-18609,test,negative
PAMD-18610,train,negative
PAMD-18611,train,negative
PAMD-18612,train,negative
PAMD-18613,train,negative
PAMD-18614,train,negative
PAMD-18615,train,negative
PAMD-18616,train,negative
PAMD-18617,train,negative
PAMD-18618,test,negative
PAMD-18619,train,negative
PAMD-18620,train,negative
PAMD-18621,train,negative
PAMD-18622,train,negative
PAMD-18623,train,negative
PAMD-18624,train,negative
PAMD-18625,train,negative
PAMD-18626,train,negative
PAMD-18627,train,negative
PAMD-18628,train,negative
PAMD-18629,train,negative
PAMD-18630,train,negative
PAMD-18631,train,negative
PAMD-18632,train,negative
PAMD-18633,train,negative
PAMD-18634,test,negative
PAMD-18635,train,negative
PAMD-18636,train,negative
PAMD-18637,train,negative
PAMD-18638,test,negative
PAMD-18639,train,negative
PAMD-18640,train,negative
PAMD-18641,train,negative
PAMD-18642,train,negative
PAMD-18643,train,negative
PAMD-18644,train,negative
PAMD-18645,train,negative
PAMD-18646,train,negative
PAMD-18647,train,negative
PAMD-18648,train,negative
PAMD-18649,train,negative
PAMD-18650,train,negative
PAMD-18651,train,negative
PAMD-18652,train,negative
PAMD-18653,train,negative
PAMD-18654,train,negative
PAMD-18655,train,negative
PAMD-18656,train,negative
PAMD-18657,train,negative
PAMD-18658,train,negative
PAMD-18659,train,negative
PAMD-18660,train,negative
PAMD-18661,test,negative
PAMD-18662,train,negative
PAMD-18663,train,negative
PAMD-18664,train,negative
PAMD-18665,train,negative
PAMD-18666,train,negative
PAMD-18667,train,negative
PAMD-18668,train,negative
PAMD-18669,train,negative
PAMD-18670,train,negative
PAMD-18671,train,negative
PAMD-18672,train,negative
PAMD-18673,train,negative
PAMD-18674,train,negative
PAMD-18675,train,negative
PAMD-18676,train,negative
PAMD-18677,train,negative
PAMD-18678,train,negative
PAMD-18679,train,negative
PAMD-18680,train,negative
PAMD-18681,train,negative
PAMD-18682,train,negative
PAMD-18683,train,negative
PAMD-18684,test,negative
PAMD-18685,train,negative
PAMD-18686,train,negative
PAMD-18687,train,negative
PAMD-18688,test,negative
PAMD-18689,train,negative
PAMD-18690,train,negative
PAMD-18691,train,negative
PAMD-18692,train,negative
PAMD-18693,train,negative
PAMD-18694,train,negative
PAMD-18695,train,negative
PAMD-18696,train,negative
PAMD-18697,train,negative
PAMD-18698,train,negative
PAMD-18699,train,negative
PAMD-18700,train,negative
PAMD-18701,train,negative
PAMD-18702,train,negative
PAMD-18703,train,negative
PAMD-18704,train,negative
PAMD-18705,train,negative
PAMD-18706,train,negative
PAMD-18707,train,negative
PAMD-18708,test,negative
PAMD-18709,train,negative
PAMD-18710,train,negative
PAMD-18711,train,negative
PAMD-18712,train,negative
PAMD-18713,train,negative
PAMD-18714,train,negative
PAMD-18715,train,negative
PAMD-18716,train,negative
PAMD-18717,train,negative
PAMD-18718,train,negative
PAMD-18719,train,negative
PAMD-18720,train,negative
PAMD-18721,train,negative
PAMD-18722,train,negative
PAMD-18723,train,negative
PAMD-18724,train,negative
PAMD-18725,train,negative
PAMD-18726,train,negative
PAMD-18727,train,negative
PAMD-18728,train,negative
PAMD-18729,test,negative
PAMD-18730,train,negative
PAMD-18731,train,negative
PAMD-18732,test,negative
PAMD-18733,train,negative
PAMD-18734,train,negative
PAMD-18735,train,negative
PAMD-18736,train,negative
PAMD-18737,train,negative
PAMD-18738,train,negative
PAMD-18739,train,negative
PAMD-18740,train,negative
PAMD-18741,train,negative
PAMD-18742,train,negative
PAMD-18743,train,negative
PAMD-18744,train,negative
PAMD-18745,train,negative
PAMD-18746,train,negative
PAMD-18747,train,negative
PAMD-18748,train,negative
PAMD-18749,train,negative
PAMD-18750,train,negative
PAMD-18751,train,negative
PAMD-18752,train,negative
PAMD-18753,test,negative
PAMD-18754,train,negative
PAMD-18755,train,negative
PAMD-18756,train,negative
PAMD-18757,train,negative
PAMD-18758,train,negative
PAMD-18759,train,negative
PAMD-18760,train,negative
PAMD-18761,train,negative
PAMD-18762,train,negative
PAMD-18763,train,negative
PAMD-18764,train,negative
PAMD-18765,train,negative
PAMD-18766,train,negative
PAMD-18767,train,negative
PAMD-18768,train,negative
PAMD-18769,test,negative
PAMD-18770,train,negative
PAMD-18771,train,negative
PAMD-18772,train,negative
PAMD-18773,train,negative
PAMD-18774,train,negative
PAMD-18775,train,negative
PAMD-18776,train,negative
PAMD-18777,train,negative
PAMD-18778,train,negative
PAMD-18779,train,negative
PAMD-18780,train,negative
PAMD-18781,train,negative
PAMD-18782,train,negative
PAMD-18783,train,negative
PAMD-18784,train,negative
PAMD-18785,train,negative
PAMD-18786,train,negative
PAMD-18787,train,negative
PAMD-18788,train,negative
PAMD-18789,train,negative
PAMD-18790,train,negative
PAMD-18791,test,negative
PAMD-18792,train,negative
PAMD-18793,train,negative
PAMD-18794,test,negative
PAMD-18795,train,negative
PAMD-18796,train,negative
PAMD-18797,train,negative
PAMD-18798,train,negative
PAMD-18799,train,negative
PAMD-18800,train,negative
PAMD-18801,train,negative
PAMD-18802,train,negative
PAMD-18803,train,negative
PAMD-18804,train,negative
PAMD-18805,train,negative
PAMD-18806,train,negative
PAMD-18807,test,negative
PAMD-18808,train,negative
PAMD-18809,train,negative
PAMD-18810,test,negative
PAMD-18811,train,negative
PAMD-18812,train,negative
PAMD-18813,train,negative
PAMD-18814,test,negative
PAMD-18815,train,negative
PAMD-18816,train,negative
PAMD-18817,train,negative
PAMD-18818,train,negative
PAMD-18819,train,negative
PAMD-18820,test,negative
PAMD-18821,train,negative
PAMD-18822,train,negative
PAMD-18823,train,negative
PAMD-18824,train,negative
PAMD-18825,train,negative
PAMD-18826,train,negative
PAMD-18827,test,negative
PAMD-18828,train,negative
PAMD-18829,train,negative
PAMD-18830,train,negative
PAMD-18831,train,negative
PAMD-18832,train,negative
PAMD-18833,train,negative
PAMD-18834,train,negative
PAMD-18835,train,negative
PAMD-18836,train,negative
PAMD-18837,train,negative
PAMD-18838,train,negative
PAMD-18839,train,negative
PAMD-18840,train,negative
PAMD-18841,train,negative
PAMD-18842,train,negative
PAMD-18843,train,negative
PAMD-18844,train,negative
PAMD-18845,train,negative
PAMD-18846,train,negative
PAMD-18847,train,negative
PAMD-18848,train,negative
PAMD-18849,train,negative
PAMD-18850,train,negative
PAMD-18851,train,negative
PAMD-18852,train,negative
PAMD-18853,train,negative
PAMD-18854,train,negative
PAMD-18855,train,negative
PAMD-18856,train,negative
PAMD-18857,train,negative
PAMD-18858,train,negative
PAMD-18859,train,negative
PAMD-18860,train,negative
PAMD-18861,train,negative
PAMD-18862,train,negative
PAMD-18863,train,negative
PAMD-18864,test,negative
PAMD-18865,train,negative
PAMD-18866,test,negative
PAMD-18867,train,negative
PAMD-18868,test,negative
PAMD-18869,train,negative
PAMD-18870,train,negative
PAMD-18871,train,negative
PAMD-18872,train,negative
PAMD-18873,train,negative
PAMD-18874,train,negative
PAMD-18875,train,negative
PAMD-18876,train,negative
PAMD-18877,train,negative
PAMD-18878,train,negative
PAMD-18879,train,negative
PAMD-18880,train,negative
PAMD-18881,train,negative
PAMD-18882,train,negative
PAMD-18883,train,negative
PAMD-18884,train,negative
PAMD-18885,train,negative
PAMD-18886,train,negative
PAMD-18887,train,negative
PAMD-18888,train,negative
PAMD-18889,train,negative
PAMD-18890,train,negative
PAMD-18891,train,negative
PAMD-18892,train,negative
PAMD-18893,train,negative
PAMD-18894,train,negative
PAMD-18895,test,negative
PAMD-18896,train,negative
PAMD-18897,train,negative
PAMD-18898,test,negative
PAMD-18899,train,negative
PAMD-18900,train,negative
PAMD-18901,train,negative
PAMD-18902,train,negative
PAMD-18903,train,negative
PAMD-18904,train,negative
PAMD-18905,train,negative
PAMD-18906,train,negative
PAMD-18907,train,negative
PAMD-18908,train,negative
PAMD-18909,train,negative
PAMD-18910,train,negative
PAMD-18911,train,negative
PAMD-18912,test,negative
PAMD-18913,train,negative
PAMD-18914,train,negative
PAMD-18915,train,negative
PAMD-18916,train,negative
PAMD-18917,train,negative
PAMD-18918,train,negative
PAMD-18919,test,negative
PAMD-18920,train,negative
PAMD-18921,train,negative
PAMD-18922,train,negative
PAMD-18923,train,negative
PAMD-18924,train,negative
PAMD-18925,test,negative
PAMD-18926,train,negative
PAMD-18927,train,negative
PAMD-18928,test,negative
PAMD-18929,train,negative
PAMD-18930,train,negative
PAMD-18931,train,negative
PAMD-18932,train,negative
PAMD-18933,train,negative
PAMD-18934,train,negative
PAMD-18935,train,negative
PAMD-18936,train,negative
PAMD-18937,train,negative
PAMD-18938,test,negative
PAMD-18939,test,negative
PAMD-18940,train,negative
PAMD-18941,train,negative
PAMD-18942,train,negative
PAMD-18943,train,negative
PAMD-18944,train,negative
PAMD-18945,train,negative
PAMD-18946,train,negative
PAMD-18947,train,negative
PAMD-18948,train,negative
PAMD-18949,train,negative
PAMD-18950,train,negative
PAMD-18951,train,negative
PAMD-18952,train,negative
PAMD-18953,train,negative
PAMD-18954,train,negative
PAMD-18955,train,negative
PAMD-18956,train,negative
PAMD-18957,test,negative
PAMD-18958,train,negative
PAMD-18959,train,negative
PAMD-18960,train,negative
PAMD-18961,train,negative
PAMD-18962,train,negative
PAMD-18963,train,negative
PAMD-18964,train,negative
PAMD-18965,train,negative
PAMD-18966,train,negative
PAMD-18967,train,negative
PAMD-18968,train,negative
PAMD-18969,train,negative
PAMD-18970,train,negative
PAMD-18971,train,negative
PAMD-18972,train,negative
PAMD-18973,test,negative
PAMD-18974,train,negative
PAMD-18975,test,negative
PAMD-18976,train,negative
PAMD-18977,train,negative
PAMD-18978,train,negative
PAMD-18979,train,negative
PAMD-18980,train,negative
PAMD-18981,train,negative
PAMD-18982,train,negative
PAMD-18983,test,negative
PAMD-18984,train,negative
PAMD-18985,train,negative
PAMD-18986,train,negative
PAMD-18987,train,negative
PAMD-18988,train,negative
PAMD-18989,train,negative
PAMD-18990,train,negative
PAMD-18991,train,negative
PAMD-18992,train,negative
PAMD-18993,train,negative
PAMD-18994,test,negative
PAMD-18995,train,negative
PAMD-18996,train,negative
PAMD-18997,train,negative
PAMD-18998,train,negative
PAMD-18999,train,negative
PAMD-19000,train,negative
PAMD-19001,train,negative
PAMD-19002,train,negative
PAMD-19003,test,negative
PAMD-19004,train,negative
PAMD-19005,train,negative
PAMD-19006,test,negative
PAMD-19007,train,negative
PAMD-19008,train,negative
PAMD-19009,train,negative
PAMD-19010,train,negative
PAMD-19011,train,negative
PAMD-19012,train,negative
PAMD-19013,train,negative
PAMD-19014,train,negative
PAMD-19015,train,negative
PAMD-19016,train,negative
PAMD-19017,test,negative
PAMD-19018,test,negative
PAMD-19019,train,negative
PAMD-19020,test,negative
PAMD-19021,train,negative
PAMD-19022,train,negative
PAMD-19023,train,negative
PAMD-19024,train,negative
PAMD-19025,train,negative
PAMD-19026,train,negative
PAMD-19027,train,negative
PAMD-19028,train,negative
PAMD-19029,train,negative
PAMD-19030,train,negative
PAMD-19031,test,negative
PAMD-19032,train,negative
PAMD-19033,train,negative
PAMD-19034,train,negative
PAMD-19035,train,negative
PAMD-19036,train,negative
PAMD-19037,train,negative
PAMD-19038,train,negative
PAMD-19039,train,negative
PAMD-19040,train,negative
PAMD-19041,train,negative
PAMD-19042,train,negative
PAMD-19043,train,negative
PAMD-19044,train,negative
PAMD-19045,train,negative
PAMD-19046,train,negative
PAMD-19047,train,negative
PAMD-19048,train,negative
PAMD-19049,train,negative
PAMD-19050,train,negative
PAMD-19051,train,negative
PAMD-19052,train,negative
PAMD-19053,train,negative
PAMD-19054,test,negative
PAMD-19055,train,negative
PAMD-19056,train,negative
PAMD-19057,train,negative
PAMD-19058,train,negative
PAMD-19059,train,negative
PAMD-19060,train,negative
PAMD-19061,train,negative
PAMD-19062,train,negative
PAMD-19063,train,negative
PAMD-19064,test,negative
PAMD-19065,train,negative
PAMD-19066,train,negative
PAMD-19067,train,negative
PAMD-19068,train,negative
PAMD-19069,train,negative
PAMD-19070,train,negative
PAMD-19071,train,negative
PAMD-19072,train,negative
PAMD-19073,train,negative
PAMD-19074,train,negative
PAMD-19075,train,negative
PAMD-19076,train,negative
PAMD-19077,test,negative
PAMD-19078,train,negative
PAMD-19079,train,negative
PAMD-19080,train,negative
PAMD-19081,train,negative
PAMD-19082,train,negative
PAMD-19083,train,negative
PAMD-19084,test,negative
PAMD-19085,train,negative
PAMD-19086,train,negative
PAMD-19087,train,negative
PAMD-19088,train,negative
PAMD-19089,train,negative
PAMD-19090,train,negative
PAMD-19091,train,negative
PAMD-19092,test,negative
PAMD-19093,train,negative
PAMD-19094,train,negative
PAMD-19095,train,negative
PAMD-19096,train,negative
PAMD-19097,train,negative
PAMD-19098,train,negative
PAMD-19099,train,negative
PAMD-19100,train,negative
PAMD-19101,train,negative
PAMD-19102,train,negative
PAMD-19103,train,negative
PAMD-19104,train,negative
PAMD-19105,test,negative
PAMD-19106,train,negative
PAMD-19107,test,negative
PAMD-19108,train,negative
PAMD-19109,train,negative
PAMD-19110,train,negative
PAMD-19111,test,negative
PAMD-19112,train,negative
PAMD-19113,train,negative
PAMD-19114,train,negative
PAMD-19115,train,negative
PAMD-19116,train,negative
PAMD-19117,train,negative
PAMD-19118,test,negative
PAMD-19119,train,negative
PAMD-19120,train,negative
PAMD-19121,train,negative
PAMD-19122,train,negative
PAMD-19123,train,negative
PAMD-19124,train,negative
PAMD-19125,train,negative
PAMD-19126,train,negative
PAMD-19127,train,negative
PAMD-19128,train,negative
PAMD-19129,train,negative
PAMD-19130,train,negative
PAMD-19131,train,negative
PAMD-19132,train,negative
PAMD-19133,train,negative
PAMD-19134,train,negative
PAMD-19135,train,negative
PAMD-19136,train,negative
PAMD-19137,train,negative
PAMD-19138,train,negative
PAMD-19139,train,negative
PAMD-19140,train,negative
PAMD-19141,train,negative
PAMD-19142,train,negative
PAMD-19143,train,negative
PAMD-19144,train,negative
PAMD-19145,train,negative
PAMD-19146,train,negative
PAMD-19147,train,negative
PAMD-19148,train,negative
PAMD-19149,train,negative
PAMD-19150,test,negative
PAMD-19151,train,negative
PAMD-19152,train,negative
PAMD-19153,train,negative
PAMD-19154,train,negative
PAMD-19155,train,negative
PAMD-19156,train,negative
PAMD-19157,train,negative
PAMD-19158,train,negative
PAMD-19159,train,negative
PAMD-19160,train,negative
PAMD-19161,train,negative
PAMD-19162,train,negative
PAMD-19163,train,negative
PAMD-19164,train,negative
PAMD-19165,train,negative
PAMD-19166,train,negative
PAMD-19167,train,negative
PAMD-19168,train,negative
PAMD-19169,train,negative
PAMD-19170,train,negative
PAMD-19171,train,negative
PAMD-19172,train,negative
PAMD-19173,train,negative
PAMD-19174,train,negative
PAMD-19175,train,negative
PAMD-19176,train,negative
PAMD-19177,test,negative
PAMD-19178,train,negative
PAMD-19179,train,negative
PAMD-19180,train,negative
PAMD-19181,train,negative
PAMD-19182,train,negative
PAMD-19183,train,negative
PAMD-19184,train,negative
PAMD-19185,train,negative
PAMD-19186,train,negative
PAMD-19187,train,negative
PAMD-19188,train,negative
PAMD-19189,train,negative
PAMD-19190,train,negative
PAMD-19191,train,negative
PAMD-19192,test,negative
PAMD-19193,train,negative
PAMD-19194,train,negative
PAMD-19195,train,negative
PAMD-19196,train,negative
PAMD-19197,train,negative
PAMD-19198,train,negative
PAMD-19199,train,negative
PAMD-19200,train,negative
PAMD-19201,test,negative
PAMD-19202,train,negative
PAMD-19203,train,negative
PAMD-19204,train,negative
PAMD-19205,train,negative
PAMD-19206,train,negative
PAMD-19207,train,negative
PAMD-19208,train,negative
PAMD-19209,test,negative
PAMD-19210,train,negative
PAMD-19211,train,negative
PAMD-19212,train,negative
PAMD-19213,train,negative
PAMD-19214,train,negative
PAMD-19215,train,negative
PAMD-19216,train,negative
PAMD-19217,train,negative
PAMD-19218,train,negative
PAMD-19219,train,negative
PAMD-19220,train,negative
PAMD-19221,train,negative
PAMD-19222,train,negative
PAMD-19223,train,negative
PAMD-19224,test,negative
PAMD-19225,train,negative
PAMD-19226,train,negative
PAMD-19227,train,negative
PAMD-19228,test,negative
PAMD-19229,train,negative
PAMD-19230,train,negative
PAMD-19231,train,negative
PAMD-19232,train,negative
PAMD-19233,train,negative
PAMD-19234,test,negative
PAMD-19235,train,negative
PAMD-19236,train,negative
PAMD-19237,train,negative
PAMD-19238,train,negative
PAMD-19239,train,negative
PAMD-19240,train,negative
PAMD-19241,train,negative
PAMD-19242,train,negative
PAMD-19243,train,negative
PAMD-19244,train,negative
PAMD-19245,train,negative
PAMD-19246,train,negative
PAMD-19247,train,negative
PAMD-19248,train,negative
PAMD-19249,train,negative
PAMD-19250,train,negative
PAMD-19251,train,negative
PAMD-19252,train,negative
PAMD-19253,test,negative
PAMD-19254,train,negative
PAMD-19255,train,negative
PAMD-19256,train,negative
PAMD-19257,train,negative
PAMD-19258,train,negative
PAMD-19259,train,negative
PAMD-19260,train,negative
PAMD-19261,train,negative
PAMD-19262,train,negative
PAMD-19263,train,negative
PAMD-19264,train,negative
PAMD-19265,train,negative
PAMD-19266,test,negative
PAMD-19267,train,negative
PAMD-19268,train,negative
PAMD-19269,train,negative
PAMD-19270,train,negative
PAMD-19271,train,negative
PAMD-19272,train,negative
PAMD-19273,train,negative
PAMD-19274,train,negative
PAMD-19275,train,negative
PAMD-19276,train,negative
PAMD-19277,test,negative
PAMD-19278,train,negative
PAMD-19279,train,negative
PAMD-19280,train,negative
PAMD-19281,train,negative
PAMD-19282,train,negative
PAMD-19283,train,negative
PAMD-19284,train,negative
PAMD-19285,train,negative
PAMD-19286,train,negative
PAMD-19287,train,negative
PAMD-19288,train,negative
PAMD-19289,train,negative
PAMD-19290,test,negative
PAMD-19291,train,negative
PAMD-19292,train,negative
PAMD-19293,train,negative
PAMD-19294,train,negative
PAMD-19295,train,negative
PAMD-19296,train,negative
PAMD-19297,train,negative
PAMD-19298,train,negative
PAMD-19299,train,negative
PAMD-19300,train,negative
PAMD-19301,train,negative
PAMD-19302,test,negative
PAMD-19303,test,negative
PAMD-19304,train,negative
PAMD-19305,train,negative
PAMD-19306,test,negative
PAMD-19307,train,negative
PAMD-19308,test,negative
PAMD-19309,train,negative
PAMD-19310,train,negative
PAMD-19311,test,negative
PAMD-19312,train,negative
PAMD-19313,train,negative
PAMD-19314,train,negative
PAMD-19315,train,negative
PAMD-19316,train,negative
PAMD-19317,train,negative
PAMD-19318,train,negative
PAMD-19319,train,negative
PAMD-19320,train,negative
PAMD-19321,train,negative
PAMD-19322,test,negative
PAMD-19323,train,negative
PAMD-19324,train,negative
PAMD-19325,train,negative
PAMD-19326,train,negative
PAMD-19327,train,negative
PAMD-19328,train,negative
PAMD-19329,test,negative
PAMD-19330,train,negative
PAMD-19331,train,negative
PAMD-19332,train,negative
PAMD-19333,train,negative
PAMD-19334,train,negative
PAMD-19335,train,negative
PAMD-19336,train,negative
PAMD-19337,train,negative
PAMD-19338,train,negative
PAMD-19339,train,negative
PAMD-19340,train,negative
PAMD-19341,train,negative
PAMD-19342,train,negative
PAMD-19343,train,negative
PAMD-19344,train,negative
PAMD-19345,train,negative
PAMD-19346,test,negative
PAMD-19347,train,negative
PAMD-19348,train,negative
PAMD-19349,train,negative
PAMD-19350,train,negative
PAMD-19351,train,negative
PAMD-19352,train,negative
PAMD-19353,train,negative
PAMD-19354,test,negative
PAMD-19355,train,negative
PAMD-19356,train,negative
PAMD-19357,train,negative
PAMD-19358,train,negative
PAMD-19359,train,negative
PAMD-19360,train,negative
PAMD-19361,test,negative
PAMD-19362,test,negative
PAMD-19363,train,negative
PAMD-19364,train,negative
PAMD-19365,train,negative
PAMD-19366,train,negative
PAMD-19367,train,negative
PAMD-19368,test,negative
PAMD-19369,train,negative
PAMD-19370,train,negative
PAMD-19371,train,negative
PAMD-19372,train,negative
PAMD-19373,train,negative
PAMD-19374,train,negative
PAMD-19375,train,negative
PAMD-19376,train,negative
PAMD-19377,test,negative
PAMD-19378,train,negative
PAMD-19379,train,negative
PAMD-19380,train,negative
PAMD-19381,train,negative
PAMD-19382,train,negative
PAMD-19383,train,negative
PAMD-19384,train,negative
PAMD-19385,test,negative
PAMD-19386,train,negative
PAMD-19387,train,negative
PAMD-19388,train,negative
PAMD-19389,train,negative
PAMD-19390,train,negative
PAMD-19391,train,negative
PAMD-19392,train,negative
PAMD-19393,train,negative
PAMD-19394,train,negative
PAMD-19395,train,negative
PAMD-19396,train,negative
PAMD-19397,train,negative
PAMD-19398,train,negative
PAMD-19399,train,negative
PAMD-19400,train,negative
PAMD-19401,train,negative
PAMD-19402,train,negative
PAMD-19403,train,negative
PAMD-19404,train,negative
PAMD-19405,train,negative
PAMD-19406,train,negative
PAMD-19407,train,negative
PAMD-19408,test,negative
PAMD-19409,train,negative
PAMD-19410,train,negative
PAMD-19411,train,negative
PAMD-19412,train,negative
PAMD-19413,train,negative
PAMD-19414,train,negative
PAMD-19415,train,negative
PAMD-19416,train,negative
PAMD-19417,train,negative
PAMD-19418,train,negative
PAMD-19419,train,negative
PAMD-19420,train,negative
PAMD-19421,train,negative
PAMD-19422,train,negative
PAMD-19423,train,negative
PAMD-19424,train,negative
PAMD-19425,train,negative
PAMD-19426,train,negative
PAMD-19427,train,negative
PAMD-19428,train,negative
PAMD-19429,train,negative
PAMD-19430,test,negative
PAMD-19431,train,negative
PAMD-19432,train,negative
PAMD-19433,train,negative
PAMD-19434,train,negative
PAMD-19435,train,negative
PAMD-19436,train,negative
PAMD-19437,train,negative
PAMD-19438,train,negative
PAMD-19439,train,negative
PAMD-19440,train,negative
PAMD-19441,train,negative
PAMD-19442,train,negative
PAMD-19443,train,negative
PAMD-19444,train,negative
PAMD-19445,test,negative
PAMD-19446,train,negative
PAMD-19447,train,negative
PAMD-19448,train,negative
PAMD-19449,train,negative
PAMD-19450,train,negative
PAMD-19451,train,negative
PAMD-19452,train,negative
PAMD-19453,train,negative
PAMD-19454,train,negative
PAMD-19455,train,negative
PAMD-19456,train,negative
PAMD-19457,test,negative
PAMD-19458,test,negative
PAMD-19459,train,negative
PAMD-19460,train,negative
PAMD-19461,train,negative
PAMD-19462,train,negative
PAMD-19463,train,negative
PAMD-19464,train,negative
PAMD-19465,train,negative
PAMD-19466,train,negative
PAMD-19467,train,negative
PAMD-19468,train,negative
PAMD-19469,train,negative
PAMD-19470,train,negative
PAMD-19471,train,negative
PAMD-19472,train,negative
PAMD-19473,train,negative
PAMD-19474,train,negative
PAMD-19475,test,negative
PAMD-19476,train,negative
PAMD-19477,train,negative
PAMD-19478,train,negative
PAMD-19479,train,negative
PAMD-19480,train,negative
PAMD-19481,test,negative
PAMD-19482,train,negative
PAMD-19483,train,negative
PAMD-19484,train,negative
PAMD-19485,train,negative
PAMD-19486,train,negative
PAMD-19487,train,negative
PAMD-19488,train,negative
PAMD-19489,train,negative
PAMD-19490,train,negative
PAMD-19491,test,negative
PAMD-19492,train,negative
PAMD-19493,train,negative
PAMD-19494,train,negative
PAMD-19495,train,negative
PAMD-19496,train,negative
PAMD-19497,train,negative
PAMD-19498,train,negative
PAMD-19499,train,negative
PAMD-19500,train,negative
PAMD-19501,train,negative
PAMD-19502,train,negative
PAMD-19503,train,negative
PAMD-19504,train,negative
PAMD-19505,train,negative
PAMD-19506,train,negative
PAMD-19507,train,negative
PAMD-19508,train,negative
PAMD-19509,train,negative
PAMD-19510,train,negative
PAMD-19511,train,negative
PAMD-19512,train,negative
PAMD-19513,test,negative
PAMD-19514,test,negative
PAMD-19515,train,negative
PAMD-19516,train,negative
PAMD-19517,train,negative
PAMD-19518,train,negative
PAMD-19519,train,negative
PAMD-19520,train,negative
PAMD-19521,test,negative
PAMD-19522,train,negative
PAMD-19523,train,negative
PAMD-19524,train,negative
PAMD-19525,train,negative
PAMD-19526,train,negative
PAMD-19527,train,negative
PAMD-19528,train,negative
PAMD-19529,train,negative
PAMD-19530,train,negative
PAMD-19531,train,negative
PAMD-19532,train,negative
PAMD-19533,train,negative
PAMD-19534,test,negative
PAMD-19535,train,negative
PAMD-19536,train,negative
PAMD-19537,train,negative
PAMD-19538,train,negative
PAMD-19539,train,negative
PAMD-19540,train,negative
PAMD-19541,train,negative
PAMD-19542,train,negative
PAMD-19543,train,negative
PAMD-19544,train,negative
PAMD-19545,train,negative
PAMD-19546,train,negative
PAMD-19547,train,negative
PAMD-19548,train,negative
PAMD-19549,test,negative
PAMD-19550,train,negative
PAMD-19551,train,negative
PAMD-19552,train,negative
PAMD-19553,train,negative
PAMD-19554,train,negative
PAMD-19555,train,negative
PAMD-19556,train,negative
PAMD-19557,train,negative
PAMD-19558,train,negative
PAMD-19559,train,negative
PAMD-19560,train,negative
PAMD-19561,train,negative
PAMD-19562,train,negative
PAMD-19563,train,negative
PAMD-19564,train,negative
PAMD-19565,train,negative
PAMD-19566,train,negative
PAMD-19567,train,negative
PAMD-19568,train,negative
PAMD-19569,train,negative
PAMD-19570,train,negative
PAMD-19571,train,negative
PAMD-19572,train,negative
PAMD-19573,test,negative
PAMD-19574,train,negative
PAMD-19575,train,negative
PAMD-19576,train,negative
PAMD-19577,train,negative
PAMD-19578,train,negative
PAMD-19579,train,negative
PAMD-19580,train,negative
PAMD-19581,train,negative
PAMD-19582,train,negative
PAMD-19583,train,negative
PAMD-19584,train,negative
PAMD-19585,train,negative
PAMD-19586,train,negative
PAMD-19587,train,negative
PAMD-19588,train,negative
PAMD-19589,train,negative
PAMD-19590,test,negative
PAMD-19591,test,negative
PAMD-19592,train,negative
PAMD-19593,train,negative
PAMD-19594,train,negative
PAMD-19595,train,negative
PAMD-19596,train,negative
PAMD-19597,train,negative
PAMD-19598,train,negative
PAMD-19599,train,negative
PAMD-19600,train,negative
PAMD-19601,train,negative
PAMD-19602,train,negative
PAMD-19603,train,negative
PAMD-19604,train,negative
PAMD-19605,train,negative
PAMD-19606,test,negative
PAMD-19607,train,negative
PAMD-19608,train,negative
PAMD-19609,train,negative
PAMD-19610,train,negative
PAMD-19611,test,negative
PAMD-19612,train,negative
PAMD-19613,train,negative
PAMD-19614,train,negative
PAMD-19615,train,negative
PAMD-19616,train,negative
PAMD-19617,train,negative
PAMD-19618,train,negative
PAMD-19619,train,negative
PAMD-19620,train,negative
PAMD-19621,train,negative
PAMD-19622,train,negative
PAMD-19623,train,negative
PAMD-19624,train,negative
PAMD-19625,train,negative
PAMD-19626,train,negative
PAMD-19627,train,negative
PAMD-19628,test,negative
PAMD-19629,train,negative
PAMD-19630,train,negative
PAMD-19631,train,negative
PAMD-19632,test,negative
PAMD-19633,train,negative
PAMD-19634,train,negative
PAMD-19635,train,negative
PAMD-19636,train,negative
PAMD-19637,train,negative
PAMD-19638,train,negative
PAMD-19639,train,negative
PAMD-19640,test,negative
PAMD-19641,train,negative
PAMD-19642,train,negative
PAMD-19643,train,negative
PAMD-19644,train,negative
PAMD-19645,train,negative
PAMD-19646,train,negative
PAMD-19647,test,negative
PAMD-19648,train,negative
PAMD-19649,train,negative
PAMD-19650,train,negative
PAMD-19651,train,negative
PAMD-19652,train,negative
PAMD-19653,train,negative
PAMD-19654,train,negative
PAMD-19655,train,negative
PAMD-19656,train,negative
PAMD-19657,train,negative
PAMD-19658,train,negative
PAMD-19659,train,negative
PAMD-19660,train,negative
PAMD-19661,train,negative
PAMD-19662,train,negative
PAMD-19663,train,negative
PAMD-19664,train,negative
PAMD-19665,train,negative
PAMD-19666,train,negative
PAMD-19667,train,negative
PAMD-19668,train,negative
PAMD-19669,train,negative
PAMD-19670,train,negative
PAMD-19671,train,negative
PAMD-19672,train,negative
PAMD-19673,train,negative
PAMD-19674,test,negative
PAMD-19675,train,negative
PAMD-19676,train,negative
PAMD-19677,train,negative
PAMD-19678,train,negative
PAMD-19679,train,negative
PAMD-19680,train,negative
PAMD-19681,train,negative
PAMD-19682,train,negative
PAMD-19683,train,negative
PAMD-19684,train,negative
PAMD-19685,test,negative
PAMD-19686,train,negative
PAMD-19687,train,negative
PAMD-19688,train,negative
PAMD-19689,train,negative
PAMD-19690,train,negative
PAMD-19691,train,negative
PAMD-19692,train,negative
PAMD-19693,train,negative
PAMD-19694,test,negative
PAMD-19695,train,negative
PAMD-19696,train,negative
PAMD-19697,train,negative
PAMD-19698,train,negative
PAMD-19699,train,negative
PAMD-19700,train,negative
PAMD-19701,train,negative
PAMD-19702,train,negative
PAMD-19703,train,negative
PAMD-19704,test,negative
PAMD-19705,train,negative
PAMD-19706,train,negative
PAMD-19707,train,negative
PAMD-19708,train,negative
PAMD-19709,train,negative
PAMD-19710,train,negative
PAMD-19711,train,negative
PAMD-19712,train,negative
PAMD-19713,train,negative
PAMD-19714,train,negative
PAMD-19715,train,negative
PAMD-19716,train,negative
PAMD-19717,train,negative
PAMD-19718,train,negative
PAMD-19719,train,negative
PAMD-19720,train,negative
PAMD-19721,train,negative
PAMD-19722,train,negative
PAMD-19723,test,negative
PAMD-19724,train,negative
PAMD-19725,train,negative
PAMD-19726,train,negative
PAMD-19727,train,negative
PAMD-19728,train,negative
PAMD-19729,test,negative
PAMD-19730,train,negative
PAMD-19731,train,negative
PAMD-19732,train,negative
PAMD-19733,train,negative
PAMD-19734,train,negative
PAMD-19735,train,negative
PAMD-19736,train,negative
PAMD-19737,train,negative
PAMD-19738,train,negative
PAMD-19739,train,negative
PAMD-19740,train,negative
PAMD-19741,train,negative
PAMD-19742,train,negative
PAMD-19743,train,negative
PAMD-19744,train,negative
PAMD-19745,train,negative
PAMD-19746,test,negative
PAMD-19747,train,negative
PAMD-19748,train,negative
PAMD-19749,train,negative
PAMD-19750,train,negative
PAMD-19751,test,negative
PAMD-19752,train,negative
PAMD-19753,train,negative
PAMD-19754,train,negative
PAMD-19755,train,negative
PAMD-19756,train,negative
PAMD-19757,test,negative
PAMD-19758,train,negative
PAMD-19759,train,negative
PAMD-19760,train,negative
PAMD-19761,train,negative
PAMD-19762,test,negative
PAMD-19763,train,negative
PAMD-19764,train,negative
PAMD-19765,test,negative
PAMD-19766,train,negative
PAMD-19767,train,negative
PAMD-19768,test,negative
PAMD-19769,train,negative
PAMD-19770,test,negative
PAMD-19771,train,negative
PAMD-19772,train,negative
PAMD-19773,test,negative
PAMD-19774,train,negative
PAMD-19775,train,negative
PAMD-19776,train,negative
PAMD-19777,test,negative
PAMD-19778,test,negative
PAMD-19779,train,negative
PAMD-19780,train,negative
PAMD-19781,train,negative
PAMD-19782,test,negative
PAMD-19783,train,negative
PAMD-19784,train,negative
PAMD-19785,test,negative
PAMD-19786,train,negative
PAMD-19787,train,negative
PAMD-19788,train,negative
PAMD-19789,train,negative
PAMD-19790,train,negative
PAMD-19791,train,negative
PAMD-19792,train,negative
PAMD-19793,train,negative
PAMD-19794,train,negative
PAMD-19795,train,negative
PAMD-19796,test,negative
PAMD-19797,train,negative
PAMD-19798,train,negative
PAMD-19799,train,negative
PAMD-19800,train,negative
PAMD-19801,train,negative
PAMD-19802,train,negative
PAMD-19803,train,negative
PAMD-19804,train,negative
PAMD-19805,train,negative
PAMD-19806,train,negative
PAMD-19807,train,negative
PAMD-19808,train,negative
PAMD-19809,train,negative
PAMD-19810,train,negative
PAMD-19811,test,negative
PAMD-19812,train,negative
PAMD-19813,train,negative
PAMD-19814,train,negative
PAMD-19815,train,negative
PAMD-19816,train,negative
PAMD-19817,train,negative
PAMD-19818,train,negative
PAMD-19819,test,negative
PAMD-19820,train,negative
PAMD-19821,train,negative
PAMD-19822,train,negative
PAMD-19823,train,negative
PAMD-19824,train,negative
PAMD-19825,train,negative
PAMD-19826,train,negative
PAMD-19827,train,negative
PAMD-19828,train,negative
PAMD-19829,train,negative
PAMD-19830,train,negative
PAMD-19831,train,negative
PAMD-19832,train,negative
PAMD-19833,train,negative
PAMD-19834,train,negative
PAMD-19835,train,negative
PAMD-19836,train,negative
PAMD-19837,train,negative
PAMD-19838,train,negative
PAMD-19839,train,negative
PAMD-19840,train,negative
PAMD-19841,train,negative
PAMD-19842,test,negative
PAMD-19843,train,negative
PAMD-19844,train,negative
PAMD-19845,train,negative
PAMD-19846,train,negative
PAMD-19847,train,negative
PAMD-19848,test,negative
PAMD-19849,train,negative
PAMD-19850,test,negative
PAMD-19851,train,negative
PAMD-19852,train,negative
PAMD-19853,train,negative
PAMD-19854,train,negative
PAMD-19855,train,negative
PAMD-19856,train,negative
PAMD-19857,train,negative
PAMD-19858,train,negative
PAMD-19859,train,negative
PAMD-19860,train,negative
PAMD-19861,train,negative
PAMD-19862,train,negative
PAMD-19863,train,negative
PAMD-19864,train,negative
PAMD-19865,train,negative
PAMD-19866,train,negative
PAMD-19867,train,negative
PAMD-19868,train,negative
PAMD-19869,train,negative
PAMD-19870,train,negative
PAMD-19871,train,negative
PAMD-19872,train,negative
PAMD-19873,train,negative
PAMD-19874,train,negative
PAMD-19875,train,negative
PAMD-19876,train,negative
PAMD-19877,train,negative
PAMD-19878,train,negative
PAMD-19879,train,negative
PAMD-19880,train,negative
PAMD-19881,train,negative
PAMD-19882,train,negative
PAMD-19883,train,negative
PAMD-19884,train,negative
PAMD-19885,train,negative
PAMD-19886,train,negative
PAMD-19887,train,negative
PAMD-19888,train,negative
PAMD-19889,train,negative
PAMD-19890,train,negative
PAMD-19891,test,negative
PAMD-19892,train,negative
PAMD-19893,train,negative
PAMD-19894,train,negative
PAMD-19895,train,negative
PAMD-19896,train,negative
PAMD-19897,train,negative
PAMD-19898,train,negative
PAMD-19899,train,negative
PAMD-19900,train,negative
PAMD-19901,train,negative
PAMD-19902,train,negative
PAMD-19903,train,negative
PAMD-19904,train,negative
PAMD-19905,test,negative
PAMD-19906,train,negative
PAMD-19907,train,negative
PAMD-19908,train,negative
PAMD-19909,train,negative
PAMD-19910,train,negative
PAMD-19911,train,negative
PAMD-19912,train,negative
PAMD-19913,train,negative
PAMD-19914,test,negative
PAMD-19915,train,negative
PAMD-19916,train,negative
PAMD-19917,train,negative
PAMD-19918,train,negative
PAMD-19919,train,negative
PAMD-19920,train,negative
PAMD-19921,train,negative
PAMD-19922,train,negative
PAMD-19923,train,negative
PAMD-19924,train,negative
PAMD-19925,train,negative
PAMD-19926,train,negative
PAMD-19927,train,negative
PAMD-19928,train,negative
PAMD-19929,train,negative
PAMD-19930,train,negative
PAMD-19931,train,negative
PAMD-19932,train,negative
PAMD-19933,train,negative
PAMD-19934,train,negative
PAMD-19935,train,negative
PAMD-19936,train,negative
PAMD-19937,train,negative
PAMD-19938,train,negative
PAMD-19939,train,negative
PAMD-19940,train,negative
PAMD-19941,train,negative
PAMD-19942,test,negative
PAMD-19943,train,negative
PAMD-19944,train,negative
PAMD-19945,train,negative
PAMD-19946,test,negative
PAMD-19947,train,negative
PAMD-19948,test,negative
PAMD-19949,test,negative
PAMD-19950,train,negative
PAMD-19951,train,negative
PAMD-19952,train,negative
PAMD-19953,train,negative
PAMD-19954,train,negative
PAMD-19955,test,negative
PAMD-19956,train,negative
PAMD-19957,train,negative
PAMD-19958,train,negative
PAMD-19959,train,negative
PAMD-19960,train,negative
PAMD-19961,train,negative
PAMD-19962,train,negative
PAMD-19963,train,negative
PAMD-19964,train,negative
PAMD-19965,train,negative
PAMD-19966,train,negative
PAMD-19967,train,negative
PAMD-19968,train,negative
PAMD-19969,train,negative
PAMD-19970,test,negative
PAMD-19971,train,negative
PAMD-19972,train,negative
PAMD-19973,train,negative
PAMD-19974,train,negative
PAMD-19975,train,negative
PAMD-19976,train,negative
PAMD-19977,train,negative
PAMD-19978,train,negative
PAMD-19979,train,negative
PAMD-19980,train,negative
PAMD-19981,train,negative
PAMD-19982,test,negative
PAMD-19983,train,negative
PAMD-19984,train,negative
PAMD-19985,train,negative
PAMD-19986,train,negative
PAMD-19987,train,negative
PAMD-19988,train,negative
PAMD-19989,train,negative
PAMD-19990,train,negative
PAMD-19991,train,negative
PAMD-19992,train,negative
PAMD-19993,train,negative
PAMD-19994,train,negative
PAMD-19995,train,negative
PAMD-19996,train,negative
PAMD-19997,test,negative
PAMD-19998,train,negative
PAMD-19999,train,negative
PAMD-20000,train,negative
PAMD-20001,train,negative
PAMD-20002,test,negative
PAMD-20003,train,negative
PAMD-20004,train,negative
PAMD-20005,train,negative
PAMD-20006,train,negative
PAMD-20007,train,negative
PAMD-20008,test,negative
PAMD-20009,test,negative
PAMD-20010,train,negative
PAMD-20011,train,negative
PAMD-20012,train,negative
PAMD-20013,train,negative
PAMD-20014,train,negative
PAMD-20015,train,negative
PAMD-20016,test,negative
PAMD-20017,train,negative
PAMD-20018,train,negative
PAMD-20019,train,negative
PAMD-20020,train,negative
PAMD-20021,train,negative
PAMD-20022,train,negative
PAMD-20023,train,negative
PAMD-20024,train,negative
PAMD-20025,train,negative
PAMD-20026,train,negative
PAMD-20027,train,negative
PAMD-20028,train,negative
PAMD-20029,train,negative
PAMD-20030,train,negative
PAMD-20031,train,negative
PAMD-20032,train,negative
PAMD-20033,train,negative
PAMD-20034,train,negative
PAMD-20035,train,negative
PAMD-20036,train,negative
PAMD-20037,train,negative
PAMD-20038,train,negative
PAMD-20039,train,negative
PAMD-20040,train,negative
PAMD-20041,test,negative
PAMD-20042,train,negative
PAMD-20043,train,negative
PAMD-20044,train,negative
PAMD-20045,train,negative
PAMD-20046,train,negative
PAMD-20047,train,negative
PAMD-20048,train,negative
PAMD-20049,train,negative
PAMD-20050,train,negative
PAMD-20051,train,negative
PAMD-20052,train,negative
PAMD-20053,train,negative
PAMD-20054,train,negative
PAMD-20055,train,negative
PAMD-20056,train,negative
PAMD-20057,train,negative
PAMD-20058,train,negative
PAMD-20059,train,negative
PAMD-20060,train,negative
PAMD-20061,train,negative
PAMD-20062,train,negative
PAMD-20063,train,negative
PAMD-20064,train,negative
PAMD-20065,train,negative
PAMD-20066,train,negative
PAMD-20067,train,negative
PAMD-20068,train,negative
PAMD-20069,train,negative
PAMD-20070,train,negative
PAMD-20071,train,negative
PAMD-20072,train,negative
PAMD-20073,train,negative
PAMD-20074,train,negative
PAMD-20075,train,negative
PAMD-20076,train,negative
PAMD-20077,train,negative
PAMD-20078,train,negative
PAMD-20079,train,negative
PAMD-20080,train,negative
PAMD-20081,test,negative
PAMD-20082,train,negative
PAMD-20083,train,negative
PAMD-20084,test,negative
PAMD-20085,train,negative
PAMD-20086,train,negative
PAMD-20087,train,negative
PAMD-20088,train,negative
PAMD-20089,train,negative
PAMD-20090,test,negative
PAMD-20091,train,negative
PAMD-20092,test,negative
PAMD-20093,train,negative
PAMD-20094,test,negative
PAMD-20095,train,negative
PAMD-20096,train,negative
PAMD-20097,train,negative
PAMD-20098,train,negative
PAMD-20099,train,negative
PAMD-20100,train,negative
PAMD-20101,train,negative
PAMD-20102,train,negative
PAMD-20103,train,negative
PAMD-20104,train,negative
PAMD-20105,train,negative
PAMD-20106,test,negative
PAMD-20107,train,negative
PAMD-20108,train,negative
PAMD-20109,train,negative
PAMD-20110,train,negative
PAMD-20111,train,negative
PAMD-20112,train,negative
PAMD-20113,train,negative
PAMD-20114,train,negative
PAMD-20115,train,negative
PAMD-20116,train,negative
PAMD-20117,train,negative
PAMD-20118,train,negative
PAMD-20119,train,negative
PAMD-20120,train,negative
PAMD-20121,train,negative
PAMD-20122,train,negative
PAMD-20123,train,negative
PAMD-20124,train,negative
PAMD-20125,train,negative
PAMD-20126,train,negative
PAMD-20127,test,negative
PAMD-20128,train,negative
PAMD-20129,train,negative
PAMD-20130,train,negative
PAMD-20131,train,negative
PAMD-20132,train,negative
PAMD-20133,test,negative
PAMD-20134,train,negative
PAMD-20135,train,negative
PAMD-20136,train,negative
PAMD-20137,test,negative
PAMD-20138,train,negative
PAMD-20139,train,negative
PAMD-20140,train,negative
PAMD-20141,train,negative
PAMD-20142,train,negative
PAMD-20143,train,negative
PAMD-20144,train,negative
PAMD-20145,train,negative
PAMD-20146,train,negative
PAMD-20147,train,negative
PAMD-20148,train,negative
PAMD-20149,train,negative
PAMD-20150,train,negative
PAMD-20151,test,negative
PAMD-20152,train,negative
PAMD-20153,train,negative
PAMD-20154,train,negative
PAMD-20155,train,negative
PAMD-20156,train,negative
PAMD-20157,train,negative
PAMD-20158,train,negative
PAMD-20159,train,negative
PAMD-20160,test,negative
PAMD-20161,train,negative
PAMD-20162,train,negative
PAMD-20163,train,negative
PAMD-20164,train,negative
PAMD-20165,train,negative
PAMD-20166,train,negative
PAMD-20167,train,negative
PAMD-20168,train,negative
PAMD-20169,train,negative
PAMD-20170,train,negative
PAMD-20171,train,negative
PAMD-20172,train,negative
PAMD-20173,train,negative
PAMD-20174,train,negative
PAMD-20175,train,negative
PAMD-20176,train,negative
PAMD-20177,train,negative
PAMD-20178,train,negative
PAMD-20179,train,negative
PAMD-20180,train,negative
PAMD-20181,train,negative
PAMD-20182,train,negative
PAMD-20183,train,negative
PAMD-20184,train,negative
PAMD-20185,train,negative
PAMD-20186,train,negative
PAMD-20187,train,negative
PAMD-20188,train,negative
PAMD-20189,test,negative
PAMD-20190,train,negative
PAMD-20191,train,negative
PAMD-20192,train,negative
PAMD-20193,train,negative
PAMD-20194,train,negative
PAMD-20195,train,negative
PAMD-20196,train,negative
PAMD-20197,train,negative
PAMD-20198,train,negative
PAMD-20199,train,negative
PAMD-20200,train,negative
PAMD-20201,train,negative
PAMD-20202,train,negative
PAMD-20203,train,negative
PAMD-20204,train,negative
PAMD-20205,train,negative
PAMD-20206,train,negative
PAMD-20207,train,negative
PAMD-20208,train,negative
PAMD-20209,train,negative
PAMD-20210,train,negative
PAMD-20211,train,negative
PAMD-20212,train,negative
PAMD-20213,train,negative
PAMD-20214,train,negative
PAMD-20215,test,negative
PAMD-20216,train,negative
PAMD-20217,train,negative
PAMD-20218,train,negative
PAMD-20219,train,negative
PAMD-20220,train,negative
PAMD-20221,train,negative
PAMD-20222,train,negative
PAMD-20223,train,negative
PAMD-20224,train,negative
PAMD-20225,train,negative
PAMD-20226,train,negative
PAMD-20227,train,negative
PAMD-20228,train,negative
PAMD-20229,train,negative
PAMD-20230,train,negative
PAMD-20231,train,negative
PAMD-20232,train,negative
PAMD-20233,train,negative
PAMD-20234,train,negative
PAMD-20235,train,negative
PAMD-20236,train,negative
PAMD-20237,train,negative
PAMD-20238,train,negative
PAMD-20239,train,negative
PAMD-20240,test,negative
PAMD-20241,train,negative
PAMD-20242,test,negative
PAMD-20243,train,negative
PAMD-20244,train,negative
PAMD-20245,train,negative
PAMD-20246,train,negative
PAMD-20247,train,negative
PAMD-20248,train,negative
PAMD-20249,train,negative
PAMD-20250,train,negative
PAMD-20251,train,negative
PAMD-20252,train,negative
PAMD-20253,train,negative
PAMD-20254,test,negative
PAMD-20255,train,negative
PAMD-20256,train,negative
PAMD-20257,train,negative
PAMD-20258,train,negative
PAMD-20259,train,negative
PAMD-20260,train,negative
PAMD-20261,train,negative
PAMD-20262,train,negative
PAMD-20263,train,negative
PAMD-20264,train,negative
PAMD-20265,train,negative
PAMD-20266,train,negative
PAMD-20267,train,negative
PAMD-20268,train,negative
PAMD-20269,train,negative
PAMD-20270,train,negative
PAMD-20271,train,negative
PAMD-20272,train,negative
PAMD-20273,train,negative
PAMD-20274,train,negative
PAMD-20275,train,negative
PAMD-20276,train,negative
PAMD-20277,train,negative
PAMD-20278,train,negative
PAMD-20279,train,negative
PAMD-20280,train,negative
PAMD-20281,train,negative
PAMD-20282,train,negative
PAMD-20283,train,negative
PAMD-20284,train,negative
PAMD-20285,train,negative
PAMD-20286,train,negative
PAMD-20287,train,negative
PAMD-20288,train,negative
PAMD-20289,train,negative
PAMD-20290,train,negative
PAMD-20291,train,negative
PAMD-20292,train,negative
PAMD-20293,test,negative
PAMD-20294,train,negative
PAMD-20295,train,negative
PAMD-20296,train,negative
PAMD-20297,train,negative
PAMD-20298,train,negative
PAMD-20299,train,negative
PAMD-20300,train,negative
PAMD-20301,train,negative
PAMD-20302,train,negative
PAMD-20303,train,negative
PAMD-20304,train,negative
PAMD-20305,train,negative
PAMD-20306,train,negative
PAMD-20307,train,negative
PAMD-20308,train,negative
PAMD-20309,test,negative
PAMD-20310,train,negative
PAMD-20311,train,negative
PAMD-20312,train,negative
PAMD-20313,test,negative
PAMD-20314,train,negative
PAMD-20315,train,negative
PAMD-20316,train,negative
PAMD-20317,train,negative
PAMD-20318,train,negative
PAMD-20319,train,negative
PAMD-20320,train,negative
PAMD-20321,train,negative
PAMD-20322,train,negative
PAMD-20323,train,negative
PAMD-20324,train,negative
PAMD-20325,train,negative
PAMD-20326,train,negative
PAMD-20327,train,negative
PAMD-20328,train,negative
PAMD-20329,train,negative
PAMD-20330,train,negative
PAMD-20331,train,negative
PAMD-20332,test,negative
PAMD-20333,train,negative
PAMD-20334,train,negative
PAMD-20335,train,negative
PAMD-20336,train,negative
PAMD-20337,train,negative
PAMD-20338,train,negative
PAMD-20339,train,negative
PAMD-20340,train,negative
PAMD-20341,train,negative
PAMD-20342,train,negative
PAMD-20343,train,negative
PAMD-20344,train,negative
PAMD-20345,train,negative
PAMD-20346,train,negative
PAMD-20347,train,negative
PAMD-20348,train,negative
PAMD-20349,test,negative
PAMD-20350,train,negative
PAMD-20351,test,negative
PAMD-20352,train,negative
PAMD-20353,train,negative
PAMD-20354,train,negative
PAMD-20355,train,negative
PAMD-20356,train,negative
PAMD-20357,train,negative
PAMD-20358,train,negative
PAMD-20359,train,negative
PAMD-20360,train,negative
PAMD-20361,train,negative
PAMD-20362,train,negative
PAMD-20363,train,negative
PAMD-20364,test,negative
PAMD-20365,train,negative
PAMD-20366,train,negative
PAMD-20367,train,negative
PAMD-20368,test,negative
PAMD-20369,train,negative
PAMD-20370,train,negative
PAMD-20371,train,negative
PAMD-20372,train,negative
PAMD-20373,train,negative
PAMD-20374,train,negative
PAMD-20375,train,negative
PAMD-20376,train,negative
PAMD-20377,train,negative
PAMD-20378,train,negative
PAMD-20379,train,negative
PAMD-20380,train,negative
PAMD-20381,train,negative
PAMD-20382,train,negative
PAMD-20383,train,negative
PAMD-20384,test,negative
PAMD-20385,train,negative
PAMD-20386,train,negative
PAMD-20387,train,negative
PAMD-20388,train,negative
PAMD-20389,train,negative
PAMD-20390,train,negative
PAMD-20391,train,negative
PAMD-20392,train,negative
PAMD-20393,train,negative
PAMD-20394,train,negative
PAMD-20395,train,negative
PAMD-20396,train,negative
PAMD-20397,train,negative
PAMD-20398,train,negative
PAMD-20399,train,negative
PAMD-20400,train,negative
PAMD-20401,train,negative
PAMD-20402,test,negative
PAMD-20403,test,negative
PAMD-20404,test,negative
PAMD-20405,train,negative
PAMD-20406,train,negative
PAMD-20407,train,negative
PAMD-20408,train,negative
PAMD-20409,train,negative
PAMD-20410,train,negative
PAMD-20411,train,negative
PAMD-20412,train,negative
PAMD-20413,train,negative
PAMD-20414,train,negative
PAMD-20415,train,negative
PAMD-20416,test,negative
PAMD-20417,train,negative
PAMD-20418,train,negative
PAMD-20419,train,negative
PAMD-20420,test,negative
PAMD-20421,train,negative
PAMD-20422,train,negative
PAMD-20423,train,negative
PAMD-20424,train,negative
PAMD-20425,train,negative
PAMD-20426,train,negative
PAMD-20427,train,negative
PAMD-20428,test,negative
PAMD-20429,train,negative
PAMD-20430,train,negative
PAMD-20431,train,negative
PAMD-20432,train,negative
PAMD-20433,train,negative
PAMD-20434,train,negative
PAMD-20435,test,negative
PAMD-20436,train,negative
PAMD-20437,train,negative
PAMD-20438,train,negative
PAMD-20439,train,negative
PAMD-20440,train,negative
PAMD-20441,test,negative
PAMD-20442,train,negative
PAMD-20443,train,negative
PAMD-20444,train,negative
PAMD-20445,train,negative
PAMD-20446,train,negative
PAMD-20447,train,negative
PAMD-20448,train,negative
PAMD-20449,train,negative
PAMD-20450,train,negative
PAMD-20451,test,negative
PAMD-20452,train,negative
PAMD-20453,train,negative
PAMD-20454,train,negative
PAMD-20455,train,negative
PAMD-20456,train,negative
PAMD-20457,train,negative
PAMD-20458,train,negative
PAMD-20459,train,negative
PAMD-20460,test,negative
PAMD-20461,train,negative
PAMD-20462,train,negative
PAMD-20463,train,negative
PAMD-20464,train,negative
PAMD-20465,test,negative
PAMD-20466,train,negative
PAMD-20467,train,negative
PAMD-20468,train,negative
PAMD-20469,train,negative
PAMD-20470,train,negative
PAMD-20471,train,negative
PAMD-20472,train,negative
PAMD-20473,train,negative
PAMD-20474,train,negative
PAMD-20475,train,negative
PAMD-20476,train,negative
PAMD-20477,train,negative
PAMD-20478,train,negative
PAMD-20479,train,negative
PAMD-20480,test,negative
PAMD-20481,train,negative
PAMD-20482,train,negative
PAMD-20483,train,negative
PAMD-20484,train,negative
PAMD-20485,train,negative
PAMD-20486,train,negative
PAMD-20487,train,negative
PAMD-20488,train,negative
PAMD-20489,train,negative
PAMD-20490,train,negative
PAMD-20491,train,negative
PAMD-20492,train,negative
PAMD-20493,train,negative
PAMD-20494,train,negative
PAMD-20495,train,negative
PAMD-20496,train,negative
PAMD-20497,train,negative
PAMD-20498,test,negative
PAMD-20499,train,negative
PAMD-20500,train,negative
PAMD-20501,train,negative
PAMD-20502,train,negative
PAMD-20503,train,negative
PAMD-20504,train,negative
PAMD-20505,train,negative
PAMD-20506,train,negative
PAMD-20507,train,negative
PAMD-20508,train,negative
PAMD-20509,train,negative
PAMD-20510,train,negative
PAMD-20511,train,negative
PAMD-20512,train,negative
PAMD-20513,train,negative
PAMD-20514,train,negative
PAMD-20515,train,negative
PAMD-20516,train,negative
PAMD-20517,train,negative
PAMD-20518,train,negative
PAMD-20519,test,negative
PAMD-20520,train,negative
PAMD-20521,train,negative
PAMD-20522,train,negative
PAMD-20523,train,negative
PAMD-20524,train,negative
PAMD-20525,train,negative
PAMD-20526,train,negative
PAMD-20527,train,negative
PAMD-20528,train,negative
PAMD-20529,train,negative
PAMD-20530,train,negative
PAMD-20531,train,negative
PAMD-20532,test,negative
PAMD-20533,test,negative
PAMD-20534,train,negative
PAMD-20535,train,negative
PAMD-20536,train,negative
PAMD-20537,train,negative
PAMD-20538,train,negative
PAMD-20539,train,negative
PAMD-20540,train,negative
PAMD-20541,train,negative
PAMD-20542,train,negative
PAMD-20543,train,negative
PAMD-20544,train,negative
PAMD-20545,train,negative
PAMD-20546,train,negative
PAMD-20547,train,negative
PAMD-20548,train,negative
PAMD-20549,train,negative
PAMD-20550,train,negative
PAMD-20551,train,negative
PAMD-20552,train,negative
PAMD-20553,train,negative
PAMD-20554,train,negative
PAMD-20555,train,negative
PAMD-20556,train,negative
PAMD-20557,train,negative
PAMD-20558,train,negative
PAMD-20559,train,negative
PAMD-20560,train,negative
PAMD-20561,train,negative
PAMD-20562,train,negative
PAMD-20563,train,negative
PAMD-20564,test,negative
PAMD-20565,train,negative
PAMD-20566,train,negative
PAMD-20567,train,negative
PAMD-20568,train,negative
PAMD-20569,train,negative
PAMD-20570,train,negative
PAMD-20571,train,negative
PAMD-20572,train,negative
PAMD-20573,test,negative
PAMD-20574,train,negative
PAMD-20575,test,negative
PAMD-20576,train,negative
PAMD-20577,train,negative
PAMD-20578,train,negative
PAMD-20579,train,negative
PAMD-20580,train,negative
PAMD-20581,train,negative
PAMD-20582,train,negative
PAMD-20583,train,negative
PAMD-20584,train,negative
PAMD-20585,train,negative
PAMD-20586,train,negative
PAMD-20587,train,negative
PAMD-20588,train,negative
PAMD-20589,train,negative
PAMD-20590,train,negative
PAMD-20591,train,negative
PAMD-20592,train,negative
PAMD-20593,train,negative
PAMD-20594,train,negative
PAMD-20595,test,negative
PAMD-20596,train,negative
PAMD-20597,train,negative
PAMD-20598,train,negative
PAMD-20599,train,negative
PAMD-20600,train,negative
PAMD-20601,test,negative
PAMD-20602,train,negative
PAMD-20603,train,negative
PAMD-20604,train,negative
PAMD-20605,train,negative
PAMD-20606,train,negative
PAMD-20607,train,negative
PAMD-20608,test,negative
PAMD-20609,train,negative
PAMD-20610,test,negative
PAMD-20611,train,negative
PAMD-20612,test,negative
PAMD-20613,train,negative
PAMD-20614,train,negative
PAMD-20615,train,negative
PAMD-20616,train,negative
PAMD-20617,train,negative
PAMD-20618,train,negative
PAMD-20619,train,negative
PAMD-20620,train,negative
PAMD-20621,train,negative
PAMD-20622,train,negative
PAMD-20623,train,negative
PAMD-20624,train,negative
PAMD-20625,train,negative
PAMD-20626,train,negative
PAMD-20627,test,negative
PAMD-20628,test,negative
PAMD-20629,train,negative
PAMD-20630,train,negative
PAMD-20631,train,negative
PAMD-20632,train,negative
PAMD-20633,train,negative
PAMD-20634,train,negative
PAMD-20635,test,negative
PAMD-20636,train,negative
PAMD-20637,train,negative
PAMD-20638,train,negative
PAMD-20639,train,negative
PAMD-20640,train,negative
PAMD-20641,train,negative
PAMD-20642,train,negative
PAMD-20643,train,negative
PAMD-20644,train,negative
PAMD-20645,train,negative
PAMD-20646,train,negative
PAMD-20647,train,negative
PAMD-20648,train,negative
PAMD-20649,train,negative
PAMD-20650,train,negative
PAMD-20651,train,negative
PAMD-20652,train,negative
PAMD-20653,train,negative
PAMD-20654,train,negative
PAMD-20655,train,negative
PAMD-20656,train,negative
PAMD-20657,train,negative
PAMD-20658,train,negative
PAMD-20659,train,negative
PAMD-20660,train,negative
PAMD-20661,test,negative
PAMD-20662,train,negative
PAMD-20663,train,negative
PAMD-20664,train,negative
PAMD-20665,train,negative
PAMD-20666,train,negative
PAMD-20667,train,negative
PAMD-20668,train,negative
PAMD-20669,train,negative
PAMD-20670,train,negative
PAMD-20671,train,negative
PAMD-20672,train,negative
PAMD-20673,test,negative
PAMD-20674,train,negative
PAMD-20675,train,negative
PAMD-20676,train,negative
PAMD-20677,test,negative
PAMD-20678,train,negative
PAMD-20679,train,negative
PAMD-20680,train,negative
PAMD-20681,train,negative
PAMD-20682,train,negative
PAMD-20683,train,negative
PAMD-20684,train,negative
PAMD-20685,train,negative
PAMD-20686,train,negative
PAMD-20687,train,negative
PAMD-20688,train,negative
PAMD-20689,train,negative
PAMD-20690,train,negative
PAMD-20691,train,negative
PAMD-20692,train,negative
PAMD-20693,train,negative
PAMD-20694,train,negative
PAMD-20695,train,negative
PAMD-20696,test,negative
PAMD-20697,test,negative
PAMD-20698,train,negative
PAMD-20699,train,negative
PAMD-20700,train,negative
PAMD-20701,train,negative
PAMD-20702,train,negative
PAMD-20703,train,negative
PAMD-20704,train,negative
PAMD-20705,train,negative
PAMD-20706,train,negative
PAMD-20707,train,negative
PAMD-20708,train,negative
PAMD-20709,test,negative
PAMD-20710,train,negative
PAMD-20711,train,negative
PAMD-20712,train,negative
PAMD-20713,train,negative
PAMD-20714,train,negative
PAMD-20715,train,negative
PAMD-20716,train,negative
PAMD-20717,train,negative
PAMD-20718,train,negative
PAMD-20719,train,negative
PAMD-20720,test,negative
PAMD-20721,train,negative
PAMD-20722,train,negative
PAMD-20723,train,negative
PAMD-20724,train,negative
PAMD-20725,train,negative
PAMD-20726,train,negative
PAMD-20727,train,negative
PAMD-20728,train,negative
PAMD-20729,test,negative
PAMD-20730,train,negative
PAMD-20731,train,negative
PAMD-20732,train,negative
PAMD-20733,train,negative
PAMD-20734,train,negative
PAMD-20735,train,negative
PAMD-20736,train,negative
PAMD-20737,train,negative
PAMD-20738,train,negative
PAMD-20739,train,negative
PAMD-20740,train,negative
PAMD-20741,train,negative
PAMD-20742,train,negative
PAMD-20743,test,negative
PAMD-20744,train,negative
PAMD-20745,train,negative
PAMD-20746,train,negative
PAMD-20747,test,negative
PAMD-20748,train,negative
PAMD-20749,train,negative
PAMD-20750,train,negative
PAMD-20751,train,negative
PAMD-20752,train,negative
PAMD-20753,train,negative
PAMD-20754,train,negative
PAMD-20755,train,negative
PAMD-20756,train,negative
PAMD-20757,train,negative
PAMD-20758,train,negative
PAMD-20759,train,negative
PAMD-20760,train,negative
PAMD-20761,train,negative
PAMD-20762,train,negative
PAMD-20763,train,negative
PAMD-20764,train,negative
PAMD-20765,train,negative
PAMD-20766,train,negative
PAMD-20767,train,negative
PAMD-20768,train,negative
PAMD-20769,train,negative
PAMD-20770,train,negative
PAMD-20771,test,negative
PAMD-20772,train,negative
PAMD-20773,train,negative
PAMD-20774,test,negative
PAMD-20775,test,negative
PAMD-20776,train,negative
PAMD-20777,train,negative
PAMD-20778,train,negative
PAMD-20779,train,negative
PAMD-20780,train,negative
PAMD-20781,train,negative
PAMD-20782,train,negative
PAMD-20783,train,negative
PAMD-20784,train,negative
PAMD-20785,train,negative
PAMD-20786,train,negative
PAMD-20787,train,negative
PAMD-20788,train,negative
PAMD-20789,train,negative
PAMD-20790,train,negative
PAMD-20791,train,negative
PAMD-20792,train,negative
PAMD-20793,test,negative
PAMD-20794,train,negative
PAMD-20795,train,negative
PAMD-20796,train,negative
PAMD-20797,train,negative
PAMD-20798,train,negative
PAMD-20799,train,negative
PAMD-20800,train,negative
PAMD-20801,train,negative
PAMD-20802,train,negative
PAMD-20803,train,negative
PAMD-20804,train,negative
PAMD-20805,train,negative
PAMD-20806,train,negative
PAMD-20807,train,negative
PAMD-20808,train,negative
PAMD-20809,train,negative
PAMD-20810,train,negative
PAMD-20811,train,negative
PAMD-20812,train,negative
PAMD-20813,train,negative
PAMD-20814,train,negative
PAMD-20815,train,negative
PAMD-20816,train,negative
PAMD-20817,train,negative
PAMD-20818,train,negative
PAMD-20819,train,negative
PAMD-20820,train,negative
PAMD-20821,train,negative
PAMD-20822,train,negative
PAMD-20823,test,negative
PAMD-20824,train,negative
PAMD-20825,train,negative
PAMD-20826,train,negative
PAMD-20827,train,negative
PAMD-20828,train,negative
PAMD-20829,train,negative
PAMD-20830,train,negative
PAMD-20831,train,negative
PAMD-20832,train,negative
PAMD-20833,train,negative
PAMD-20834,train,negative
PAMD-20835,train,negative
PAMD-20836,train,negative
PAMD-20837,train,negative
PAMD-20838,train,negative
PAMD-20839,train,negative
PAMD-20840,train,negative
PAMD-20841,train,negative
PAMD-20842,train,negative
PAMD-20843,test,negative
PAMD-20844,train,negative
PAMD-20845,train,negative
PAMD-20846,train,negative
PAMD-20847,train,negative
PAMD-20848,train,negative
PAMD-20849,test,negative
PAMD-20850,test,negative
PAMD-20851,test,negative
PAMD-20852,train,negative
PAMD-20853,test,negative
PAMD-20854,train,negative
PAMD-20855,train,negative
PAMD-20856,train,negative
PAMD-20857,train,negative
PAMD-20858,train,negative
PAMD-20859,train,negative
PAMD-20860,train,negative
PAMD-20861,train,negative
PAMD-20862,train,negative
PAMD-20863,train,negative
PAMD-20864,train,negative
PAMD-20865,test,negative
PAMD-20866,train,negative
PAMD-20867,train,negative
PAMD-20868,test,negative
PAMD-20869,train,negative
PAMD-20870,train,negative
PAMD-20871,train,negative
PAMD-20872,train,negative
PAMD-20873,train,negative
PAMD-20874,train,negative
PAMD-20875,test,negative
PAMD-20876,train,negative
PAMD-20877,train,negative
PAMD-20878,train,negative
PAMD-20879,train,negative
PAMD-20880,train,negative
PAMD-20881,train,negative
PAMD-20882,train,negative
PAMD-20883,train,negative
PAMD-20884,train,negative
PAMD-20885,train,negative
PAMD-20886,train,negative
PAMD-20887,train,negative
PAMD-20888,train,negative
PAMD-20889,train,negative
PAMD-20890,train,negative
PAMD-20891,train,negative
PAMD-20892,train,negative
PAMD-20893,train,negative
PAMD-20894,train,negative
PAMD-20895,train,negative
PAMD-20896,train,negative
PAMD-20897,train,negative
PAMD-20898,train,negative
PAMD-20899,train,negative
PAMD-20900,train,negative
PAMD-20901,test,negative
PAMD-20902,train,negative
PAMD-20903,train,negative
PAMD-20904,train,negative
PAMD-20905,train,negative
PAMD-20906,train,negative
PAMD-20907,test,negative
PAMD-20908,train,negative
PAMD-20909,train,negative
PAMD-20910,train,negative
PAMD-20911,train,negative
PAMD-20912,train,negative
PAMD-20913,train,negative
PAMD-20914,train,negative
PAMD-20915,train,negative
PAMD-20916,train,negative
PAMD-20917,train,negative
PAMD-20918,train,negative
PAMD-20919,train,negative
PAMD-20920,train,negative
PAMD-20921,train,negative
PAMD-20922,train,negative
PAMD-20923,train,negative
PAMD-20924,train,negative
PAMD-20925,test,negative
PAMD-20926,train,negative
PAMD-20927,test,negative
PAMD-20928,train,negative
PAMD-20929,train,negative
PAMD-20930,test,negative
PAMD-20931,train,negative
PAMD-20932,train,negative
PAMD-20933,train,negative
PAMD-20934,train,negative
PAMD-20935,train,negative
PAMD-20936,train,negative
PAMD-20937,train,negative
PAMD-20938,train,negative
PAMD-20939,train,negative
PAMD-20940,train,negative
PAMD-20941,train,negative
PAMD-20942,train,negative
PAMD-20943,train,negative
PAMD-20944,train,negative
PAMD-20945,train,negative
PAMD-20946,train,negative
PAMD-20947,train,negative
PAMD-20948,test,negative
PAMD-20949,train,negative
PAMD-20950,train,negative
PAMD-20951,train,negative
PAMD-20952,test,negative
PAMD-20953,train,negative
PAMD-20954,train,negative
PAMD-20955,test,negative
PAMD-20956,train,negative
PAMD-20957,train,negative
PAMD-20958,train,negative
PAMD-20959,train,negative
PAMD-20960,train,negative
PAMD-20961,train,negative
PAMD-20962,train,negative
PAMD-20963,train,negative
PAMD-20964,train,negative
PAMD-20965,train,negative
PAMD-20966,test,negative
PAMD-20967,train,negative
PAMD-20968,train,negative
PAMD-20969,train,negative
PAMD-20970,train,negative
PAMD-20971,train,negative
PAMD-20972,train,negative
PAMD-20973,train,negative
PAMD-20974,train,negative
PAMD-20975,train,negative
PAMD-20976,train,negative
PAMD-20977,train,negative
PAMD-20978,train,negative
PAMD-20979,train,negative
PAMD-20980,test,negative
PAMD-20981,train,negative
PAMD-20982,train,negative
PAMD-20983,train,negative
PAMD-20984,train,negative
PAMD-20985,train,negative
PAMD-20986,test,negative
PAMD-20987,train,negative
PAMD-20988,train,negative
PAMD-20989,train,negative
PAMD-20990,train,negative
PAMD-20991,train,negative
PAMD-20992,train,negative
PAMD-20993,train,negative
PAMD-20994,train,negative
PAMD-20995,train,negative
PAMD-20996,train,negative
PAMD-20997,train,negative
PAMD-20998,train,negative
PAMD-20999,train,negative
PAMD-21000,train,negative
PAMD-21001,train,negative
PAMD-21002,train,negative
PAMD-21003,train,negative
PAMD-21004,train,negative
PAMD-21005,test,negative
PAMD-21006,train,negative
PAMD-21007,train,negative
PAMD-21008,train,negative
PAMD-21009,train,negative
PAMD-21010,train,negative
PAMD-21011,train,negative
PAMD-21012,train,negative
PAMD-21013,train,negative
PAMD-21014,train,negative
PAMD-21015,train,negative
PAMD-21016,train,negative
PAMD-21017,train,negative
PAMD-21018,train,negative
PAMD-21019,train,negative
PAMD-21020,train,negative
PAMD-21021,train,negative
PAMD-21022,train,negative
PAMD-21023,test,negative
PAMD-21024,train,negative
PAMD-21025,train,negative
PAMD-21026,train,negative
PAMD-21027,train,negative
PAMD-21028,train,negative
PAMD-21029,train,negative
PAMD-21030,train,negative
PAMD-21031,train,negative
PAMD-21032,train,negative
PAMD-21033,train,negative
PAMD-21034,train,negative
PAMD-21035,train,negative
PAMD-21036,train,negative
PAMD-21037,test,negative
PAMD-21038,train,negative
PAMD-21039,train,negative
PAMD-21040,train,negative
PAMD-21041,train,negative
PAMD-21042,train,negative
PAMD-21043,train,negative
PAMD-21044,train,negative
PAMD-21045,train,negative
PAMD-21046,train,negative
PAMD-21047,train,negative
PAMD-21048,train,negative
PAMD-21049,train,negative
PAMD-21050,train,negative
PAMD-21051,train,negative
PAMD-21052,train,negative
PAMD-21053,train,negative
PAMD-21054,train,negative
PAMD-21055,train,negative
PAMD-21056,train,negative
PAMD-21057,train,negative
PAMD-21058,train,negative
PAMD-21059,train,negative
PAMD-21060,train,negative
PAMD-21061,test,negative
PAMD-21062,train,negative
PAMD-21063,train,negative
PAMD-21064,train,negative
PAMD-21065,train,negative
PAMD-21066,train,negative
PAMD-21067,train,negative
PAMD-21068,train,negative
PAMD-21069,train,negative
PAMD-21070,train,negative
PAMD-21071,train,negative
PAMD-21072,train,negative
PAMD-21073,train,negative
PAMD-21074,train,negative
PAMD-21075,train,negative
PAMD-21076,train,negative
PAMD-21077,train,negative
PAMD-21078,train,negative
PAMD-21079,train,negative
PAMD-21080,train,negative
PAMD-21081,train,negative
PAMD-21082,test,negative
PAMD-21083,train,negative
PAMD-21084,train,negative
PAMD-21085,train,negative
PAMD-21086,train,negative
PAMD-21087,train,negative
PAMD-21088,train,negative
PAMD-21089,train,negative
PAMD-21090,train,negative
PAMD-21091,train,negative
PAMD-21092,train,negative
PAMD-21093,train,negative
PAMD-21094,train,negative
PAMD-21095,train,negative
PAMD-21096,train,negative
PAMD-21097,train,negative
PAMD-21098,train,negative
PAMD-21099,train,negative
PAMD-21100,test,negative
PAMD-21101,train,negative
PAMD-21102,train,negative
PAMD-21103,train,negative
PAMD-21104,train,negative
PAMD-21105,train,negative
PAMD-21106,train,negative
PAMD-21107,train,negative
PAMD-21108,train,negative
PAMD-21109,train,negative
PAMD-21110,train,negative
PAMD-21111,train,negative
PAMD-21112,train,negative
PAMD-21113,test,negative
PAMD-21114,train,negative
PAMD-21115,test,negative
PAMD-21116,train,negative
PAMD-21117,train,negative
PAMD-21118,train,negative
PAMD-21119,train,negative
PAMD-21120,train,negative
PAMD-21121,train,negative
PAMD-21122,test,negative
PAMD-21123,train,negative
PAMD-21124,train,negative
PAMD-21125,test,negative
PAMD-21126,train,negative
PAMD-21127,train,negative
PAMD-21128,train,negative
PAMD-21129,train,negative
PAMD-21130,test,negative
PAMD-21131,test,negative
PAMD-21132,train,negative
PAMD-21133,test,negative
PAMD-21134,train,negative
PAMD-21135,train,negative
PAMD-21136,train,negative
PAMD-21137,train,negative
PAMD-21138,test,negative
PAMD-21139,train,negative
PAMD-21140,train,negative
PAMD-21141,train,negative
PAMD-21142,train,negative
PAMD-21143,train,negative
PAMD-21144,train,negative
PAMD-21145,train,negative
PAMD-21146,train,negative
PAMD-21147,test,negative
PAMD-21148,train,negative
PAMD-21149,train,negative
PAMD-21150,train,negative
PAMD-21151,train,negative
PAMD-21152,train,negative
PAMD-21153,train,negative
PAMD-21154,train,negative
PAMD-21155,train,negative
PAMD-21156,train,negative
PAMD-21157,train,negative
PAMD-21158,train,negative
PAMD-21159,train,negative
PAMD-21160,test,negative
PAMD-21161,train,negative
PAMD-21162,train,negative
PAMD-21163,train,negative
PAMD-21164,test,negative
PAMD-21165,train,negative
PAMD-21166,train,negative
PAMD-21167,train,negative
PAMD-21168,train,negative
PAMD-21169,train,negative
PAMD-21170,train,negative
PAMD-21171,train,negative
PAMD-21172,train,negative
PAMD-21173,train,negative
PAMD-21174,train,negative
PAMD-21175,train,negative
PAMD-21176,train,negative
PAMD-21177,train,negative
PAMD-21178,test,negative
PAMD-21179,train,negative
PAMD-21180,test,negative
PAMD-21181,train,negative
PAMD-21182,train,negative
PAMD-21183,train,negative
PAMD-21184,train,negative
PAMD-21185,test,negative
PAMD-21186,train,negative
PAMD-21187,train,negative
PAMD-21188,train,negative
PAMD-21189,train,negative
PAMD-21190,train,negative
PAMD-21191,train,negative
PAMD-21192,train,negative
PAMD-21193,train,negative
PAMD-21194,train,negative
PAMD-21195,train,negative
PAMD-21196,train,negative
PAMD-21197,train,negative
PAMD-21198,train,negative
PAMD-21199,train,negative
PAMD-21200,train,negative
PAMD-21201,train,negative
PAMD-21202,train,negative
PAMD-21203,train,negative
PAMD-21204,train,negative
PAMD-21205,train,negative
PAMD-21206,train,negative
PAMD-21207,test,negative
PAMD-21208,train,negative
PAMD-21209,test,negative
PAMD-21210,test,negative
PAMD-21211,train,negative
PAMD-21212,train,negative
PAMD-21213,train,negative
PAMD-21214,train,negative
PAMD-21215,train,negative
PAMD-21216,train,negative
PAMD-21217,train,negative
PAMD-21218,test,negative
PAMD-21219,train,negative
PAMD-21220,test,negative
PAMD-21221,train,negative
PAMD-21222,train,negative
PAMD-21223,test,negative
PAMD-21224,train,negative
PAMD-21225,train,negative
PAMD-21226,train,negative
PAMD-21227,train,negative
PAMD-21228,train,negative
PAMD-21229,train,negative
PAMD-21230,train,negative
PAMD-21231,train,negative
PAMD-21232,test,negative
PAMD-21233,test,negative
PAMD-21234,train,negative
PAMD-21235,train,negative
PAMD-21236,train,negative
PAMD-21237,train,negative
PAMD-21238,train,negative
PAMD-21239,test,negative
PAMD-21240,train,negative
PAMD-21241,train,negative
PAMD-21242,train,negative
PAMD-21243,train,negative
PAMD-21244,train,negative
PAMD-21245,train,negative
PAMD-21246,train,negative
PAMD-21247,train,negative
PAMD-21248,train,negative
PAMD-21249,train,negative
PAMD-21250,test,negative
PAMD-21251,train,negative
PAMD-21252,train,negative
PAMD-21253,train,negative
PAMD-21254,train,negative
PAMD-21255,train,negative
PAMD-21256,train,negative
PAMD-21257,train,negative
PAMD-21258,train,negative
PAMD-21259,train,negative
PAMD-21260,train,negative
PAMD-21261,train,negative
PAMD-21262,train,negative
PAMD-21263,train,negative
PAMD-21264,train,negative
PAMD-21265,train,negative
PAMD-21266,train,negative
PAMD-21267,train,negative
PAMD-21268,train,negative
PAMD-21269,train,negative
PAMD-21270,train,negative
PAMD-21271,train,negative
PAMD-21272,train,negative
PAMD-21273,test,negative
PAMD-21274,train,negative
PAMD-21275,train,negative
PAMD-21276,train,negative
PAMD-21277,test,negative
PAMD-21278,train,negative
PAMD-21279,train,negative
PAMD-21280,train,negative
PAMD-21281,train,negative
PAMD-21282,train,negative
PAMD-21283,train,negative
PAMD-21284,train,negative
PAMD-21285,train,negative
PAMD-21286,train,negative
PAMD-21287,train,negative
PAMD-21288,train,negative
PAMD-21289,train,negative
PAMD-21290,train,negative
PAMD-21291,train,negative
PAMD-21292,train,negative
PAMD-21293,train,negative
PAMD-21294,train,negative
PAMD-21295,train,negative
PAMD-21296,train,negative
PAMD-21297,train,negative
PAMD-21298,train,negative
PAMD-21299,train,negative
PAMD-21300,train,negative
PAMD-21301,train,negative
PAMD-21302,train,negative
PAMD-21303,train,negative
PAMD-21304,train,negative
PAMD-21305,train,negative
PAMD-21306,train,negative
PAMD-21307,train,negative
PAMD-21308,test,negative
PAMD-21309,train,negative
PAMD-21310,train,negative
PAMD-21311,train,negative
PAMD-21312,train,negative
PAMD-21313,train,negative
PAMD-21314,train,negative
PAMD-21315,train,negative
PAMD-21316,train,negative
PAMD-21317,train,negative
PAMD-21318,train,negative
PAMD-21319,test,negative
PAMD-21320,train,negative
PAMD-21321,train,negative
PAMD-21322,train,negative
PAMD-21323,train,negative
PAMD-21324,test,negative
PAMD-21325,train,negative
PAMD-21326,train,negative
PAMD-21327,train,negative
PAMD-21328,train,negative
PAMD-21329,train,negative
PAMD-21330,train,negative
PAMD-21331,train,negative
PAMD-21332,test,negative
PAMD-21333,train,negative
PAMD-21334,train,negative
PAMD-21335,train,negative
PAMD-21336,train,negative
PAMD-21337,train,negative
PAMD-21338,train,negative
PAMD-21339,test,negative
PAMD-21340,train,negative
PAMD-21341,train,negative
PAMD-21342,train,negative
PAMD-21343,train,negative
PAMD-21344,train,negative
PAMD-21345,train,negative
PAMD-21346,train,negative
PAMD-21347,train,negative
PAMD-21348,train,negative
PAMD-21349,train,negative
PAMD-21350,train,negative
PAMD-21351,train,negative
PAMD-21352,train,negative
PAMD-21353,train,negative
PAMD-21354,train,negative
PAMD-21355,train,negative
PAMD-21356,train,negative
PAMD-21357,train,negative
PAMD-21358,train,negative
PAMD-21359,train,negative
PAMD-21360,train,negative
PAMD-21361,train,negative
PAMD-21362,train,negative
PAMD-21363,train,negative
PAMD-21364,test,negative
PAMD-21365,train,negative
PAMD-21366,train,negative
PAMD-21367,train,negative
PAMD-21368,train,negative
PAMD-21369,train,negative
PAMD-21370,train,negative
PAMD-21371,train,negative
PAMD-21372,train,negative
PAMD-21373,test,negative
PAMD-21374,train,negative
PAMD-21375,train,negative
PAMD-21376,train,negative
PAMD-21377,train,negative
PAMD-21378,train,negative
PAMD-21379,train,negative
PAMD-21380,train,negative
PAMD-21381,train,negative
PAMD-21382,train,negative
PAMD-21383,train,negative
PAMD-21384,train,negative
PAMD-21385,test,negative
PAMD-21386,train,negative
PAMD-21387,test,negative
PAMD-21388,train,negative
PAMD-21389,train,negative
PAMD-21390,train,negative
PAMD-21391,train,negative
PAMD-21392,train,negative
PAMD-21393,train,negative
PAMD-21394,train,negative
PAMD-21395,train,negative
PAMD-21396,train,negative
PAMD-21397,train,negative
PAMD-21398,test,negative
PAMD-21399,train,negative
PAMD-21400,train,negative
PAMD-21401,train,negative
PAMD-21402,train,negative
PAMD-21403,train,negative
PAMD-21404,train,negative
PAMD-21405,train,negative
PAMD-21406,train,negative
PAMD-21407,train,negative
PAMD-21408,train,negative
PAMD-21409,train,negative
PAMD-21410,train,negative
PAMD-21411,train,negative
PAMD-21412,train,negative
PAMD-21413,train,negative
PAMD-21414,train,negative
PAMD-21415,train,negative
PAMD-21416,train,negative
PAMD-21417,test,negative
PAMD-21418,train,negative
PAMD-21419,train,negative
PAMD-21420,train,negative
PAMD-21421,train,negative
PAMD-21422,train,negative
PAMD-21423,train,negative
PAMD-21424,train,negative
PAMD-21425,train,negative
PAMD-21426,train,negative
PAMD-21427,train,negative
PAMD-21428,train,negative
PAMD-21429,train,negative
PAMD-21430,train,negative
PAMD-21431,train,negative
PAMD-21432,train,negative
PAMD-21433,train,negative
PAMD-21434,train,negative
PAMD-21435,train,negative
PAMD-21436,train,negative
PAMD-21437,test,negative
PAMD-21438,train,negative
PAMD-21439,train,negative
PAMD-21440,train,negative
PAMD-21441,train,negative
PAMD-21442,train,negative
PAMD-21443,train,negative
PAMD-21444,test,negative
PAMD-21445,train,negative
PAMD-21446,test,negative
PAMD-21447,train,negative
PAMD-21448,train,negative
PAMD-21449,train,negative
PAMD-21450,train,negative
PAMD-21451,train,negative
PAMD-21452,train,negative
PAMD-21453,train,negative
PAMD-21454,train,negative
PAMD-21455,train,negative
PAMD-21456,train,negative
PAMD-21457,train,negative
PAMD-21458,train,negative
PAMD-21459,train,negative
PAMD-21460,train,negative
PAMD-21461,train,negative
PAMD-21462,test,negative
PAMD-21463,train,negative
PAMD-21464,train,negative
PAMD-21465,train,negative
PAMD-21466,train,negative
PAMD-21467,train,positive
PAMD-21468,test,positive
PAMD-21469,train,positive
PAMD-21470,train,positive
PAMD-21471,train,positive
PAMD-21472,train,positive
PAMD-21473,train,positive
PAMD-21474,test,positive
PAMD-21475,train,positive
PAMD-21476,train,positive
PAMD-21477,train,positive
PAMD-21478,test,positive
PAMD-21479,test,positive
PAMD-21480,train,positive
PAMD-21481,train,positive
PAMD-21482,train,positive
PAMD-21483,train,positive
PAMD-21484,train,positive
PAMD-21485,train,positive
PAMD-21486,train,positive
PAMD-21487,train,positive
PAMD-21488,train,positive
PAMD-21489,train,positive
PAMD-21490,train,positive
PAMD-21491,train,positive
PAMD-21492,train,positive
PAMD-21493,train,positive
PAMD-21494,test,positive
PAMD-21495,train,positive
PAMD-21496,train,positive
PAMD-21497,train,positive
PAMD-21498,train,positive
PAMD-21499,train,positive
PAMD-21500,train,positive
PAMD-21501,test,positive
PAMD-21502,train,positive
PAMD-21503,train,positive
PAMD-21504,train,positive
PAMD-21505,test,positive
PAMD-21506,train,positive
PAMD-21507,train,positive
PAMD-21508,train,positive
PAMD-21509,train,positive
PAMD-21510,train,positive
PAMD-21511,train,positive
PAMD-21512,train,positive
PAMD-21513,train,positive
PAMD-21514,train,positive
PAMD-21515,train,positive
PAMD-21516,train,positive
PAMD-21517,train,positive
PAMD-21518,train,positive
PAMD-21519,train,positive
PAMD-21520,train,positive
PAMD-21521,train,positive
PAMD-21522,train,positive
PAMD-21523,train,positive
PAMD-21524,train,positive
PAMD-21525,train,positive
PAMD-21526,train,positive
PAMD-21527,train,positive
PAMD-21528,train,positive
PAMD-21529,train,positive
PAMD-21530,train,positive
PAMD-21531,train,positive
PAMD-21532,train,positive
PAMD-21533,train,positive
PAMD-21534,train,positive
PAMD-21535,train,positive
PAMD-21536,test,positive
PAMD-21537,train,positive
PAMD-21538,train,positive
PAMD-21539,train,positive
PAMD-21540,train,positive
PAMD-21541,train,positive
PAMD-21542,train,positive
PAMD-21543,train,positive
PAMD-21544,train,positive
PAMD-21545,train,positive
PAMD-21546,train,positive
PAMD-21547,train,positive
PAMD-21548,train,positive
PAMD-21549,train,positive
PAMD-21550,train,positive
PAMD-21551,train,positive
PAMD-21552,train,positive
PAMD-21553,train,positive
PAMD-21554,train,positive
PAMD-21555,test,positive
PAMD-21556,train,positive
PAMD-21557,train,positive
PAMD-21558,train,positive
PAMD-21559,train,positive
PAMD-21560,train,positive
PAMD-21561,train,positive
PAMD-21562,train,positive
PAMD-21563,train,positive
PAMD-21564,train,positive
PAMD-21565,train,positive
PAMD-21566,train,positive
PAMD-21567,train,positive
PAMD-21568,test,positive
PAMD-21569,train,positive
PAMD-21570,train,positive
PAMD-21571,train,positive
PAMD-21572,train,positive
PAMD-21573,train,positive
PAMD-21574,train,positive
PAMD-21575,train,positive
PAMD-21576,train,positive
PAMD-21577,train,positive
PAMD-21578,train,positive
PAMD-21579,train,positive
PAMD-21580,train,positive
PAMD-21581,train,positive
PAMD-21582,train,positive
PAMD-21583,test,positive
PAMD-21584,test,positive
PAMD-21585,train,positive
PAMD-21586,train,positive
PAMD-21587,train,positive
PAMD-21588,train,positive
PAMD-21589,train,positive
PAMD-21590,train,positive
PAMD-21591,train,positive
PAMD-21592,train,positive
PAMD-21593,train,positive
PAMD-21594,train,positive
PAMD-21595,train,positive
PAMD-21596,train,positive
PAMD-21597,train,positive
PAMD-21598,train,positive
PAMD-21599,train,positive
PAMD-21600,train,positive
PAMD-21601,test,positive
PAMD-21602,train,positive
PAMD-21603,train,positive
PAMD-21604,train,positive
PAMD-21605,train,positive
PAMD-21606,train,positive
PAMD-21607,train,positive
PAMD-21608,train,positive
PAMD-21609,train,positive
PAMD-21610,train,positive
PAMD-21611,train,positive
PAMD-21612,train,positive
PAMD-21613,train,positive
PAMD-21614,test,positive
PAMD-21615,train,positive
PAMD-21616,train,positive
PAMD-21617,test,positive
PAMD-21618,train,positive
PAMD-21619,train,positive
PAMD-21620,train,positive
PAMD-21621,train,positive
PAMD-21622,train,positive
PAMD-21623,train,positive
PAMD-21624,train,positive
PAMD-21625,train,positive
PAMD-21626,train,positive
PAMD-21627,train,positive
PAMD-21628,test,positive
PAMD-21629,train,positive
PAMD-21630,train,positive
PAMD-21631,train,positive
PAMD-21632,train,positive
PAMD-21633,train,positive
PAMD-21634,train,positive
PAMD-21635,train,positive
PAMD-21636,train,positive
PAMD-21637,train,positive
PAMD-21638,train,positive
PAMD-21639,test,positive
PAMD-21640,train,positive
PAMD-21641,train,positive
PAMD-21642,train,positive
PAMD-21643,train,positive
PAMD-21644,train,positive
PAMD-21645,train,positive
PAMD-21646,train,positive
PAMD-21647,train,positive
PAMD-21648,train,positive
PAMD-21649,train,positive
PAMD-21650,train,positive
PAMD-21651,test,positive
PAMD-21652,train,positive
PAMD-21653,train,positive
PAMD-21654,train,positive
PAMD-21655,train,positive
PAMD-21656,train,positive
PAMD-21657,train,positive
PAMD-21658,train,positive
PAMD-21659,test,positive
PAMD-21660,train,positive
PAMD-21661,train,positive
PAMD-21662,train,positive
PAMD-21663,train,positive
PAMD-21664,train,positive
PAMD-21665,train,positive
PAMD-21666,train,positive
PAMD-21667,train,positive
PAMD-21668,train,positive
PAMD-21669,train,positive
PAMD-21670,train,positive
PAMD-21671,train,positive
PAMD-21672,train,positive
PAMD-21673,train,positive
PAMD-21674,train,positive
PAMD-21675,train,positive
PAMD-21676,train,positive
PAMD-21677,test,positive
PAMD-21678,train,positive
PAMD-21679,train,positive
PAMD-21680,train,positive
PAMD-21681,train,positive
PAMD-21682,train,positive
PAMD-21683,train,positive
PAMD-21684,train,positive
PAMD-21685,train,positive
PAMD-21686,train,positive
PAMD-21687,train,positive
PAMD-21688,train,positive
PAMD-21689,train,positive
PAMD-21690,train,positive
PAMD-21691,train,positive
PAMD-21692,train,positive
PAMD-21693,test,positive
PAMD-21694,train,positive
PAMD-21695,train,positive
PAMD-21696,test,positive
PAMD-21697,train,positive
PAMD-21698,train,positive
PAMD-21699,test,positive
PAMD-21700,train,positive
PAMD-21701,train,positive
PAMD-21702,train,positive
PAMD-21703,train,positive
PAMD-21704,train,positive
PAMD-21705,train,positive
PAMD-21706,train,positive
PAMD-21707,train,positive
PAMD-21708,train,positive
PAMD-21709,train,positive
PAMD-21710,train,positive
PAMD-21711,train,positive
PAMD-21712,train,positive
PAMD-21713,train,positive
PAMD-21714,train,positive
PAMD-21715,train,positive
PAMD-21716,train,positive
PAMD-21717,test,positive
PAMD-21718,train,positive
PAMD-21719,train,positive
PAMD-21720,train,positive
PAMD-21721,test,positive
PAMD-21722,train,positive
PAMD-21723,train,positive
PAMD-21724,train,positive
PAMD-21725,train,positive
PAMD-21726,train,positive
PAMD-21727,train,positive
PAMD-21728,train,positive
PAMD-21729,test,positive
PAMD-21730,train,positive
PAMD-21731,train,positive
PAMD-21732,train,positive
PAMD-21733,train,positive
PAMD-21734,train,positive
PAMD-21735,train,positive
PAMD-21736,test,positive
PAMD-21737,test,positive
PAMD-21738,train,positive
PAMD-21739,train,positive
PAMD-21740,train,positive
PAMD-21741,train,positive
PAMD-21742,test,positive
PAMD-21743,train,positive
PAMD-21744,train,positive
PAMD-21745,train,positive
PAMD-21746,train,positive
PAMD-21747,train,positive
PAMD-21748,test,positive
PAMD-21749,train,positive
PAMD-21750,train,positive
PAMD-21751,train,positive
PAMD-21752,test,positive
PAMD-21753,train,positive
PAMD-21754,train,positive
PAMD-21755,train,positive
PAMD-21756,train,positive
PAMD-21757,train,positive
PAMD-21758,train,positive
PAMD-21759,train,positive
PAMD-21760,train,positive
PAMD-21761,train,positive
PAMD-21762,train,positive
PAMD-21763,train,positive
PAMD-21764,train,positive
PAMD-21765,train,positive
PAMD-21766,train,positive
PAMD-21767,train,positive
PAMD-21768,train,positive
PAMD-21769,train,positive
PAMD-21770,train,positive
PAMD-21771,train,positive
PAMD-21772,train,positive
PAMD-21773,train,positive
PAMD-21774,train,positive
PAMD-21775,train,positive
PAMD-21776,train,positive
PAMD-21777,train,positive
PAMD-21778,train,positive
PAMD-21779,train,positive
PAMD-21780,train,positive
PAMD-21781,train,positive
PAMD-21782,train,positive
PAMD-21783,train,positive
PAMD-21784,test,positive
PAMD-21785,train,positive
PAMD-21786,train,positive
PAMD-21787,train,positive
PAMD-21788,train,positive
PAMD-21789,train,positive
PAMD-21790,train,positive
PAMD-21791,train,positive
PAMD-21792,train,positive
PAMD-21793,train,positive
PAMD-21794,train,positive
PAMD-21795,train,positive
PAMD-21796,train,positive
PAMD-21797,train,positive
PAMD-21798,test,positive
PAMD-21799,train,positive
PAMD-21800,train,positive
PAMD-21801,train,positive
PAMD-21802,train,positive
PAMD-21803,train,positive
PAMD-21804,train,positive
PAMD-21805,train,positive
PAMD-21806,train,positive
PAMD-21807,train,positive
PAMD-21808,train,positive
PAMD-21809,train,positive
PAMD-21810,train,positive
PAMD-21811,train,positive
PAMD-21812,train,positive
PAMD-21813,train,positive
PAMD-21814,test,positive
PAMD-21815,train,positive
PAMD-21816,train,positive
PAMD-21817,test,positive
PAMD-21818,train,positive
PAMD-21819,train,positive
PAMD-21820,train,positive
PAMD-21821,train,positive
PAMD-21822,train,positive
PAMD-21823,train,positive
PAMD-21824,train,positive
PAMD-21825,train,positive
PAMD-21826,train,positive
PAMD-21827,train,positive
PAMD-21828,train,positive
PAMD-21829,train,positive
PAMD-21830,train,positive
PAMD-21831,test,positive
PAMD-21832,train,positive
PAMD-21833,train,positive
PAMD-21834,train,positive
PAMD-21835,train,positive
PAMD-21836,train,positive
PAMD-21837,train,positive
PAMD-21838,train,positive
PAMD-21839,test,positive
PAMD-21840,train,positive
PAMD-21841,train,positive
PAMD-21842,train,positive
PAMD-21843,train,positive
PAMD-21844,train,positive
PAMD-21845,train,positive
PAMD-21846,train,positive
PAMD-21847,train,positive
PAMD-21848,train,positive
PAMD-21849,train,positive
PAMD-21850,train,positive
PAMD-21851,train,positive
PAMD-21852,train,positive
PAMD-21853,train,positive
PAMD-21854,train,positive
PAMD-21855,train,positive
PAMD-21856,train,positive
PAMD-21857,test,positive
PAMD-21858,train,positive
PAMD-21859,train,positive
PAMD-21860,train,positive
PAMD-21861,train,positive
PAMD-21862,train,positive
PAMD-21863,train,positive
PAMD-21864,train,positive
PAMD-21865,train,positive
PAMD-21866,train,positive
PAMD-21867,train,positive
PAMD-21868,train,positive
PAMD-21869,train,positive
PAMD-21870,train,positive
PAMD-21871,train,positive
PAMD-21872,test,positive
PAMD-21873,train,positive
PAMD-21874,train,positive
PAMD-21875,train,positive
PAMD-21876,train,positive
PAMD-21877,test,positive
PAMD-21878,train,positive
PAMD-21879,train,positive
PAMD-21880,test,positive
PAMD-21881,test,positive
PAMD-21882,train,positive
PAMD-21883,train,positive
PAMD-21884,train,positive
PAMD-21885,train,positive
PAMD-21886,train,positive
PAMD-21887,train,positive
PAMD-21888,test,positive
PAMD-21889,train,positive
PAMD-21890,train,positive
PAMD-21891,train,positive
PAMD-21892,train,positive
PAMD-21893,train,positive
PAMD-21894,train,positive
PAMD-21895,train,positive
PAMD-21896,test,positive
PAMD-21897,train,positive
PAMD-21898,test,positive
PAMD-21899,train,positive
PAMD-21900,train,positive
PAMD-21901,train,positive
PAMD-21902,train,positive
PAMD-21903,train,positive
PAMD-21904,train,positive
PAMD-21905,train,positive
PAMD-21906,train,positive
PAMD-21907,train,positive
PAMD-21908,train,positive
PAMD-21909,train,positive
PAMD-21910,train,positive
PAMD-21911,train,positive
PAMD-21912,test,positive
PAMD-21913,train,positive
PAMD-21914,train,positive
PAMD-21915,train,positive
PAMD-21916,train,positive
PAMD-21917,train,positive
PAMD-21918,train,positive
PAMD-21919,train,positive
PAMD-21920,train,positive
PAMD-21921,train,positive
PAMD-21922,train,positive
PAMD-21923,train,positive
PAMD-21924,train,positive
PAMD-21925,test,positive
PAMD-21926,train,positive
PAMD-21927,train,positive
PAMD-21928,test,positive
PAMD-21929,test,positive
PAMD-21930,train,positive
PAMD-21931,train,positive
PAMD-21932,train,positive
PAMD-21933,train,positive
PAMD-21934,train,positive
PAMD-21935,train,positive
PAMD-21936,train,positive
PAMD-21937,train,positive
PAMD-21938,test,positive
PAMD-21939,test,positive
PAMD-21940,train,positive
PAMD-21941,train,positive
PAMD-21942,train,positive
PAMD-21943,train,positive
PAMD-21944,test,positive
PAMD-21945,train,positive
PAMD-21946,train,positive
PAMD-21947,test,positive
PAMD-21948,train,positive
PAMD-21949,train,positive
PAMD-21950,train,positive
PAMD-21951,train,positive
PAMD-21952,train,positive
PAMD-21953,train,positive
PAMD-21954,train,positive
PAMD-21955,train,positive
PAMD-21956,train,positive
PAMD-21957,train,positive
PAMD-21958,train,positive
PAMD-21959,train,positive
PAMD-21960,train,positive
PAMD-21961,train,positive
PAMD-21962,train,positive
PAMD-21963,train,positive
PAMD-21964,train,positive
PAMD-21965,train,positive
PAMD-21966,train,positive
PAMD-21967,train,positive
PAMD-21968,test,positive
PAMD-21969,train,positive
PAMD-21970,train,positive
PAMD-21971,test,positive
PAMD-21972,train,positive
PAMD-21973,train,positive
PAMD-21974,train,positive
PAMD-21975,train,positive
PAMD-21976,train,positive
PAMD-21977,train,positive
PAMD-21978,train,positive
PAMD-21979,train,positive
PAMD-21980,train,positive
PAMD-21981,train,positive
PAMD-21982,train,positive
PAMD-21983,train,positive
PAMD-21984,train,positive
PAMD-21985,train,positive
PAMD-21986,train,positive
PAMD-21987,train,positive
PAMD-21988,train,positive
PAMD-21989,train,positive
PAMD-21990,train,positive
PAMD-21991,train,positive
PAMD-21992,train,positive
PAMD-21993,train,positive
PAMD-21994,train,positive
PAMD-21995,train,positive
PAMD-21996,train,positive
PAMD-21997,train,positive
PAMD-21998,train,positive
PAMD-21999,test,positive
PAMD-22000,test,positive
PAMD-22001,train,positive
PAMD-22002,train,positive
PAMD-22003,train,positive
PAMD-22004,train,positive
PAMD-22005,train,positive
PAMD-22006,train,positive
PAMD-22007,test,positive
PAMD-22008,train,positive
PAMD-22009,train,positive
PAMD-22010,train,positive
PAMD-22011,train,positive
PAMD-22012,train,positive
PAMD-22013,train,positive
PAMD-22014,train,positive
PAMD-22015,test,positive
PAMD-22016,train,positive
PAMD-22017,train,positive
PAMD-22018,train,positive
PAMD-22019,train,positive
PAMD-22020,train,positive
PAMD-22021,train,positive
PAMD-22022,train,positive
PAMD-22023,train,positive
PAMD-22024,test,positive
PAMD-22025,train,positive
PAMD-22026,test,positive
PAMD-22027,train,positive
PAMD-22028,train,positive
PAMD-22029,train,positive
PAMD-22030,train,positive
PAMD-22031,train,positive
PAMD-22032,train,positive
PAMD-22033,train,positive
PAMD-22034,train,positive
PAMD-22035,train,positive
PAMD-22036,train,positive
PAMD-22037,train,positive
PAMD-22038,train,positive
PAMD-22039,train,positive
PAMD-22040,train,positive
PAMD-22041,train,positive
PAMD-22042,test,positive
PAMD-22043,train,positive
PAMD-22044,train,positive
PAMD-22045,train,positive
PAMD-22046,train,positive
PAMD-22047,train,positive
PAMD-22048,train,positive
PAMD-22049,test,positive
PAMD-22050,test,positive
PAMD-22051,train,positive
PAMD-22052,train,positive
PAMD-22053,train,positive
PAMD-22054,train,positive
PAMD-22055,train,positive
PAMD-22056,train,positive
PAMD-22057,train,positive
PAMD-22058,train,positive
PAMD-22059,train,positive
PAMD-22060,train,positive
PAMD-22061,train,positive
PAMD-22062,test,positive
PAMD-22063,test,positive
PAMD-22064,train,positive
PAMD-22065,train,positive
PAMD-22066,train,positive
PAMD-22067,train,positive
PAMD-22068,train,positive
PAMD-22069,train,positive
PAMD-22070,train,positive
PAMD-22071,train,positive
PAMD-22072,test,positive
PAMD-22073,train,positive
PAMD-22074,train,positive
PAMD-22075,train,positive
PAMD-22076,train,positive
PAMD-22077,train,positive
PAMD-22078,train,positive
PAMD-22079,train,positive
PAMD-22080,train,positive
PAMD-22081,train,positive
PAMD-22082,train,positive
PAMD-22083,train,positive
PAMD-22084,train,positive
PAMD-22085,train,positive
PAMD-22086,train,positive
PAMD-22087,train,positive
PAMD-22088,test,positive
PAMD-22089,train,positive
PAMD-22090,train,positive
PAMD-22091,train,positive
PAMD-22092,train,positive
PAMD-22093,train,positive
PAMD-22094,train,positive
PAMD-22095,train,positive
PAMD-22096,test,positive
PAMD-22097,train,positive
PAMD-22098,train,positive
PAMD-22099,train,positive
PAMD-22100,train,positive
PAMD-22101,train,positive
PAMD-22102,train,positive
PAMD-22103,train,positive
PAMD-22104,train,positive
PAMD-22105,test,positive
PAMD-22106,train,positive
PAMD-22107,train,positive
PAMD-22108,train,positive
PAMD-22109,train,positive
PAMD-22110,train,positive
PAMD-22111,test,positive
PAMD-22112,train,positive
PAMD-22113,train,positive
PAMD-22114,train,positive
PAMD-22115,train,positive
PAMD-22116,train,positive
PAMD-22117,train,positive
PAMD-22118,train,positive
PAMD-22119,train,positive
PAMD-22120,train,positive
PAMD-22121,test,positive
PAMD-22122,train,positive
PAMD-22123,train,positive
PAMD-22124,train,positive
PAMD-22125,train,positive
PAMD-22126,train,positive
PAMD-22127,train,positive
PAMD-22128,train,positive
PAMD-22129,train,positive
PAMD-22130,train,positive
PAMD-22131,train,positive
PAMD-22132,train,positive
PAMD-22133,train,positive
PAMD-22134,train,positive
PAMD-22135,train,positive
PAMD-22136,train,positive
PAMD-22137,train,positive
PAMD-22138,test,positive
PAMD-22139,test,positive
PAMD-22140,train,positive
PAMD-22141,train,positive
PAMD-22142,train,positive
PAMD-22143,train,positive
PAMD-22144,test,positive
PAMD-22145,train,positive
PAMD-22146,test,positive
PAMD-22147,test,positive
PAMD-22148,train,positive
PAMD-22149,train,positive
PAMD-22150,train,positive
PAMD-22151,train,positive
PAMD-22152,train,positive
PAMD-22153,train,positive
PAMD-22154,train,positive
PAMD-22155,train,positive
PAMD-22156,test,positive
PAMD-22157,train,positive
PAMD-22158,train,positive
PAMD-22159,train,positive
PAMD-22160,train,positive
PAMD-22161,train,positive
PAMD-22162,train,positive
PAMD-22163,train,positive
PAMD-22164,train,positive
PAMD-22165,train,positive
PAMD-22166,test,positive
PAMD-22167,train,positive
PAMD-22168,test,positive
PAMD-22169,train,positive
PAMD-22170,train,positive
PAMD-22171,test,positive
PAMD-22172,train,positive
PAMD-22173,train,positive
PAMD-22174,train,positive
PAMD-22175,train,positive
PAMD-22176,train,positive
PAMD-22177,train,positive
PAMD-22178,train,positive
PAMD-22179,train,positive
PAMD-22180,train,positive
PAMD-22181,train,positive
PAMD-22182,test,positive
PAMD-22183,train,positive
PAMD-22184,train,positive
PAMD-22185,train,positive
PAMD-22186,train,positive
PAMD-22187,train,positive
PAMD-22188,train,positive
PAMD-22189,train,positive
PAMD-22190,train,positive
PAMD-22191,train,positive
PAMD-22192,train,positive
PAMD-22193,train,positive
PAMD-22194,train,positive
PAMD-22195,train,positive
PAMD-22196,train,positive
PAMD-22197,train,positive
